0,35.1
0.002,38.3
0.004,43.2
0.006,49.1
0.008,55.3
0.01,57.5
0.012,57.3
0.014,53
0.016,45.3
0.018,36.8
0.02,29.7
0.022,27.1
0.024,29.8
0.026,36.1
0.028,41.7
0.03,45.3
0.032,46.8
0.034,44
0.036,39
0.038,32.2
0.04,26.4
0.042,25.1
0.044,28.4
0.046,34.8
0.048,41
0.05,44.5
0.052,45.6
0.054,42.4
0.056,36.2
0.058,28.3
0.06,21.6
0.062,19.7
0.064,22.2
0.066,28.7
0.068,34.1
0.07,36.9
0.072,37.5
0.074,33.6
0.076,27.3
0.078,18.9
0.08,12.7
0.082,11
0.084,15
0.086,22.5
0.088,28.8
0.09,32.5
0.092,33.4
0.094,30.9
0.096,25.6
0.098,18.1
0.1,12.9
0.102,11.3
0.104,15.6
0.106,22.6
0.108,28.8
0.11,32.9
0.112,34.3
0.114,31.7
0.116,26.3
0.118,17.9
0.12,11.5
0.122,9.48
0.124,12.7
0.126,20
0.128,25.7
0.13,29.7
0.132,30.2
0.134,26.5
0.136,19.4
0.138,9.99
0.14,2.02
0.142,-1.48
0.144,0.24
0.146,6.48
0.148,13.6
0.15,19.7
0.152,24.8
0.154,27.4
0.156,28.1
0.158,25.9
0.16,23.7
0.162,21.5
0.164,20.1
0.166,18.9
0.168,15.1
0.17,9.8
0.172,3.94
0.174,-2.63
0.176,-7.92
0.178,-15.5
0.18,-19.6
0.182,-19.3
0.184,-13.8
0.186,-6.19
0.188,0.367
0.19,4
0.192,3.62
0.194,-0.142
0.196,-7.09
0.198,-15.9
0.2,-22.6
0.202,-25
0.204,-20.7
0.206,-12.9
0.208,-6
0.21,-1.93
0.212,-1.23
0.214,-4.03
0.216,-10.1
0.218,-17.9
0.22,-23.4
0.222,-24.5
0.224,-20.7
0.226,-13.6
0.228,-7.66
0.23,-3.65
0.232,-3.01
0.234,-5.3
0.236,-10.8
0.238,-18
0.24,-23.3
0.242,-24.9
0.244,-20.7
0.246,-13.5
0.248,-7.34
0.25,-3.46
0.252,-3.2
0.254,-5.49
0.256,-10.6
0.258,-18.2
0.26,-23.4
0.262,-24.9
0.264,-20.5
0.266,-13.6
0.268,-7.66
0.27,-3.71
0.272,-2.75
0.274,-5.3
0.276,-10.3
0.278,-17.8
0.28,-22.7
0.282,-23.5
0.284,-18.4
0.286,-11.2
0.288,-4.47
0.29,-0.0786
0.292,1.45
0.294,-0.206
0.296,-4.67
0.298,-11.1
0.3,-15.2
0.302,-14.7
0.304,-8.81
0.306,0.75
0.308,9.35
0.31,16.1
0.312,19.7
0.314,20.8
0.316,18.6
0.318,15
0.32,13.8
0.322,16.4
0.324,25.4
0.326,36.9
0.328,47.3
0.33,54.5
0.332,58
0.334,56.8
0.336,52.2
0.338,43.1
0.34,35
0.342,29.6
0.344,28
0.346,28.7
0.348,26.8
0.35,21.7
0.352,13.3
0.354,2.72
0.356,-10.2
0.358,-22.8
0.36,-30.4
0.362,-30.9
0.364,-21.4
0.366,-5.75
0.368,12.1
0.37,28.1
0.372,40.6
0.374,47.5
0.376,48.3
0.378,44.1
0.38,39.9
0.382,38.1
0.384,43.9
0.386,51.2
0.388,57.3
0.39,59
0.392,56.2
0.394,47.5
0.396,33.8
0.398,15.5
0.4,-0.779
0.402,-12.4
0.404,-16.4
0.406,-14.2
0.408,-7.53
0.41,2.28
0.412,14.9
0.414,28.2
0.416,37.5
0.418,40.9
0.42,39.7
0.422,32.5
0.424,23.3
0.426,13.4
0.428,3.87
0.43,-1.03
0.432,-2.12
0.434,-3.77
0.436,-6.64
0.438,-11
0.44,-12.2
0.442,-9.64
0.444,-2.05
0.446,7.57
0.448,15.6
0.45,20.4
0.452,22.5
0.454,20.1
0.456,13.2
0.458,4.19
0.46,-2.05
0.462,-4.47
0.464,-0.397
0.466,6.36
0.468,11.6
0.47,14.9
0.472,14.8
0.474,10.9
0.476,4
0.478,-4.41
0.48,-10.4
0.482,-12.4
0.484,-7.47
0.486,-0.333
0.488,6.36
0.49,10.5
0.492,10.8
0.494,8.4
0.496,1.64
0.498,-6.45
0.5,-11.5
0.502,-12.6
0.504,-6.64
0.506,1.45
0.508,9.29
0.51,15.2
0.512,18.1
0.514,17.5
0.516,14.5
0.518,9.61
0.52,8.27
0.522,11.1
0.524,20.8
0.526,32.5
0.528,43.2
0.53,51.1
0.532,54.8
0.534,54.4
0.536,49.6
0.538,41.8
0.54,35.9
0.542,32.5
0.544,34.1
0.546,36.5
0.548,37.6
0.55,34.9
0.552,29
0.554,18.9
0.556,5.59
0.558,-9.25
0.56,-20.8
0.562,-27.2
0.564,-26.3
0.566,-22
0.568,-17
0.57,-13.2
0.572,-11.1
0.574,-11.2
0.576,-13.5
0.578,-15.2
0.58,-13.3
0.582,-5.88
0.584,7.12
0.586,22.4
0.588,36.5
0.59,45.9
0.592,49.8
0.594,48.1
0.596,41.3
0.598,32.7
0.6,26.5
0.602,24.1
0.604,27.1
0.606,32.4
0.608,37
0.61,38.3
0.612,37.1
0.614,32.2
0.616,24.3
0.618,15.4
0.62,9.1
0.622,6.87
0.624,11.1
0.626,17.6
0.628,23.3
0.63,27.3
0.632,28
0.634,25.4
0.636,20.1
0.638,12.9
0.64,8.71
0.642,8.65
0.644,14.6
0.646,23.7
0.648,32
0.65,37
0.652,39.2
0.654,38.5
0.656,34.4
0.658,28.5
0.66,26.3
0.662,27.2
0.664,33.8
0.666,42.4
0.668,49.6
0.67,54.3
0.672,55.7
0.674,53.8
0.676,48
0.678,40.4
0.68,36
0.682,35.7
0.684,42
0.686,50.1
0.688,57.2
0.69,61.8
0.692,62.7
0.694,59.8
0.696,53.4
0.698,45.2
0.7,40.4
0.702,40.1
0.704,45.4
0.706,53.2
0.708,60.8
0.71,64.6
0.712,65.7
0.714,62.5
0.716,55.8
0.718,47.5
0.72,42.3
0.722,41.5
0.724,46.6
0.726,54.2
0.728,61.2
0.73,64.8
0.732,65.6
0.734,62.2
0.736,55.7
0.738,47.3
0.74,42.2
0.742,41.4
0.744,46.8
0.746,54.3
0.748,61.1
0.75,64.1
0.752,64.5
0.754,60.8
0.756,53.9
0.758,45.2
0.76,39.4
0.762,37.8
0.764,42
0.766,47.5
0.768,52
0.77,52.5
0.772,49.9
0.774,42.3
0.776,30.9
0.778,17.4
0.78,6.67
0.782,-1.1
0.784,-2.37
0.786,-1.67
0.788,-0.779
0.79,-1.67
0.792,-4.09
0.794,-7.72
0.796,-12.1
0.798,-14.8
0.8,-11.7
0.802,-2.12
0.804,14.6
0.806,35.1
0.808,51.6
0.81,60.2
0.812,60.2
0.814,49.9
0.816,29.5
0.818,4.89
0.82,-16.2
0.822,-27.7
0.824,-27
0.826,-19.3
0.828,-11.1
0.83,-5.49
0.832,-2.56
0.834,-3.07
0.836,-7.28
0.838,-14.2
0.84,-19.3
0.842,-19.2
0.844,-14.6
0.846,-7.72
0.848,-1.93
0.85,0.495
0.852,-0.779
0.854,-5.62
0.856,-13.3
0.858,-23.2
0.86,-30
0.862,-32.5
0.864,-28.6
0.866,-22
0.868,-16.1
0.87,-13.6
0.872,-13.8
0.874,-17.3
0.876,-23.1
0.878,-30.9
0.88,-36.6
0.882,-37.3
0.884,-31.9
0.886,-24.8
0.888,-18.6
0.89,-15.9
0.892,-15.4
0.894,-18.6
0.896,-24.7
0.898,-32.4
0.9,-37.3
0.902,-37.8
0.904,-32.6
0.906,-25.6
0.908,-19.6
0.91,-17.3
0.912,-17.1
0.914,-20.6
0.916,-26.8
0.918,-35.6
0.92,-42.8
0.922,-44.3
0.924,-38.8
0.926,-31.5
0.928,-24.3
0.93,-21
0.932,-20.3
0.934,-23.3
0.936,-28.5
0.938,-35.8
0.94,-39.6
0.942,-38.7
0.944,-31.3
0.946,-22.1
0.948,-14.1
0.95,-8.81
0.952,-6.51
0.954,-6.96
0.956,-10.7
0.958,-15.9
0.96,-18
0.962,-15.2
0.964,-5.81
0.966,5.85
0.968,16.9
0.97,25.4
0.972,31.1
0.974,32.4
0.976,33.1
0.978,30.1
0.98,29.4
0.982,33.1
0.984,42.7
0.986,52.2
0.988,59.4
0.99,62.5
0.992,62.1
0.994,56.1
0.996,46.8
0.998,36
1,27.7
1.002,23.5
1.004,26.4
1.006,30.9
1.008,35
1.01,36.2
1.012,38.7
1.014,29.9
1.016,19.1
1.018,7.31
1.02,0.0488
1.022,-0.588
1.024,5.4
1.026,14.1
1.028,22.2
1.03,26.5
1.032,28.1
1.034,24.8
1.036,18.2
1.038,10.5
1.04,6.36
1.042,7.63
1.044,15.8
1.046,25.6
1.048,35
1.05,39
1.052,39.4
1.054,35.9
1.056,28.7
1.058,18.8
1.06,12.2
1.062,11.7
1.064,18.7
1.066,26.8
1.068,32.9
1.07,35.6
1.072,33.3
1.074,25.5
1.076,14
1.078,-0.716
1.08,-12.5
1.082,-18.4
1.084,-15.9
1.086,-12.8
1.088,-10.3
1.09,-10.5
1.092,-16
1.094,-26.5
1.096,-39
1.098,-51.2
1.1,-57.6
1.102,-56
1.104,-46.9
1.106,-35.9
1.108,-25.9
1.11,-19.4
1.112,-17
1.114,-20.3
1.116,-26.4
1.118,-35.1
1.12,-40
1.122,-39.5
1.124,-32.8
1.126,-23.8
1.128,-16.8
1.13,-12.8
1.132,-11.4
1.134,-15.2
1.136,-22
1.138,-30.7
1.14,-35.6
1.142,-35.2
1.144,-28.1
1.146,-19.7
1.148,-12.4
1.15,-9.06
1.152,-8.36
1.154,-12.5
1.156,-19.3
1.158,-28
1.16,-33.2
1.162,-33
1.164,-26.5
1.166,-18.7
1.168,-11.9
1.17,-8.62
1.172,-7.98
1.174,-12.2
1.176,-18.8
1.178,-27.5
1.18,-32.3
1.182,-32.4
1.184,-25.4
1.186,-17.5
1.188,-10.8
1.19,-7.34
1.192,-6.77
1.194,-10.7
1.196,-17.5
1.198,-25.3
1.2,-30.7
1.202,-29.9
1.204,-24.7
1.206,-16.9
1.208,-11
1.21,-8.23
1.212,-8.11
1.214,-12.2
1.216,-19.1
1.218,-27.5
1.22,-32.5
1.222,-32.1
1.224,-26.2
1.226,-18.2
1.228,-11.7
1.23,-8.04
1.232,-7.09
1.234,-11.2
1.236,-17.6
1.238,-25.9
1.24,-30.3
1.242,-31
1.244,-24.7
1.246,-17.3
1.248,-10.7
1.25,-7.6
1.252,-7.79
1.254,-10.6
1.256,-16.3
1.258,-23.5
1.26,-26.6
1.262,-24.7
1.264,-17.7
1.266,-8.62
1.268,-0.652
1.27,4.13
1.272,7.44
1.274,6.42
1.276,3.62
1.278,-0.333
1.28,-1.1
1.282,3.3
1.284,13
1.286,23.4
1.288,32.7
1.29,38.7
1.292,40.9
1.294,39.9
1.296,38
1.298,33.2
1.3,30.3
1.302,32.2
1.304,39
1.306,44.5
1.308,48.6
1.31,48.5
1.312,44.3
1.314,34.5
1.316,21.3
1.318,5.72
1.32,-7.41
1.322,-14.5
1.324,-16.8
1.326,-15.8
1.328,-14.1
1.33,-13.8
1.332,-14
1.334,-16.3
1.336,-19.1
1.338,-21.1
1.34,-19.1
1.342,-10.3
1.344,3.04
1.346,19.8
1.348,34.2
1.35,44.6
1.352,50.3
1.354,49.6
1.356,45.2
1.358,37.5
1.36,33
1.362,32.9
1.364,38.5
1.366,45.1
1.368,50.4
1.37,53
1.372,53
1.374,48.2
1.376,42.2
1.378,34.3
1.38,28.8
1.382,28.4
1.384,33.6
1.386,41.1
1.388,46.7
1.39,49.4
1.392,49.2
1.394,44.3
1.396,37.6
1.398,28.1
1.4,22.4
1.402,21.5
1.404,25.4
1.406,31.3
1.408,34.3
1.41,34.5
1.412,31.4
1.414,23.7
1.416,14.1
1.418,2.15
1.42,-4.98
1.422,-5.94
1.424,-0.0786
1.426,9.99
1.428,20
1.43,28.1
1.432,33.1
1.434,34.6
1.436,32.8
1.438,27.4
1.44,23
1.442,21.2
1.444,24.7
1.446,28.3
1.448,29.9
1.45,29.5
1.452,25.9
1.454,17.4
1.456,6.93
1.458,-6.07
1.46,-11.7
1.462,-9.76
1.464,-1.93
1.466,7.38
1.468,13.3
1.47,15.5
1.472,15
1.474,9.1
1.476,1.07
1.478,-9.19
1.48,-15.1
1.482,-14.6
1.484,-8.68
1.486,-0.588
1.488,4.89
1.49,7.76
1.492,6.1
1.494,0.622
1.496,-6.9
1.498,-16.8
1.5,-22.8
1.502,-22.4
1.504,-16.9
1.506,-8.81
1.508,-3.39
1.51,-1.35
1.512,-2.18
1.514,-6.19
1.516,-12.4
1.518,-20.9
1.52,-25.2
1.522,-24.6
1.524,-18.6
1.526,-10.5
1.528,-5.18
1.53,-1.93
1.532,-2.18
1.534,-6.96
1.536,-13.5
1.538,-22.4
1.54,-26.9
1.542,-26.1
1.544,-20.1
1.546,-12.4
1.548,-6.58
1.55,-4.22
1.552,-4.47
1.554,-9.25
1.556,-15.8
1.558,-24.2
1.56,-28.5
1.562,-27.9
1.564,-21.7
1.566,-13.6
1.568,-8.17
1.57,-5.11
1.572,-5.49
1.574,-8.87
1.576,-15.4
1.578,-23.6
1.58,-26.5
1.582,-24.9
1.584,-18.3
1.586,-9.38
1.588,-2.5
1.59,1.9
1.592,4.57
1.594,2.53
1.596,-1.54
1.598,-7.41
1.6,-7.98
1.602,-3.84
1.604,6.74
1.606,19
1.608,29.3
1.61,37.3
1.612,42
1.614,42.7
1.616,40.5
1.618,35.2
1.62,34.4
1.622,36.5
1.624,41.8
1.626,47.7
1.628,49.9
1.63,47.6
1.632,40.5
1.634,28.1
1.636,13.2
1.638,-4.28
1.64,-15.9
1.642,-22.4
1.644,-21.2
1.646,-16.2
1.648,-10
1.65,-3.33
1.652,3.23
1.654,8.78
1.656,14.3
1.658,18
1.66,25.3
1.662,34.6
1.664,46.2
1.666,56.1
1.668,61.3
1.67,64.5
1.672,64.4
1.674,58.6
1.676,50.4
1.678,39
1.68,31.5
1.682,26.9
1.684,26.9
1.686,28.1
1.688,26.6
1.69,22.2
1.692,14.8
1.694,3.49
1.696,-8.93
1.698,-20.8
1.7,-25.8
1.702,-23
1.704,-11.3
1.706,4.57
1.708,20.5
1.71,34.2
1.712,42.6
1.714,45
1.716,42.2
1.718,32.3
1.72,23.6
1.722,16.8
1.724,15.4
1.726,16.4
1.728,15.3
1.73,11.7
1.732,5.46
1.734,-2.63
1.736,-8.3
1.738,-14.9
1.74,-18.6
1.742,-18.2
1.744,-10.2
1.746,-0.397
1.748,6.67
1.75,9.73
1.752,8.65
1.754,3.68
1.756,-3.39
1.758,-14.3
1.76,-19.1
1.762,-18.6
1.764,-12.8
1.766,-6.32
1.768,-3.01
1.77,-3.39
1.772,-7.41
1.774,-14.6
1.776,-23.2
1.778,-34
1.78,-38.1
1.782,-37.2
1.784,-29.8
1.786,-20.9
1.788,-14.4
1.79,-11
1.792,-11.9
1.794,-16.8
1.796,-23.7
1.798,-33
1.8,-36.8
1.802,-36
1.804,-28.7
1.806,-20
1.808,-12.9
1.81,-9
1.812,-8.49
1.814,-11.4
1.816,-16.1
1.818,-22.3
1.82,-22
1.822,-16
1.824,-3.2
1.826,11.9
1.828,25.2
1.83,34.9
1.832,40.1
1.834,40.3
1.836,37.2
1.838,30.4
1.84,28.1
1.842,28.3
1.844,33.9
1.846,38.5
1.848,38.8
1.85,35.5
1.852,27.5
1.854,14.7
1.856,-0.27
1.858,-17
1.86,-26.3
1.862,-30.5
1.864,-26
1.866,-19.4
1.868,-13.7
1.87,-8.36
1.872,-5.18
1.874,-3.26
1.876,-2.44
1.878,-2.18
1.88,3.49
1.882,13.3
1.884,28.4
1.886,42.6
1.888,52.7
1.89,57.7
1.892,56.8
1.894,52.5
1.896,44.8
1.898,35
1.9,30.1
1.902,29.5
1.904,33.9
1.906,39.2
1.908,42.2
1.91,42.9
1.912,39.9
1.914,34.1
1.916,26.3
1.918,17.4
1.92,13.6
1.922,14.4
1.924,20.6
1.926,28.1
1.928,33.6
1.93,36.2
1.932,35.7
1.934,31.9
1.936,26.2
1.938,18.7
1.94,16.7
1.942,18.9
1.944,25.9
1.946,33.8
1.948,39.6
1.95,43.5
1.952,43.6
1.954,40.1
1.956,34.1
1.958,26.8
1.96,24.8
1.962,26.8
1.964,33.6
1.966,41.1
1.968,46.2
1.97,49
1.972,48.3
1.974,44.5
1.976,38.7
1.978,31.5
1.98,29.3
1.982,30.8
1.984,37.8
1.986,44.6
1.988,49.7
1.99,51.6
1.992,49.9
1.994,45.2
1.996,38.3
1.998,29.9
2,27.1
2.002,28.9
2.004,35.2
2.006,42.7
2.008,48.6
2.01,51.8
2.012,51.4
2.014,47.5
2.016,41.4
2.018,34.1
2.02,31.3
2.022,33.1
2.024,39.6
2.026,46.8
2.028,52.4
2.03,55
2.032,54.2
2.034,50
2.036,43.4
2.038,36.2
2.04,32.9
2.042,34.5
2.044,40.4
2.046,47.8
2.048,53.4
2.05,55.8
2.052,55.2
2.054,51.1
2.056,44.9
2.058,37.4
2.06,35.1
2.062,36.7
2.064,43.6
2.066,50.6
2.068,54.8
2.07,54.7
2.072,50.3
2.074,40.8
2.076,27.8
2.078,13
2.08,3.81
2.082,-0.206
2.084,3.81
2.086,10.5
2.088,18
2.09,25.3
2.092,32.6
2.094,38.8
2.096,43.5
2.098,46.8
2.1,52.7
2.102,59.9
2.104,68.4
2.106,71.9
2.108,68.7
2.11,56.8
2.112,40.1
2.114,20.6
2.116,2.47
2.118,-10
2.12,-14.2
2.122,-11.5
2.124,-2.5
2.126,7.5
2.128,14.8
2.13,18.7
2.132,18.8
2.134,15.1
2.136,8.97
2.138,1.83
2.14,-0.843
2.142,0.622
2.144,6.99
2.146,14.3
2.148,18.7
2.15,19.5
2.152,17.8
2.154,11.8
2.156,3.36
2.158,-5.94
2.16,-10.5
2.162,-10.2
2.164,-5.18
2.166,1.2
2.168,4.95
2.17,5.78
2.172,3.94
2.174,-2.18
2.176,-10.1
2.178,-18.9
2.18,-22.6
2.182,-21.9
2.184,-16.5
2.186,-9.64
2.188,-4.6
2.19,-3.26
2.192,-4.67
2.194,-9.44
2.196,-15.9
2.198,-23.6
2.2,-26.3
2.202,-24.9
2.204,-19.1
2.206,-11.8
2.208,-7.41
2.21,-5.49
2.212,-6.13
2.214,-10.9
2.216,-17
2.218,-24.2
2.22,-26.9
2.222,-25.2
2.224,-19.3
2.226,-12.2
2.228,-7.09
2.23,-4.86
2.232,-5.43
2.234,-9.44
2.236,-14.6
2.238,-21.1
2.24,-22.3
2.242,-19.1
2.244,-12.5
2.246,-3.39
2.248,3.68
2.25,7.44
2.252,9.8
2.254,8.97
2.256,7.12
2.258,5.15
2.26,7.38
2.262,14.1
2.264,24.3
2.266,35.9
2.268,44.3
2.27,49.7
2.272,51.5
2.274,49.4
2.276,44.9
2.278,38.3
2.28,34.6
2.282,33.9
2.284,36
2.286,38
2.288,36.7
2.29,31.4
2.292,23
2.294,10.7
2.296,-3.26
2.298,-17.8
2.3,-26.4
2.302,-28.6
2.304,-25.4
2.306,-19.9
2.308,-16.6
2.31,-14.6
2.312,-15.1
2.314,-18.8
2.316,-23.6
2.318,-29.8
2.32,-30.5
2.322,-27
2.324,-19.1
2.326,-9.89
2.328,-4.54
2.33,-1.86
2.332,-2.5
2.334,-6.96
2.336,-14.2
2.338,-21.8
2.34,-24.7
2.342,-23.1
2.344,-17.2
2.346,-9.13
2.348,-4.22
2.35,-0.206
2.352,1.96
2.354,1.32
2.356,1.26
2.358,0.622
2.36,6.17
2.362,17.4
2.364,32.9
2.366,49.7
2.368,60.4
2.37,67.9
2.372,69.3
2.374,63.7
2.376,51.7
2.378,35
2.38,20.2
2.382,8.9
2.384,2.66
2.386,-0.206
2.388,-0.206
2.39,1.2
2.392,1.83
2.394,-0.525
2.396,-3.77
2.398,-9.64
2.4,-10.5
2.402,-8.3
2.404,-1.23
2.406,6.23
2.408,10.6
2.41,12.3
2.412,10.8
2.414,5.72
2.416,-0.652
2.418,-9.38
2.42,-13.9
2.422,-12.8
2.424,-6.58
2.426,0.686
2.428,5.15
2.43,6.48
2.432,4.7
2.434,-1.48
2.436,-9.64
2.438,-19.8
2.44,-23.9
2.442,-23
2.444,-16.2
2.446,-8.42
2.448,-3.77
2.45,-1.23
2.452,-2.69
2.454,-8.04
2.456,-15.4
2.458,-23.1
2.46,-24.5
2.462,-20.7
2.464,-11.2
2.466,-0.27
2.468,7.76
2.47,13.2
2.472,14.7
2.474,12.4
2.476,7.06
2.478,0.813
2.48,0.559
2.482,5.66
2.484,15.7
2.486,27.1
2.488,35.2
2.49,40.4
2.492,41.5
2.494,38.1
2.496,31.7
2.498,25.2
2.5,24.1
2.502,28.1
2.504,36.6
2.506,46.5
2.508,52.7
2.51,56.2
2.512,55.4
2.514,50.6
2.516,43.6
2.518,35.5
2.52,33.2
2.522,36
2.524,43.6
2.526,52.2
2.528,57.6
2.53,59.6
2.532,57.5
2.534,51
2.536,41.8
2.538,31.9
2.54,27.4
2.542,27.1
2.544,31.2
2.546,35.3
2.548,36.1
2.55,33.4
2.552,26.5
2.554,15.1
2.556,2.09
2.558,-12.5
2.56,-20.3
2.562,-22.5
2.564,-18.9
2.566,-13.8
2.568,-9.57
2.57,-6.7
2.572,-4.79
2.574,-4.67
2.576,-4.28
2.578,-2.12
2.58,6.29
2.582,19.9
2.584,36.6
2.586,51.6
2.588,60.6
2.59,63.2
2.592,61.8
2.594,55.9
2.596,46.8
2.598,37
2.6,32
2.602,32.2
2.604,36.8
2.606,43.1
2.608,47.2
2.61,49.2
2.612,48
2.614,43.1
2.616,37.2
2.618,30.5
2.62,29.9
2.622,34.6
2.624,43.8
2.626,53.5
2.628,60.2
2.63,63.9
2.632,63.3
2.634,58.2
2.636,50.6
2.638,42.9
2.64,40.3
2.642,42.6
2.644,49.4
2.646,57
2.648,62.1
2.65,64.1
2.652,62.9
2.654,57.8
2.656,51.2
2.658,43.6
2.66,41.4
2.662,44.2
2.664,50.8
2.666,58.6
2.668,62.7
2.67,64.5
2.672,63.2
2.674,57.8
2.676,50.3
2.678,42.8
2.68,39.9
2.682,42.5
2.684,49
2.686,56.6
2.688,61.8
2.69,63.3
2.692,61.3
2.694,55.4
2.696,47.1
2.698,37.9
2.7,33.8
2.702,35
2.704,39.6
2.706,44.2
2.708,45.9
2.71,43.5
2.712,36.8
2.714,25.5
2.716,11.5
2.718,-2.82
2.72,-11.6
2.722,-14.7
2.724,-12.4
2.726,-7.41
2.728,-3.84
2.73,-0.907
2.732,1.07
2.734,2.09
2.736,3.68
2.738,7.12
2.74,17.1
2.742,32.3
2.744,48.1
2.746,60.3
2.748,65.2
2.75,62
2.752,48.5
2.754,27.4
2.756,4.25
2.758,-16.5
2.76,-25.2
2.762,-22.9
2.764,-15
2.766,-5.05
2.768,2.22
2.77,7.12
2.772,7.57
2.774,3.62
2.776,-2.5
2.778,-9.89
2.78,-11.5
2.782,-9.25
2.784,-2.31
2.786,5.46
2.788,10.5
2.79,12
2.792,8.65
2.794,2.15
2.796,-7.28
2.798,-15.9
2.8,-19.7
2.802,-17.5
2.804,-11.5
2.806,-3.84
2.808,1.96
2.81,4.7
2.812,3.23
2.814,-2.05
2.816,-9.38
2.818,-17.7
2.82,-19.8
2.822,-16.5
2.824,-8.62
2.826,0.622
2.828,6.17
2.83,9.03
2.832,7.44
2.834,0.686
2.836,-8.36
2.838,-17.5
2.84,-19.4
2.842,-15.8
2.844,-8.04
2.846,-0.142
2.848,5.21
2.85,7.06
2.852,5.21
2.854,-0.27
2.856,-7.79
2.858,-15.6
2.86,-17.3
2.862,-13.4
2.864,-6
2.866,2.28
2.868,7.06
2.87,9.86
2.872,8.97
2.874,4.19
2.876,-1.54
2.878,-7.41
2.88,-8.11
2.882,-2.95
2.884,6.1
2.886,16.1
2.888,23.6
2.89,29.4
2.892,32.1
2.894,31.6
2.896,30
2.898,29.2
2.9,33.2
2.902,40.8
2.904,50.8
2.906,60.6
2.908,65
2.91,65
2.912,58.8
2.914,46.9
2.916,32
2.918,15
2.92,2.34
2.922,-4.98
2.924,-7.41
2.926,-6.83
2.928,-5.75
2.93,-4.03
2.932,-2.05
2.934,-0.397
2.936,2.6
2.938,5.66
2.94,12.8
2.942,22.2
2.944,35.2
2.946,46.9
2.948,53.7
2.95,56.1
2.952,53.6
2.954,45.5
2.956,36.2
2.958,25.4
2.96,19.5
2.962,18.2
2.964,21.3
2.966,22.5
2.968,19.7
2.97,14
2.972,3.36
2.974,-10.4
2.976,-24.7
2.978,-36.8
2.98,-40
2.982,-33.7
2.984,-19.1
2.986,-0.716
2.988,15.9
2.99,30.4
2.992,38.1
2.994,38.5
2.996,34.1
2.998,23.4
3,14.2
3.002,7.25
3.004,3.11
3.006,-1.03
3.008,-4.16
3.01,-5.94
3.012,-10.2
3.014,-15.9
3.016,-22.1
3.018,-25.6
3.02,-24.2
3.022,-18.2
3.024,-8.23
3.026,1.58
3.028,8.2
3.03,11.5
3.032,9.99
3.034,4.89
3.036,-2.69
3.038,-10.2
3.04,-11.7
3.042,-8.62
3.044,-1.42
3.046,6.23
3.048,11
3.05,13.4
3.052,11.1
3.054,5.53
3.056,-2.63
3.058,-10.2
3.06,-12.9
3.062,-10.2
3.064,-3.9
3.066,2.66
3.068,6.61
3.07,7.89
3.072,4.7
3.074,-2.24
3.076,-10.9
3.078,-19.4
3.08,-22.8
3.082,-20.8
3.084,-14.5
3.086,-8.36
3.088,-3.58
3.09,-1.74
3.092,-4.22
3.094,-10.2
3.096,-17.8
3.098,-25.8
3.1,-26.6
3.102,-21.4
3.104,-11.3
3.106,-0.716
3.108,8.01
3.11,13.7
3.112,16
3.114,15.1
3.116,12.6
3.118,10.8
3.12,14.8
3.122,24.4
3.124,37.4
3.126,49.9
3.128,57.1
3.13,58.9
3.132,54.5
3.134,44.2
3.136,29.7
3.138,14.9
3.14,4.38
3.142,0.686
3.144,0.622
3.146,2.28
3.148,2.72
3.15,2.22
3.152,-0.461
3.154,-4.92
3.156,-9.19
3.158,-11.3
3.16,-7.66
3.162,2.28
3.164,16.1
3.166,29.7
3.168,39.2
3.17,44.6
3.172,44.9
3.174,41.5
3.176,35.7
3.178,29.2
3.18,28.3
3.182,32.2
3.184,40
3.186,47.1
3.188,51
3.19,51.3
3.192,47.1
3.194,40.4
3.196,32
3.198,24.3
3.2,21.3
3.202,23.2
3.204,29.4
3.206,35
3.208,38.1
3.21,38.7
3.212,35.4
3.214,29.2
3.216,21.3
3.218,14.1
3.22,11.8
3.222,14.2
3.224,20.4
3.226,27.1
3.228,31.1
3.23,32.8
3.232,31
3.234,26.4
3.236,20.2
3.238,15.1
3.24,14.6
3.242,19.2
3.244,26.9
3.246,35.5
3.248,41.3
3.25,44.4
3.252,43.4
3.254,40.4
3.256,35.4
3.258,31.3
3.26,31.6
3.262,37.1
3.264,45.8
3.266,54.3
3.268,59.6
3.27,62.7
3.272,61.7
3.274,57.1
3.276,51.3
3.278,45.3
3.28,43.4
3.282,46.4
3.284,53.3
3.286,60.7
3.288,65.2
3.29,66.6
3.292,63.8
3.294,58.7
3.296,51.1
3.298,44.4
3.3,42.4
3.302,45.3
3.304,52.3
3.306,59.2
3.308,64
3.31,65.3
3.312,62.8
3.314,57
3.316,49.3
3.318,42.6
3.32,40.6
3.322,44.3
3.324,51.1
3.326,57.9
3.328,62.3
3.33,64
3.332,60.6
3.334,54.1
3.336,46.2
3.338,38.3
3.34,35.6
3.342,38.7
3.344,44.4
3.346,49.9
3.348,52.6
3.35,52.9
3.352,47.7
3.354,38.9
3.356,28.1
3.358,17.6
3.36,12.4
3.362,12.2
3.364,15.8
3.366,19.5
3.368,19.9
3.37,17.4
3.372,10.6
3.374,1.07
3.376,-10.3
3.378,-19.9
3.38,-23.9
3.382,-21.4
3.384,-14.5
3.386,-6.51
3.388,-0.27
3.39,4.06
3.392,5.08
3.394,4.32
3.396,2.6
3.398,3.23
3.4,8.71
3.402,21
3.404,37.2
3.406,51.6
3.408,61.5
3.41,67.2
3.412,65.7
3.414,58.9
3.416,47.7
3.418,35
3.42,24.8
3.422,19
3.424,16.7
3.426,14.3
3.428,10.5
3.43,6.1
3.432,0.559
3.434,-5.49
3.436,-12.1
3.438,-17.5
3.44,-17.3
3.442,-11.6
3.444,-2.12
3.446,5.72
3.448,11.2
3.45,13
3.452,10.1
3.454,3.36
3.456,-5.69
3.458,-12.8
3.46,-15.8
3.462,-12.6
3.464,-5.11
3.466,2.02
3.468,5.85
3.47,7.44
3.472,5.15
3.474,-0.27
3.476,-8.74
3.478,-15.6
3.48,-17.1
3.482,-12.8
3.484,-4.54
3.486,3.3
3.488,7.69
3.49,9.29
3.492,6.23
3.494,0.622
3.496,-7.28
3.498,-14.5
3.5,-15.8
3.502,-11.4
3.504,-2.82
3.506,4.89
3.508,9.22
3.51,10.9
3.512,8.65
3.514,2.34
3.516,-6.83
3.518,-14.6
3.52,-16.5
3.522,-11.7
3.524,-2.69
3.526,5.53
3.528,10.8
3.53,12.3
3.532,9.03
3.534,2.41
3.536,-6.45
3.538,-13.7
3.54,-15.8
3.542,-10.2
3.544,-1.03
3.546,7.57
3.548,12.7
3.55,15.3
3.552,13.6
3.554,9.03
3.556,2.15
3.558,-2.18
3.56,-0.907
3.562,6.55
3.564,18.8
3.566,29.8
3.568,38.8
3.57,45.1
3.572,47.1
3.574,46
3.576,42
3.578,39
3.58,40.1
3.582,45
3.584,52.9
3.586,58
3.588,59.4
3.59,55.9
3.592,47.4
3.594,34.3
3.596,18.1
3.598,3.87
3.6,-5.69
3.602,-9.25
3.604,-7.41
3.606,-4.92
3.608,-4.28
3.61,-5.18
3.612,-9.32
3.614,-15.2
3.616,-22.5
3.618,-26.8
3.62,-25.6
3.622,-17.3
3.624,-4.79
3.626,6.04
3.628,13.6
3.63,16.5
3.632,13.5
3.634,7.06
3.636,-2.05
3.638,-9.64
3.64,-11.9
3.642,-8.55
3.644,-1.99
3.646,3.36
3.648,5.15
3.65,3.62
3.652,-2.69
3.654,-11.9
3.656,-23.5
3.658,-32.6
3.66,-35.8
3.662,-33
3.664,-25.3
3.666,-18.4
3.668,-13.3
3.67,-10.3
3.672,-10.7
3.674,-13.2
3.676,-16.8
3.678,-16.6
3.68,-10.6
3.682,0.75
3.684,16.6
3.686,30.9
3.688,41.8
3.69,47.9
3.692,47.4
3.694,42.7
3.696,32.4
3.698,22.3
3.7,14.4
3.702,10.8
3.704,9.67
3.706,7.38
3.708,2.85
3.71,-3.52
3.712,-12.2
3.714,-20.5
3.716,-29
3.718,-33.8
3.72,-32.6
3.722,-25.9
3.724,-16.3
3.726,-7.72
3.728,-2.44
3.73,-0.779
3.732,-3.52
3.734,-10
3.736,-19.1
3.738,-25.6
3.74,-28.2
3.742,-24.7
3.744,-17.7
3.746,-11.7
3.748,-8.49
3.75,-7.6
3.752,-10.8
3.754,-17.6
3.756,-26.6
3.758,-32.6
3.76,-34.4
3.762,-29.6
3.764,-20.7
3.766,-13.1
3.768,-6.9
3.77,-3.84
3.772,-4.47
3.774,-7.6
3.776,-12.3
3.778,-14.2
3.78,-9.89
3.782,0.176
3.784,15.5
3.786,29.7
3.788,40.6
3.79,47.8
3.792,50.4
3.794,47.9
3.796,41.3
3.798,36.2
3.8,33.8
3.802,35.7
3.804,40
3.806,42
3.808,40.3
3.81,35
3.812,25.7
3.814,13.4
3.816,-0.716
3.818,-10.5
3.82,-13.1
3.822,-8.62
3.824,-2.95
3.826,3.04
3.828,8.78
3.83,11.3
3.832,10.6
3.834,6.87
3.836,1.58
3.838,-1.35
3.84,1.13
3.842,8.59
3.844,19.9
3.846,30.2
3.848,38.5
3.85,43.2
3.852,44
3.854,41.1
3.856,36
3.858,33.1
3.86,34
3.862,41.1
3.864,51.8
3.866,59.7
3.868,65.1
3.87,66.9
3.872,63.5
3.874,57.5
3.876,49.1
3.878,43.6
3.88,42.5
3.882,46.8
3.884,53.7
3.886,59.9
3.888,63.6
3.89,64.5
3.892,62
3.894,56.8
3.896,48.3
3.898,41.8
3.9,39.7
3.902,42.6
3.904,47.5
3.906,53.6
3.908,56.8
3.91,58.2
3.912,55.7
3.914,49.9
3.916,42.2
3.918,37.1
3.92,35.8
3.922,39.2
3.924,45
3.926,49.9
3.928,51.6
3.93,50.6
3.932,46
3.934,39.5
3.936,30.2
3.938,24.3
3.94,22.2
3.942,26.2
3.944,33.2
3.946,39
3.948,42.6
3.95,42.7
3.952,39.6
3.954,34
3.956,26
3.958,21.8
3.96,20.7
3.962,25.4
3.964,32.2
3.966,38.5
3.968,42.4
3.97,43.5
3.972,40.8
3.974,35.9
3.976,28
3.978,23.1
3.98,21.6
3.982,26.2
3.984,34.6
3.986,42.4
3.988,47.5
3.99,48.9
3.992,46.8
3.994,40.9
3.996,32.2
3.998,27.1
4,25.7
4.002,31.1
4.004,38.8
4.006,45.8
4.008,50.3
4.01,50.9
4.012,47.5
4.014,41.4
4.016,32.2
4.018,26.2
4.02,24.6
4.022,30.1
4.024,37.4
4.026,43.9
4.028,47.3
4.03,47.6
4.032,43.4
4.034,36.2
4.036,26.3
4.038,19.2
4.04,16.9
4.042,21.1
4.044,28.5
4.046,34.1
4.048,37.2
4.05,36
4.052,29.9
4.054,20.8
4.056,8.9
4.058,0.877
4.06,-3.46
4.062,0.176
4.064,6.48
4.066,12
4.068,14.9
4.07,14.3
4.072,10.4
4.074,3.04
4.076,-6.13
4.078,-11.5
4.08,-11.4
4.082,-3.01
4.084,8.59
4.086,20.4
4.088,30.3
4.09,37
4.092,40.8
4.094,40.8
4.096,38.8
4.098,39.7
4.1,44.5
4.102,54.3
4.104,65.4
4.106,73.1
4.108,75.4
4.11,70.8
4.112,58.6
4.114,39.7
4.116,17.7
4.118,-0.525
4.12,-10.1
4.122,-9.51
4.124,-1.99
4.126,5.91
4.128,12.1
4.13,14.5
4.132,13.7
4.134,8.65
4.136,0.75
4.138,-3.71
4.14,-3.9
4.142,2.15
4.144,10.7
4.146,17.7
4.148,21.9
4.15,21.8
4.152,18.2
4.154,10.9
4.156,0.813
4.158,-5.11
4.16,-6.96
4.162,-2.24
4.164,4.44
4.166,10.3
4.168,13
4.17,13.2
4.172,9.61
4.174,2.79
4.176,-5.24
4.178,-10.5
4.18,-11.8
4.182,-6.51
4.184,0.813
4.186,6.8
4.188,10.2
4.19,10.3
4.192,7.44
4.194,1
4.196,-6.9
4.198,-12.2
4.2,-13.3
4.202,-8.74
4.204,-2.05
4.206,3.68
4.208,6.74
4.21,6.99
4.212,3.81
4.214,-2.37
4.216,-10.2
4.218,-15
4.22,-15.9
4.222,-11.1
4.224,-4.67
4.226,1
4.228,4.32
4.23,4.57
4.232,1.58
4.234,-5.18
4.236,-14.8
4.238,-21.2
4.24,-22.2
4.242,-14.5
4.244,-4.6
4.246,2.79
4.248,7.76
4.25,10.3
4.252,10.3
4.254,8.65
4.256,5.27
4.258,5.91
4.26,9.92
4.262,20.5
4.264,32.4
4.266,41.1
4.268,45
4.27,41.8
4.272,32.3
4.274,16.7
4.276,-2.12
4.278,-18.6
4.28,-29.6
4.282,-31.4
4.284,-26.9
4.286,-20.4
4.288,-12
4.29,-3.58
4.292,3.17
4.294,8.97
4.296,12.2
4.298,16.6
4.3,22.7
4.302,31.5
4.304,40.5
4.306,45.3
4.308,49
4.31,48
4.312,42
4.314,32.9
4.316,20.4
4.318,11.3
4.32,6.55
4.322,8.4
4.324,12.5
4.326,15.7
4.328,15.1
4.33,11.3
4.332,3.94
4.334,-4.35
4.336,-14.7
4.338,-19.6
4.34,-19.3
4.342,-11.3
4.344,-1.42
4.346,6.36
4.348,10.4
4.35,9.73
4.352,3.55
4.354,-4.86
4.356,-14.8
4.358,-18.2
4.36,-14.3
4.362,-2.05
4.364,14.4
4.366,28.6
4.368,37.1
4.37,39.2
4.372,33.2
4.374,21.5
4.376,5.46
4.378,-7.02
4.38,-13.8
4.382,-12.5
4.384,-6.7
4.386,0.877
4.388,4.19
4.39,4
4.392,-1.23
4.394,-9
4.396,-20
4.398,-27.9
4.4,-29.9
4.402,-24.7
4.404,-17.2
4.406,-11.3
4.408,-7.85
4.41,-8.81
4.412,-13.8
4.414,-22
4.416,-32.3
4.418,-38.6
4.42,-38.8
4.422,-32.1
4.424,-23.5
4.426,-15.9
4.428,-10.9
4.43,-10.1
4.432,-14.1
4.434,-20.8
4.436,-30.1
4.438,-34.8
4.44,-35.5
4.442,-29
4.444,-20.1
4.446,-12.6
4.448,-8.49
4.45,-7.98
4.452,-12.4
4.454,-18.8
4.456,-28
4.458,-33.2
4.46,-33.2
4.462,-26
4.464,-15.9
4.466,-5.75
4.468,1.96
4.47,6.36
4.472,7.82
4.474,7.25
4.476,4.83
4.478,7.25
4.48,14.5
4.482,28.2
4.484,43.1
4.486,54.8
4.488,61.3
4.49,61.7
4.492,55.5
4.494,44.2
4.496,28.3
4.498,14.1
4.5,3.94
4.502,-0.0786
4.504,-0.779
4.506,-1.35
4.508,-2.24
4.51,-4.54
4.512,-7.98
4.514,-11.4
4.516,-15.2
4.518,-13.3
4.52,-5.3
4.522,8.84
4.524,26
4.526,41.1
4.528,52.9
4.53,58.9
4.532,59
4.534,53.6
4.536,44.6
4.538,39.6
4.54,37.6
4.542,42.3
4.544,48.6
4.546,53.4
4.548,54.6
4.55,52.1
4.552,45.5
4.554,36.1
4.556,24.6
4.558,17.2
4.56,14.1
4.562,16.7
4.564,22.5
4.566,26.2
4.568,27.4
4.57,25.2
4.572,18.1
4.574,9.1
4.576,-2.37
4.578,-9.64
4.58,-12.6
4.582,-8.74
4.584,-1.48
4.586,4.76
4.588,8.14
4.59,8.08
4.592,3.81
4.594,-2.44
4.596,-11.5
4.598,-16.2
4.6,-15.3
4.602,-8.04
4.604,1.96
4.606,9.61
4.608,15
4.61,16.6
4.612,13.6
4.614,7.95
4.616,-1.03
4.618,-5.75
4.62,-5.43
4.622,2.15
4.624,12.6
4.626,22.5
4.628,28.8
4.63,31.8
4.632,30.7
4.634,27.1
4.636,20.8
4.638,18.4
4.64,20.8
4.642,29.7
4.644,39.9
4.646,48.7
4.648,53.2
4.65,55
4.652,51.8
4.654,45.9
4.656,37.8
4.658,33.4
4.66,33.7
4.662,40.1
4.664,48.7
4.666,55.9
4.668,59.7
4.67,60.4
4.672,57.3
4.674,51.3
4.676,43.8
4.678,39.5
4.68,40.7
4.682,47.6
4.684,56.4
4.686,64.3
4.688,68.8
4.69,69.8
4.692,66.1
4.694,60.4
4.696,52.9
4.698,48.5
4.7,48.9
4.702,55.5
4.704,64.5
4.706,72
4.708,75.7
4.71,76.7
4.712,72.9
4.714,66.8
4.716,58.9
4.718,54.3
4.72,54.6
4.722,60.6
4.724,69.1
4.726,75.9
4.728,78.7
4.73,79.1
4.732,74.4
4.734,67.3
4.736,57.4
4.738,50.6
4.74,48.3
4.742,50.7
4.744,54.5
4.746,56.6
4.748,54.9
4.75,49.6
4.752,38.5
4.754,25.3
4.756,10.4
4.758,0.0488
4.76,-4.98
4.762,-1.54
4.764,5.85
4.766,14.3
4.768,21.5
4.77,28.1
4.772,32.4
4.774,36.5
4.776,39.4
4.778,45.6
4.78,55.4
4.782,66.8
4.784,75.3
4.786,76.5
4.788,68.9
4.79,53.4
4.792,33.8
4.794,13.4
4.796,-2.63
4.798,-8.93
4.8,-8.17
4.802,0.176
4.804,10.8
4.806,20.2
4.808,25.7
4.81,28.2
4.812,24.9
4.814,18.3
4.816,9.48
4.818,4.13
4.82,4.25
4.822,9.92
4.824,16.7
4.826,22.4
4.828,24.2
4.83,22.9
4.832,17.3
4.834,9.1
4.836,-0.716
4.838,-7.09
4.84,-7.41
4.842,-1.86
4.844,5.59
4.846,11.3
4.848,13.7
4.85,13.4
4.852,8.97
4.854,1.9
4.856,-7.02
4.858,-12.4
4.86,-12.6
4.862,-6.83
4.864,0.75
4.866,6.48
4.868,8.9
4.87,8.46
4.872,4.64
4.874,-2.75
4.876,-10.4
4.878,-14.9
4.88,-14.5
4.882,-8.04
4.884,-1.42
4.886,3.94
4.888,6.17
4.89,6.74
4.892,4.32
4.894,-0.843
4.896,-7.47
4.898,-9.76
4.9,-7.41
4.902,0.686
4.904,10.6
4.906,19.8
4.908,26.2
4.91,29.5
4.912,30.3
4.914,28.1
4.916,25.6
4.918,26.4
4.92,31.3
4.922,42.4
4.924,52.9
4.926,61.7
4.928,66.7
4.93,67
4.932,61.6
4.934,51.8
4.936,38.1
4.938,26.2
4.94,16.8
4.942,12.2
4.944,8.27
4.946,6.17
4.948,5.21
4.95,5.02
4.952,6.93
4.954,10.5
4.956,15.8
4.958,26.2
4.96,38.8
4.962,53.7
4.964,65
4.966,70.8
4.968,73.2
4.97,71.1
4.972,64.9
4.974,56.1
4.976,45.5
4.978,38.7
4.98,36.4
4.982,41
4.984,46
4.986,48.8
4.988,48.3
4.99,43.8
4.992,34.6
4.994,21.9
4.996,7.38
4.998,-1.8
5,-6.13
5.002,-3.01
5.004,3.04
5.006,9.48
5.008,14.2
5.01,17.7
5.012,18
5.014,17.1
5.016,14.5
5.018,16.5
5.02,22.4
5.022,33.7
5.024,44.6
5.026,50.8
5.028,51.8
5.03,46.4
5.032,36.7
5.034,24.8
5.036,12.4
5.038,7.63
5.04,10.6
5.042,20.8
5.044,33.2
5.046,40.8
5.048,41.8
5.05,37
5.052,27.4
5.054,18.8
5.056,10.2
5.058,8.14
5.06,10.5
5.062,17.7
5.064,25.8
5.066,31.3
5.068,34.2
5.07,31.6
5.072,25.2
5.074,15.8
5.076,3.68
5.078,-3.26
5.08,-4.67
5.082,0.622
5.084,8.4
5.086,14.1
5.088,16.6
5.09,15.7
5.092,10.3
5.094,4
5.096,-4.73
5.098,-8.36
5.1,-8.04
5.102,-1.61
5.104,5.85
5.106,12
5.108,14.6
5.11,13.9
5.112,8.65
5.114,1.39
5.116,-8.04
5.118,-12.8
5.12,-12.7
5.122,-6
5.124,2.66
5.126,10.2
5.128,14.3
5.13,15.8
5.132,14.3
5.134,11
5.136,6.04
5.138,7.89
5.14,16
5.142,30.6
5.144,47.6
5.146,61.3
5.148,69.7
5.15,72.9
5.152,68.1
5.154,58
5.156,43.1
5.158,30.7
5.16,21.9
5.162,18.6
5.164,17.6
5.166,14.6
5.168,10.5
5.17,5.53
5.172,-1.35
5.174,-7.6
5.176,-13.1
5.178,-10.3
5.18,0.176
5.182,17.8
5.184,37.1
5.186,53.3
5.188,64.5
5.19,69.8
5.192,67.6
5.194,60.9
5.196,52
5.198,46.8
5.2,46.3
5.202,51.5
5.204,58.3
5.206,62.2
5.208,61.7
5.21,58.9
5.212,50.6
5.214,40.4
5.216,28.1
5.218,19.9
5.22,17.1
5.222,20.7
5.224,25.9
5.226,28.4
5.228,28.3
5.23,25.4
5.232,18
5.234,9.22
5.236,-1.23
5.238,-7.41
5.24,-8.23
5.242,-3.33
5.244,3.11
5.246,8.33
5.248,9.67
5.25,8.52
5.252,3.62
5.254,-3.33
5.256,-11.9
5.258,-15.8
5.26,-14
5.262,-7.34
5.264,1.45
5.266,8.14
5.268,11.4
5.27,12.5
5.272,9.41
5.274,4.76
5.276,-0.397
5.278,-1.42
5.28,2.28
5.282,11.3
5.284,22.9
5.286,32.2
5.288,38.6
5.29,41.2
5.292,40.1
5.294,37
5.296,32
5.298,31.3
5.3,34.5
5.302,42.4
5.304,51.3
5.306,58.5
5.308,62.1
5.31,62.9
5.312,58.9
5.314,53.5
5.316,45.7
5.318,41.7
5.32,43.5
5.322,49.7
5.324,57.6
5.326,62.8
5.328,64.8
5.33,63.1
5.332,57.8
5.334,50.9
5.336,41.6
5.338,37.1
5.34,37.9
5.342,43.2
5.344,50.5
5.346,55.5
5.348,56.9
5.35,56
5.352,50.2
5.354,42.5
5.356,32.7
5.358,27.5
5.36,26.8
5.362,30.8
5.364,36.4
5.366,39.9
5.368,39.2
5.37,35.4
5.372,27
5.374,16.6
5.376,3.74
5.378,-4.73
5.38,-8.55
5.382,-7.21
5.384,-4.16
5.386,-3.01
5.388,-4.28
5.39,-8.17
5.392,-15
5.394,-22.3
5.396,-30.3
5.398,-31.5
5.4,-26.1
5.402,-13
5.404,3.49
5.406,18.3
5.408,29.8
5.41,38
5.412,39.5
5.414,37
5.416,29.2
5.418,22.9
5.42,18
5.422,14.5
5.424,10.7
5.426,3.17
5.428,-7.09
5.43,-17.6
5.432,-26.5
5.434,-33.7
5.436,-41.4
5.438,-43.4
5.44,-40.3
5.442,-32.2
5.444,-22.9
5.446,-16.6
5.448,-14
5.45,-14.5
5.452,-20
5.454,-27.7
5.456,-37.6
5.458,-41.8
5.46,-40.2
5.462,-34
5.464,-24.9
5.466,-18.6
5.468,-16.5
5.47,-16.9
5.472,-21.9
5.474,-28.4
5.476,-36.6
5.478,-40.3
5.48,-38.8
5.482,-32.4
5.484,-24.2
5.486,-18.9
5.488,-16.7
5.49,-17.3
5.492,-22.4
5.494,-29.3
5.496,-37.8
5.498,-41.9
5.5,-41.4
5.502,-35.8
5.504,-29.3
5.506,-24.3
5.508,-23.1
5.51,-24.5
5.512,-29.7
5.514,-36.8
5.516,-44.9
5.518,-48.8
5.52,-47.7
5.522,-41.5
5.524,-34.5
5.526,-28.6
5.528,-26
5.53,-26.3
5.532,-29.9
5.534,-35.6
5.536,-42.7
5.538,-44.7
5.54,-42.2
5.542,-34.6
5.544,-25
5.546,-16.6
5.548,-11.6
5.55,-8.17
5.552,-8.23
5.554,-10.1
5.556,-13.5
5.558,-11.2
5.56,-4.35
5.562,8.01
5.564,22
5.566,33
5.568,39.9
5.57,43.6
5.572,41.4
5.574,35.7
5.576,26.9
5.578,20.9
5.58,17.3
5.582,15.5
5.584,13.6
5.586,7.82
5.588,-1.29
5.59,-10.7
5.592,-22.5
5.594,-33.4
5.596,-41.9
5.598,-41.2
5.6,-30
5.602,-9.76
5.604,11.8
5.606,29
5.608,39.9
5.61,43
5.612,37.9
5.614,30.8
5.616,22
5.618,17.6
5.62,17.6
5.622,22.5
5.624,28
5.626,30.5
5.628,28.1
5.63,22
5.632,10.4
5.634,-4.79
5.636,-21.8
5.638,-31.9
5.64,-34.8
5.642,-29.5
5.644,-20.1
5.646,-10
5.648,-0.461
5.65,8.84
5.652,15.6
5.654,18.5
5.656,18.7
5.658,20.9
5.66,25.4
5.662,32.4
5.664,37
5.666,36.4
5.668,30.8
5.67,22
5.672,12.5
5.674,1.2
5.676,-9.25
5.678,-16.3
5.68,-14.6
5.682,-5.37
5.684,6.61
5.686,15.2
5.688,18.8
5.69,17.6
5.692,11.8
5.694,3.81
5.696,-6.19
5.698,-11.4
5.7,-11.3
5.702,-5.18
5.704,3.62
5.706,9.48
5.708,11.8
5.71,10.5
5.712,5.15
5.714,-3.77
5.716,-14
5.718,-17.8
5.72,-16.9
5.722,-9.25
5.724,0.0488
5.726,7.12
5.728,10.2
5.73,8.97
5.732,3.49
5.734,-4.16
5.736,-14
5.738,-18.3
5.74,-16.6
5.742,-8.87
5.744,-0.461
5.746,6.74
5.748,9.54
5.75,8.46
5.752,3.68
5.754,-3.39
5.756,-11.9
5.758,-13.2
5.76,-9.83
5.762,0.686
5.764,12.8
5.766,23
5.768,30.1
5.77,33.9
5.772,34.3
5.774,32.5
5.776,29.5
5.778,33.2
5.78,40.9
5.782,54.5
5.784,67.8
5.786,77.5
5.788,81.3
5.79,79.4
5.792,70.9
5.794,58.3
5.796,42.7
5.798,31.6
5.8,25.7
5.802,25.9
5.804,26.9
5.806,26
5.808,23.1
5.81,17.7
5.812,9.86
5.814,1.39
5.816,-7.15
5.818,-7.02
5.82,-0.142
5.822,13.7
5.824,29
5.826,42.7
5.828,52.5
5.83,58.7
5.832,60.6
5.834,58.8
5.836,53.8
5.838,53.8
5.84,57.3
5.842,64.5
5.844,72.3
5.846,77.3
5.848,78.9
5.85,76.8
5.852,70.5
5.854,61.6
5.856,52.8
5.858,48.5
5.86,49.4
5.862,55.4
5.864,62.4
5.866,67.1
5.868,68.1
5.87,66.5
5.872,62.2
5.874,55.6
5.876,48.1
5.878,46.4
5.88,49.2
5.882,56.7
5.884,65
5.886,71.2
5.888,74.7
5.89,74.7
5.892,71.5
5.894,65.2
5.896,58
5.898,55.4
5.9,57.7
5.902,64.7
5.904,72.5
5.906,78
5.908,80.3
5.91,79.3
5.912,75.4
5.914,68.8
5.916,61.7
5.918,59.4
5.92,61.7
5.922,68.5
5.924,75.9
5.926,80.8
5.928,82.9
5.93,82.3
5.932,78.2
5.934,71.9
5.936,64.8
5.938,62.7
5.94,64.6
5.942,71
5.944,78.2
5.946,83
5.948,84.9
5.95,83.8
5.952,79.6
5.954,72.6
5.956,65.5
5.958,62.6
5.96,64
5.962,70.3
5.964,77.8
5.966,81.4
5.968,83.8
5.97,82.3
5.972,77.6
5.974,70.7
5.976,62.7
5.978,59.8
5.98,61.9
5.982,69.4
5.984,76.5
5.986,82.3
5.988,84.1
5.99,82.8
5.992,78
5.994,71.3
5.996,63.1
5.998,60.1
6,61.8
6.002,68.3
6.004,75.1
6.006,79.3
6.008,80.7
6.01,78.3
6.012,72.7
6.014,63.4
6.016,54.4
6.018,49.8
6.02,49.4
6.022,53.6
6.024,58
6.026,59.6
6.028,57.8
6.03,51.8
6.032,42.7
6.034,30.1
6.036,17.2
6.038,9.35
6.04,6.87
6.042,10.7
6.044,15.8
6.046,20.7
6.048,23.4
6.05,24.3
6.052,24.3
6.054,23.9
6.056,23.6
6.058,30.4
6.06,42.2
6.062,59.3
6.064,75.2
6.066,85.7
6.068,89.5
6.07,85.7
6.072,73
6.074,52.4
6.076,29.4
6.078,11.8
6.08,3.3
6.082,5.4
6.084,12.3
6.086,19.4
6.088,24.1
6.09,25
6.092,23
6.094,17.6
6.096,11.6
6.098,9.92
6.1,12.2
6.102,19.7
6.104,26.7
6.106,31.7
6.108,33.2
6.11,31.1
6.112,25.6
6.114,17.5
6.116,8.78
6.118,5.66
6.12,7.12
6.122,13.6
6.124,20.5
6.126,24.7
6.128,26.2
6.13,24.1
6.132,19
6.134,10.9
6.136,3.17
6.138,0.176
6.14,2.22
6.142,8.78
6.144,15.7
6.146,20.3
6.148,22.6
6.15,21.1
6.152,16.4
6.154,9.92
6.156,3.04
6.158,1.32
6.16,4.19
6.162,12.2
6.164,20.7
6.166,27.2
6.168,31.1
6.17,31.5
6.172,29.4
6.174,25.5
6.176,21.6
6.178,23
6.18,29.7
6.182,41.3
6.184,53.4
6.186,63.6
6.188,70.9
6.19,74
6.192,74.3
6.194,70.3
6.196,65.3
6.198,63.6
6.2,64.3
6.202,67.6
6.204,68.1
6.206,63.8
6.208,55.4
6.21,42.4
6.212,26.7
6.214,9.86
6.216,-3.14
6.218,-7.21
6.22,-1.8
6.222,13.6
6.224,32.4
6.226,50.4
6.228,65.1
6.23,72.8
6.232,72.7
6.234,61.6
6.236,53.1
6.238,50.5
6.24,53.9
6.242,60.7
6.244,66.4
6.246,69.2
6.248,67.6
6.25,62.2
6.252,52.2
6.254,39
6.256,24.5
6.258,17
6.26,15.3
6.262,20.3
6.264,25.3
6.266,28.7
6.268,29.2
6.27,25.7
6.272,19.9
6.274,12.7
6.276,6.87
6.278,7.69
6.28,14.2
6.282,25.4
6.284,35.1
6.286,41.3
6.288,42.3
6.29,38.1
6.292,29.9
6.294,19.2
6.296,8.14
6.298,3.81
6.3,6.93
6.302,16.7
6.304,27.4
6.306,35.3
6.308,41.9
6.31,45
6.312,42.4
6.314,35.8
6.316,25.8
6.318,20
6.32,19.2
6.322,23
6.324,27.8
6.326,32
6.328,34
6.33,33.9
6.332,30.1
6.334,23.3
6.336,15.5
6.338,12.2
6.34,13.5
6.342,18.8
6.344,23.3
6.346,26.2
6.348,25.9
6.35,21.5
6.352,14.3
6.354,5.85
6.356,-1.93
6.358,-3.33
6.36,-0.27
6.362,6.74
6.364,13.8
6.366,17.9
6.368,19.9
6.37,18
6.372,13
6.374,5.4
6.376,-2.63
6.378,-5.49
6.38,-3.46
6.382,3.36
6.384,10.5
6.386,14.7
6.388,16.6
6.39,14.6
6.392,9.73
6.394,2.15
6.396,-5.11
6.398,-7.53
6.4,-5.24
6.402,2.15
6.404,9.22
6.406,14.4
6.408,16
6.41,14.6
6.412,10.1
6.414,3.11
6.416,-3.33
6.418,-4.22
6.42,0.113
6.422,9.73
6.424,19.8
6.426,27.8
6.428,33.4
6.43,35.7
6.432,35.2
6.434,33.2
6.436,30.6
6.438,33.4
6.44,41.4
6.442,53.2
6.444,64.3
6.446,72
6.448,76.2
6.45,75.9
6.452,71.5
6.454,64.2
6.456,55.8
6.458,51.8
6.46,52
6.462,55.7
6.464,59.4
6.466,59.6
6.468,56.6
6.47,49.2
6.472,39.4
6.474,27.6
6.476,15.4
6.478,8.9
6.48,7.31
6.482,10.5
6.484,14
6.486,16.1
6.488,15.1
6.49,11.3
6.492,4.83
6.494,-2.56
6.496,-9.32
6.498,-11.2
6.5,-7.6
6.502,-0.0786
6.504,8.4
6.506,15.3
6.508,19.4
6.51,21.2
6.512,20.3
6.514,18.3
6.516,16.6
6.518,19.9
6.52,28.3
6.522,40.8
6.524,53.2
6.526,61.8
6.528,67.6
6.53,68.6
6.532,65.3
6.534,59.2
6.536,52.1
6.538,49.4
6.54,51.5
6.542,57.4
6.544,63.4
6.546,66.9
6.548,67.8
6.55,65.1
6.552,59.6
6.554,52
6.556,45
6.558,43.2
6.56,46.2
6.562,53.4
6.564,61
6.566,65.8
6.568,68.9
6.57,67.3
6.572,63.8
6.574,58
6.576,52.4
6.578,50.8
6.58,54.3
6.582,61.5
6.584,68.7
6.586,73
6.588,74.8
6.59,73.1
6.592,68.7
6.594,62.3
6.596,56.1
6.598,54.8
6.6,57.8
6.602,64.7
6.604,71.8
6.606,76.2
6.608,78
6.61,76.2
6.612,71.7
6.614,65
6.616,58
6.618,56.2
6.62,59.4
6.622,66.4
6.624,73.1
6.626,77.3
6.628,79
6.63,76.8
6.632,72.2
6.634,65
6.636,58.3
6.638,56.6
6.64,59.5
6.642,67
6.644,74.1
6.646,78.7
6.648,80.3
6.65,78.3
6.652,73.9
6.654,66.8
6.656,60
6.658,57.5
6.66,60.6
6.662,67.9
6.664,74.8
6.666,79.2
6.668,81
6.67,78.9
6.672,73.8
6.674,66.6
6.676,59.4
6.678,57.1
6.68,59.8
6.682,66.2
6.684,72.9
6.686,76.5
6.688,76.4
6.69,72.2
6.692,64.8
6.694,54.7
6.696,44.3
6.698,38.8
6.7,37.7
6.702,39.9
6.704,42.1
6.706,41.8
6.708,38.7
6.71,32
6.712,23.7
6.714,14.1
6.716,6.42
6.718,4.38
6.72,9.61
6.722,20.7
6.724,32.9
6.726,45
6.728,55.3
6.73,62.4
6.732,66.4
6.734,68.4
6.736,67.6
6.738,69.4
6.74,72.3
6.742,74.9
6.744,73.6
6.746,66.4
6.748,54.5
6.75,39.7
6.752,24.7
6.754,12
6.756,4.83
6.758,3.94
6.76,9.22
6.762,19.5
6.764,28.8
6.766,36
6.768,39.4
6.77,39
6.772,35
6.774,29.4
6.776,24.9
6.778,23.5
6.78,25
6.782,31.7
6.784,37.5
6.786,39.9
6.788,40.4
6.79,38
6.792,32.7
6.794,24.9
6.796,17.5
6.798,14.7
6.8,17.1
6.802,23.2
6.804,29.1
6.806,33.4
6.808,35.1
6.81,33.1
6.812,28.1
6.814,21.2
6.816,14.4
6.818,12.7
6.82,15.5
6.822,22.5
6.824,29.2
6.826,33
6.828,34.8
6.83,32.2
6.832,28
6.834,21.4
6.836,15.6
6.838,14.3
6.84,18
6.842,25.6
6.844,32.4
6.846,37.6
6.848,39.9
6.85,38.8
6.852,35
6.854,29.8
6.856,25.5
6.858,25.9
6.86,31.5
6.862,40.6
6.864,50.1
6.866,57.5
6.868,62.4
6.87,64.4
6.872,62.9
6.874,59
6.876,55.6
6.878,55.5
6.88,59.4
6.882,65.8
6.884,70.5
6.886,70.4
6.888,65.4
6.89,55.2
6.892,41.3
6.894,24.7
6.896,10.3
6.898,2.22
6.9,1.77
6.902,7.38
6.904,14.6
6.906,21.6
6.908,27
6.91,30.3
6.912,30.9
6.914,29.2
6.916,27.4
6.918,29.5
6.92,35.9
6.922,44.8
6.924,53.9
6.926,59.4
6.928,61.4
6.93,57.6
6.932,51.8
6.934,42.2
6.936,33.1
6.938,27.8
6.94,27
6.942,29.3
6.944,31.8
6.946,32.2
6.948,31.2
6.95,28.6
6.952,23.6
6.954,18.7
6.956,15.5
6.958,17
6.96,22.9
6.962,30.9
6.964,38.6
6.966,41.1
6.968,39.4
6.97,32.2
6.972,22.1
6.974,12.6
6.976,6.8
6.978,9.22
6.98,16.2
6.982,26.4
6.984,37.8
6.986,46.9
6.988,53.9
6.99,54.8
6.992,50.6
6.994,42.7
6.996,32.7
6.998,26.5
7,24.1
7.002,25.9
7.004,29.2
7.006,30
7.008,31
7.01,29.1
7.012,23.5
7.014,15.5
7.016,9.8
7.018,8.08
7.02,11.6
7.022,18.2
7.024,24.4
7.026,27.8
7.028,29.5
7.03,26.9
7.032,20.8
7.034,13.3
7.036,6.61
7.038,4.19
7.04,6.93
7.042,13.2
7.044,19.8
7.046,23.3
7.048,24.6
7.05,22.5
7.052,16.6
7.054,9.92
7.056,4.13
7.058,3.87
7.06,9.41
7.062,18.7
7.064,28.7
7.066,37.5
7.068,45
7.07,49.4
7.072,51.2
7.074,50.5
7.076,50.1
7.078,52.4
7.08,58
7.082,63.8
7.084,65.5
7.086,61
7.088,51.3
7.09,37
7.092,19.4
7.094,2.72
7.096,-9
7.098,-11.9
7.1,-4.47
7.102,9.99
7.104,27.2
7.106,42.7
7.108,55.3
7.11,62.9
7.112,63.8
7.114,59.6
7.116,54.5
7.118,53.8
7.12,57.4
7.122,62.9
7.124,67.8
7.126,69.6
7.128,68.1
7.13,63.2
7.132,56
7.134,46.5
7.136,38.6
7.138,33.9
7.14,34.8
7.142,38.7
7.144,41.8
7.146,42.7
7.148,39.7
7.15,33.4
7.152,20.4
7.154,11.8
7.156,3.43
7.158,-0.397
7.16,-0.652
7.162,3.94
7.164,9.48
7.166,12.4
7.168,10.4
7.17,6.29
7.172,-1.67
7.174,-9.25
7.176,-17
7.178,-18.6
7.18,-13.5
7.182,-4.6
7.184,3.3
7.186,8.78
7.188,10.6
7.19,9.67
7.192,5.02
7.194,-1.03
7.196,-4.79
7.198,-4.86
7.2,0.24
7.202,9.41
7.204,17.2
7.206,22.7
7.208,25
7.21,24
7.212,20.2
7.214,14.1
7.216,10.2
7.218,10.2
7.22,15.7
7.222,24
7.224,31.6
7.226,37.9
7.228,40.4
7.23,39.8
7.232,36.5
7.234,31.5
7.236,27.8
7.238,27.7
7.24,32
7.242,39.6
7.244,46
7.246,50.8
7.248,52.2
7.25,51
7.252,46.4
7.254,39.6
7.256,35.2
7.258,34.5
7.26,39.2
7.262,48.1
7.264,55.3
7.266,60.1
7.268,61.3
7.27,58
7.272,52.3
7.274,44.5
7.276,38.3
7.278,36.6
7.28,40.7
7.282,48.7
7.284,55.4
7.286,60.1
7.288,61.3
7.29,58.7
7.292,51.8
7.294,43.8
7.296,37.2
7.298,35.2
7.3,39.4
7.302,47.6
7.304,55.5
7.306,60.6
7.308,62.4
7.31,59.6
7.312,54.1
7.314,45.9
7.316,39.6
7.318,38.8
7.32,44.3
7.322,53.9
7.324,62.4
7.326,68.5
7.328,70.8
7.33,67.7
7.332,60.8
7.334,51.2
7.336,44.7
7.338,43.5
7.34,48.7
7.342,58.5
7.344,67.2
7.346,72.7
7.348,75.2
7.35,72.3
7.352,65
7.354,54.7
7.356,46.8
7.358,44.5
7.36,48.5
7.362,55.7
7.364,62.4
7.366,64.9
7.368,64.2
7.37,58.6
7.372,49
7.374,37.3
7.376,27.6
7.378,24.3
7.38,28
7.382,36.9
7.384,44.8
7.386,50.5
7.388,54.5
7.39,52.7
7.392,46
7.394,35.5
7.396,25.5
7.398,20.3
7.4,20.9
7.402,25
7.404,29.6
7.406,31.7
7.408,32.2
7.41,29.1
7.412,22.7
7.414,14.1
7.416,7.31
7.418,6.8
7.42,11.8
7.422,20.8
7.424,28.7
7.426,33.4
7.428,34.3
7.43,30.6
7.432,23.2
7.434,13.7
7.436,5.97
7.438,4.38
7.44,8.59
7.442,17.1
7.444,25
7.446,29.4
7.448,30.8
7.45,26.9
7.452,19.7
7.454,10.9
7.456,4.06
7.458,2.53
7.46,7.12
7.462,15.3
7.464,22.7
7.466,26.9
7.468,28.1
7.47,25
7.472,18.8
7.474,10.6
7.476,4.25
7.478,2.98
7.48,6.99
7.482,15.8
7.484,22.9
7.486,27.5
7.488,30
7.49,28.1
7.492,23.4
7.494,16.7
7.496,12.5
7.498,12.9
7.5,20
7.502,29
7.504,38.3
7.506,44.6
7.508,48.7
7.51,49.2
7.512,47.5
7.514,43.8
7.516,42.7
7.518,45.4
7.52,53.9
7.522,64.3
7.524,73.8
7.526,79.2
7.528,81.2
7.53,78.2
7.532,70.6
7.534,59.1
7.536,47.6
7.538,38.8
7.54,34.1
7.542,32.9
7.544,31.1
7.546,27.4
7.548,23.1
7.55,17.3
7.552,10.1
7.554,4.38
7.556,3.36
7.558,9.41
7.56,24
7.562,41.5
7.564,58.3
7.566,70.6
7.568,76.1
7.57,75.1
7.572,68.5
7.574,59.4
7.576,52.4
7.578,49.7
7.58,53.6
7.582,60
7.584,65.8
7.586,68.9
7.588,67.2
7.59,61.5
7.592,52
7.594,39.8
7.596,29.2
7.598,21.1
7.6,19.5
7.602,19.4
7.604,19.5
7.606,17.6
7.608,15.4
7.61,13.3
7.612,10.3
7.614,8.65
7.616,12.7
7.618,23
7.62,38.7
7.622,55
7.624,66.4
7.626,68.9
7.628,63.1
7.63,49.5
7.632,31.4
7.634,13
7.636,0.495
7.638,-4.35
7.64,-1.42
7.642,7.76
7.644,18.4
7.646,26.2
7.648,30.7
7.65,30.1
7.652,25.3
7.654,17.9
7.656,12.5
7.658,10.6
7.66,16.2
7.662,24
7.664,30.2
7.666,33.7
7.668,34.1
7.67,31.1
7.672,24.9
7.674,15.7
7.676,8.71
7.678,6.87
7.68,11.2
7.682,18.3
7.684,24.6
7.686,27.1
7.688,27.1
7.69,23.3
7.692,15.5
7.694,5.34
7.696,-1.35
7.698,-4.35
7.7,-0.0786
7.702,7.82
7.704,14.6
7.706,18.4
7.708,19.6
7.71,15.7
7.712,9.35
7.714,-0.0786
7.716,-6.13
7.718,-7.21
7.72,-1.61
7.722,6.99
7.724,15.2
7.726,20.5
7.728,22.5
7.73,20.6
7.732,16
7.734,9.22
7.736,6.29
7.738,9.29
7.74,18.8
7.742,32.9
7.744,45.6
7.746,55.7
7.748,62.4
7.75,63.8
7.752,61.7
7.754,55.4
7.756,51.1
7.758,50.3
7.76,54.7
7.762,60.4
7.764,63.8
7.766,63.3
7.768,58.6
7.77,48.6
7.772,36.2
7.774,21.5
7.776,9.22
7.778,2.15
7.78,2.34
7.782,6.61
7.784,11.2
7.786,13.4
7.788,13.8
7.79,10.6
7.792,5.91
7.794,-0.27
7.796,-2.82
7.798,0.431
7.8,9.92
7.802,22.7
7.804,34.7
7.806,43.6
7.808,49
7.81,50.2
7.812,48.6
7.814,44.1
7.816,41.5
7.818,43.9
7.82,51
7.822,61
7.824,69
7.826,72.7
7.828,73.6
7.83,69.5
7.832,63.8
7.834,55
7.836,48.5
7.838,46.9
7.84,50.9
7.842,57.5
7.844,63.2
7.846,66.5
7.848,66.7
7.85,62.7
7.852,56.5
7.854,47.9
7.856,42.7
7.858,41.6
7.86,46
7.862,53.8
7.864,60.7
7.866,64.5
7.868,65.5
7.87,62.4
7.872,56.6
7.874,48.9
7.876,43.8
7.878,43.6
7.88,48.5
7.882,57.3
7.884,64.8
7.886,68.9
7.888,70.4
7.89,67.4
7.892,61.4
7.894,53.2
7.896,47.3
7.898,46.9
7.9,52
7.902,60.1
7.904,67.6
7.906,71.9
7.908,73.1
7.91,70.1
7.912,63.8
7.914,55.9
7.916,50
7.918,49.6
7.92,55.4
7.922,63.3
7.924,70.5
7.926,74.5
7.928,75.4
7.93,72.6
7.932,65.7
7.934,57.6
7.936,51.5
7.938,50.7
7.94,56.4
7.942,64.5
7.944,71.7
7.946,75.2
7.948,76.1
7.95,73.1
7.952,66
7.954,57.6
7.956,51.3
7.958,49.9
7.96,54.8
7.962,62
7.964,68.5
7.966,72.3
7.968,73.1
7.97,69.6
7.972,63.3
7.974,55.6
7.976,49.9
7.978,49.2
7.98,54.9
7.982,63.1
7.984,70.4
7.986,74.3
7.988,75.2
7.99,72.2
7.992,65.9
7.994,58
7.996,52.7
7.998,51.7
8,57.5
8.002,65.1
8.004,71.3
8.006,74
8.008,73
8.01,67
8.012,57.2
8.014,44.7
8.016,35.6
8.018,29.9
8.02,30.2
8.022,33.1
8.024,34.9
8.026,33.9
8.028,29.9
8.03,22
8.032,12.3
8.034,1.58
8.036,-4.98
8.038,-4.98
8.04,3.81
8.042,16.7
8.044,31.1
8.046,43.8
8.048,54.6
8.05,61.4
8.052,64.1
8.054,62.4
8.056,60.8
8.058,60.3
8.06,62.9
8.062,63.9
8.064,60.1
8.066,51.4
8.068,39.3
8.07,25.2
8.072,12
8.074,0.75
8.076,-4.35
8.078,-3.52
8.08,5.66
8.082,17.5
8.084,27.9
8.086,34.7
8.088,37.9
8.09,36.7
8.092,31.7
8.094,24.8
8.096,20.8
8.098,20.6
8.1,27
8.102,35.6
8.104,42.7
8.106,46.8
8.108,47.2
8.11,43.7
8.112,38.1
8.114,29.5
8.116,24.7
8.118,23.5
8.12,28.9
8.122,36.9
8.124,43.2
8.126,47.5
8.128,48.4
8.13,45.7
8.132,40.6
8.134,33.8
8.136,30.6
8.138,31.3
8.14,37.6
8.142,46.2
8.144,54
8.146,59
8.148,61.1
8.15,60.4
8.152,56.9
8.154,51.5
8.156,49.5
8.158,51.2
8.16,58.4
8.162,67.5
8.164,74.7
8.166,79.4
8.168,80.9
8.17,78
8.172,72.7
8.174,64
8.176,57.5
8.178,53.8
8.18,53.1
8.182,53.1
8.184,50.2
8.186,44
8.188,35.2
8.19,23
8.192,10.2
8.194,-1.86
8.196,-7.02
8.198,-3.97
8.2,8.9
8.202,28
8.204,47.8
8.206,63.6
8.208,73.9
8.21,75
8.212,68.9
8.214,61.8
8.216,55.3
8.218,51.2
8.22,51.3
8.222,52.7
8.224,53.3
8.226,51
8.228,46.2
8.23,37.3
8.232,25.5
8.234,11
8.236,0.304
8.238,-4.09
8.24,-1.16
8.242,3.87
8.244,8.71
8.246,10.4
8.248,9.48
8.25,4.13
8.252,-3.65
8.254,-12.7
8.256,-17.7
8.258,-15.7
8.26,-5.37
8.262,8.84
8.264,23.4
8.266,35.1
8.268,42.4
8.27,45.9
8.272,44.5
8.274,39.7
8.276,35.4
8.278,33.2
8.28,34.6
8.282,35.9
8.284,35.9
8.286,33.5
8.288,30.1
8.29,23.9
8.292,14.6
8.294,4.06
8.296,-4.98
8.298,-6.58
8.3,0.75
8.302,11.1
8.304,20.1
8.306,26
8.308,28.2
8.31,25.9
8.312,19.8
8.314,10.9
8.316,5.66
8.318,4.19
8.32,8.33
8.322,14.3
8.324,18.1
8.326,19.6
8.328,18.8
8.33,14.1
8.332,6.61
8.334,-2.12
8.336,-8.55
8.338,-10.3
8.34,-4.92
8.342,3.11
8.344,9.35
8.346,12.3
8.348,13.2
8.35,10.7
8.352,4.64
8.354,-4.09
8.356,-8.62
8.358,-9.13
8.36,-3.14
8.362,4.57
8.364,11.1
8.366,14.5
8.368,14.9
8.37,11.2
8.372,4.64
8.374,-3.84
8.376,-8.68
8.378,-9.57
8.38,-3.46
8.382,4.19
8.384,11
8.386,15.4
8.388,16.4
8.39,14
8.392,9.1
8.394,2.66
8.396,0.877
8.398,4.13
8.4,14.8
8.402,29
8.404,41.8
8.406,51.7
8.408,58.5
8.41,59.5
8.412,57.2
8.414,51
8.416,47.8
8.418,46.4
8.42,49.7
8.422,53.9
8.424,55.2
8.426,52
8.428,45
8.43,33.8
8.432,19.7
8.434,3.68
8.436,-7.21
8.438,-12.2
8.44,-9.89
8.442,-3.9
8.444,1.83
8.446,6.8
8.448,9.35
8.45,8.33
8.452,6.1
8.454,2.15
8.456,2.28
8.458,7.57
8.46,18.7
8.462,31.8
8.464,42.9
8.466,50.7
8.468,55.5
8.47,55
8.472,51.6
8.474,45.3
8.476,41.3
8.478,41.1
8.48,43.1
8.482,50.5
8.484,56.2
8.486,58.5
8.488,57.9
8.49,53.2
8.492,44.9
8.494,36.5
8.496,31.5
8.498,32.1
8.5,37.8
8.502,45.5
8.504,51.6
8.506,54.7
8.508,55
8.51,51.5
8.512,45.6
8.514,37.8
8.516,32.9
8.518,33.2
8.52,38.7
8.522,46
8.524,52
8.526,55.4
8.528,55.7
8.53,52.1
8.532,46
8.534,38
8.536,32.9
8.538,33.4
8.54,39.3
8.542,46.7
8.544,53.8
8.546,57.6
8.548,58.3
8.55,54.9
8.552,49.1
8.554,42.3
8.556,37.8
8.558,38
8.56,44.3
8.562,51.4
8.564,58.1
8.566,62.1
8.568,62.4
8.57,59.9
8.572,53.9
8.574,46.9
8.576,42.7
8.578,43.4
8.58,49.9
8.582,57.2
8.584,64
8.586,67.9
8.588,67.8
8.59,65.3
8.592,59.7
8.594,52.2
8.596,48
8.598,48.2
8.6,55
8.602,62.4
8.604,68.9
8.606,73.1
8.608,73.4
8.61,70.9
8.612,64.3
8.614,56.9
8.616,52.9
8.618,53.3
8.62,59.4
8.622,67.3
8.624,74
8.626,77.8
8.628,78.3
8.63,75.5
8.632,69.3
8.634,60.8
8.636,55.9
8.638,56.6
8.64,63.6
8.642,72.7
8.644,80.2
8.646,84.8
8.648,84.7
8.65,80.7
8.652,74
8.654,64.3
8.656,58.3
8.658,57.7
8.66,63.9
8.662,71.7
8.664,76.9
8.666,79.4
8.668,77.3
8.67,70.1
8.672,59.9
8.674,47.1
8.676,38.5
8.678,34.5
8.68,37.4
8.682,42.7
8.684,46.5
8.686,46.9
8.688,43.4
8.69,34.8
8.692,23.2
8.694,9.61
8.696,0.813
8.698,-1.86
8.7,3.23
8.702,11.7
8.704,19.2
8.706,24.2
8.708,26.7
8.71,25.5
8.712,23.4
8.714,20.5
8.716,22.7
8.718,31.8
8.72,47.8
8.722,65.9
8.724,80.1
8.726,87.1
8.728,87.6
8.73,79.8
8.732,65.4
8.734,44.6
8.736,26.7
8.738,13.4
8.74,8.78
8.742,9.86
8.744,13.9
8.746,17.3
8.748,18.7
8.75,16.3
8.752,12.1
8.754,6.67
8.756,4.57
8.758,8.01
8.76,16.9
8.762,27.2
8.764,35.9
8.766,42
8.768,44.5
8.77,42.1
8.772,37.6
8.774,30.9
8.776,28.1
8.778,30.5
8.78,37.1
8.782,45.5
8.784,52.9
8.786,56.4
8.788,57.8
8.79,54.7
8.792,49
8.794,41.4
8.796,37.2
8.798,38.7
8.8,44
8.802,51.7
8.804,57.6
8.806,60.3
8.808,61.2
8.81,56.7
8.812,50.5
8.814,42.5
8.816,38.1
8.818,38.1
8.82,42.8
8.822,48.7
8.824,53.2
8.826,55.1
8.828,54.5
8.83,49.7
8.832,42.4
8.834,33.7
8.836,27.8
8.838,26.7
8.84,30.3
8.842,35.6
8.844,39.6
8.846,40.1
8.848,38.4
8.85,32.7
8.852,25
8.854,15.3
8.856,9.67
8.858,8.14
8.86,12.2
8.862,18
8.864,22.7
8.866,25.1
8.868,25
8.87,22
8.872,17.1
8.874,11.8
8.876,9.61
8.878,11.8
8.88,20.2
8.882,30
8.884,38.7
8.886,43.8
8.888,45.8
8.89,42.4
8.892,36.6
8.894,28.4
8.896,23.6
8.898,23
8.9,28
8.902,34.8
8.904,41.1
8.906,45
8.908,45.8
8.91,44
8.912,39.3
8.914,33.2
8.916,31
8.918,34.3
8.92,43.2
8.922,53.5
8.924,60.8
8.926,65.7
8.928,65.2
8.93,60.2
8.932,52.2
8.934,41.8
8.936,34.4
8.938,30.7
8.94,32.5
8.942,34.8
8.944,34.6
8.946,30.9
8.948,24.8
8.95,15.5
8.952,6.23
8.954,-2.5
8.956,-2.95
8.958,4.7
8.96,20.2
8.962,37.8
8.964,51.7
8.966,59.3
8.968,59.2
8.97,51
8.972,38.2
8.974,21.5
8.976,10.1
8.978,3.74
8.98,3.81
8.982,7.76
8.984,12.3
8.986,17.6
8.988,19.9
8.99,18.1
8.992,12.6
8.994,5.72
8.996,2.6
8.998,3.49
9,10.3
9.002,18.2
9.004,23.7
9.006,27.3
9.008,27.1
9.01,23.6
9.012,18.3
9.014,10.1
9.016,6.29
9.018,6.17
9.02,12.2
9.022,19.5
9.024,24.9
9.026,28.3
9.028,27.6
9.03,23
9.032,16.1
9.034,7.06
9.036,2.6
9.038,2.22
9.04,7.57
9.042,14.8
9.044,20.1
9.046,23.2
9.048,22.6
9.05,18.2
9.052,11.6
9.054,3.36
9.056,-0.461
9.058,0.559
9.06,7.44
9.062,17.5
9.064,25.5
9.066,31.5
9.068,34.3
9.07,33.7
9.072,31.1
9.074,26.2
9.076,25.6
9.078,30.4
9.08,41
9.082,52.4
9.084,61
9.086,66.5
9.088,66.8
9.09,62.6
9.092,55.1
9.094,44.5
9.096,37.6
9.098,35.7
9.1,38.5
9.102,43.1
9.104,45.2
9.106,43.2
9.108,37.7
9.11,27.8
9.112,15.2
9.114,0.877
9.116,-8.81
9.118,-14.9
9.12,-9.76
9.122,-1.8
9.124,3.36
9.126,5.34
9.128,3.62
9.13,-2.05
9.132,-9.89
9.134,-17.8
9.136,-20.6
9.138,-17.5
9.14,-8.36
9.142,3.11
9.144,12.6
9.146,19.2
9.148,23.2
9.15,22.4
9.152,19.5
9.154,14.5
9.156,13.7
9.158,18.3
9.16,28.6
9.162,39.9
9.164,48.9
9.166,53.6
9.168,54.7
9.17,51.3
9.172,45.3
9.174,37.5
9.176,33.9
9.178,35.3
9.18,41.5
9.182,49.1
9.184,54.8
9.186,56.8
9.188,56.1
9.19,51.3
9.192,45.1
9.194,37.1
9.196,33.6
9.198,35.3
9.2,41.5
9.202,48.9
9.204,54.7
9.206,57.5
9.208,58.1
9.21,54.1
9.212,47.8
9.214,39.5
9.216,35.6
9.218,36.7
9.22,42.8
9.222,50.3
9.224,56.2
9.226,59.3
9.228,58.9
9.23,54.9
9.232,47.8
9.234,39.2
9.236,34.6
9.238,35.5
9.24,42.6
9.242,50.9
9.244,57.9
9.246,60.9
9.248,60.9
9.25,56.2
9.252,49.2
9.254,40.4
9.256,36.7
9.258,37.7
9.26,45
9.262,53.6
9.264,60.6
9.266,63.6
9.268,63.4
9.27,59.2
9.272,52.1
9.274,43.6
9.276,39
9.278,40.5
9.28,47.6
9.282,56.2
9.284,63.2
9.286,67
9.288,67.3
9.29,63.6
9.292,57.5
9.294,49.4
9.296,45.8
9.298,46.8
9.3,53.9
9.302,62.6
9.304,69.2
9.306,73.4
9.308,73.9
9.31,70
9.312,63.5
9.314,55.2
9.316,52
9.318,53.8
9.32,61.5
9.322,70.6
9.324,77.5
9.326,81.3
9.328,81.1
9.33,76.4
9.332,69.6
9.334,59.5
9.336,54.7
9.338,54.6
9.34,60.6
9.342,66.9
9.344,71.3
9.346,71.8
9.348,68
9.35,59.4
9.352,48
9.354,33.6
9.356,23.9
9.358,18.7
9.36,19.1
9.362,22
9.364,23
9.366,22.4
9.368,20.1
9.37,14.8
9.372,9.86
9.374,6.17
9.376,10.3
9.378,21.5
9.38,40.2
9.382,60.6
9.384,76
9.386,84.9
9.388,85.7
9.39,77.3
9.392,62.6
9.394,41.1
9.396,23.8
9.398,12.2
9.4,8.78
9.402,11.8
9.404,16
9.406,20.3
9.408,23.1
9.41,22.2
9.412,19.3
9.414,14.4
9.416,14.7
9.418,19.5
9.42,30.2
9.422,41.7
9.424,50.8
9.426,56.3
9.428,58.9
9.43,56.8
9.432,53.6
9.434,47.5
9.436,45.9
9.438,49
9.44,57
9.442,66.1
9.444,73.3
9.446,76.5
9.448,77
9.45,73.6
9.452,68
9.454,61.2
9.456,58
9.458,59
9.46,64.8
9.462,71.7
9.464,76.4
9.466,78.8
9.468,77.9
9.47,72.7
9.472,66.1
9.474,57.3
9.476,52.7
9.478,53.1
9.48,57.5
9.482,63.1
9.484,66.9
9.486,67.4
9.488,65.4
9.49,58.9
9.492,50.5
9.494,40.3
9.496,33.5
9.498,30.6
9.5,32.7
9.502,35.5
9.504,36.7
9.506,33.7
9.508,27.6
9.51,18.3
9.512,6.48
9.514,-6.26
9.516,-13.5
9.518,-16.3
9.52,-12.8
9.522,-6.32
9.524,1.2
9.526,7.57
9.528,14.2
9.53,19.9
9.532,25.5
9.534,28.6
9.536,36
9.538,44.3
9.54,53.6
9.542,60.3
9.544,65.7
9.546,67.3
9.548,64
9.55,57.3
9.552,46.9
9.554,34.2
9.556,26
9.558,22.6
9.56,24.3
9.562,29.4
9.564,32.9
9.566,34.2
9.568,31.8
9.57,25.7
9.572,16.6
9.574,4.64
9.576,-1.29
9.578,-3.58
9.58,-0.461
9.582,4.32
9.584,6.93
9.586,6.67
9.588,4
9.59,-2.24
9.592,-8.42
9.594,-16.2
9.596,-16
9.598,-9.19
9.6,5.02
9.602,22.9
9.604,38.3
9.606,49.4
9.608,55.3
9.61,54.2
9.612,47.9
9.614,35.2
9.616,24.7
9.618,18.3
9.62,16.7
9.622,18.1
9.624,20.5
9.626,21
9.628,20.6
9.63,13.2
9.632,6.87
9.634,0.622
9.636,-0.27
9.638,3.04
9.64,11.6
9.642,21.9
9.644,29.7
9.646,33.8
9.648,34.1
9.65,29.7
9.652,22.6
9.654,13.3
9.656,8.46
9.658,9.29
9.66,15.2
9.662,23.9
9.664,29.7
9.666,31.4
9.668,30.5
9.67,24.6
9.672,16.5
9.674,6.87
9.676,2.28
9.678,2.85
9.68,8.78
9.682,16.7
9.684,22.7
9.686,25.5
9.688,25.3
9.69,20.1
9.692,13.2
9.694,5.08
9.696,1.9
9.698,4.19
9.7,13
9.702,22.8
9.704,30.9
9.706,36.4
9.708,38.8
9.71,37
9.712,32.9
9.714,28
9.716,27.6
9.718,32.4
9.72,42.9
9.722,54.2
9.724,63.1
9.726,67.9
9.728,69.2
9.73,65.7
9.732,59.6
9.734,51.4
9.736,47.6
9.738,47.8
9.74,53.7
9.742,59.7
9.744,62.9
9.746,62
9.748,57.3
9.75,47.6
9.752,35.7
9.754,22
9.756,13.4
9.758,9.29
9.76,11.8
9.762,14.8
9.764,17
9.766,16.1
9.768,12
9.77,4
9.772,-5.81
9.774,-16.8
9.776,-22.1
9.778,-21.8
9.78,-15.2
9.782,-6.9
9.784,-0.461
9.786,3.87
9.788,5.34
9.79,3.36
9.792,-0.333
9.794,-5.69
9.796,-5.3
9.798,0.686
9.8,12.5
9.802,25.5
9.804,35.9
9.806,42.7
9.808,45.3
9.81,44.6
9.812,41.4
9.814,36
9.816,35.2
9.818,37.8
9.82,45.3
9.822,54.1
9.824,59.7
9.826,63.1
9.828,62.6
9.83,58
9.832,50.7
9.834,41.8
9.836,37.7
9.838,39
9.84,45
9.842,52.6
9.844,58
9.846,60.4
9.848,59.7
9.85,55.4
9.852,48.9
9.854,41.1
9.856,38.5
9.858,40.3
9.86,47
9.862,54.8
9.864,60.4
9.866,63.6
9.868,63.6
9.87,59
9.872,53.4
9.874,45.3
9.876,42.7
9.878,44.6
9.88,51.5
9.882,59.7
9.884,66.1
9.886,68.5
9.888,68.3
9.89,63
9.892,56.9
9.894,48.6
9.896,44.7
9.898,46
9.9,52.8
9.902,61
9.904,67.2
9.906,69.8
9.908,68.7
9.91,64
9.912,57
9.914,48.1
9.916,44.7
9.918,46.7
9.92,53.2
9.922,62
9.924,68
9.926,70.4
9.928,69.8
9.93,64.8
9.932,57.8
9.934,49.6
9.936,46.3
9.938,48.1
9.94,55
9.942,63.2
9.944,69.2
9.946,71.3
9.948,71
9.95,65.7
9.952,58.2
9.954,49.6
9.956,45.8
9.958,47.6
9.96,54.5
9.962,63
9.964,69.5
9.966,71.3
9.968,70.5
9.97,65.5
9.972,58.2
9.974,49.6
9.976,46.4
9.978,47.6
9.98,55
9.982,62.7
9.984,68.2
9.986,69.2
9.988,67
9.99,60.2
9.992,50.6
9.994,38.7
9.996,31.5
9.998,29.5
10,32.3
10.002,36.2
10.004,37.6
10.006,35.1
10.008,28.7
10.01,18.6
10.012,6.36
10.014,-5.94
10.016,-11.9
10.018,-11.6
10.02,-3.01
10.022,9.35
10.024,22.1
10.026,34.1
10.028,44.3
10.03,51.3
10.032,54.7
10.034,52.7
10.036,52.7
10.038,52.8
10.04,52.9
10.042,48.5
10.044,39.3
10.046,27.1
10.048,14.8
10.05,5.02
10.052,-2.69
10.054,-9.51
10.056,-9.95
10.058,-4.73
10.06,6.1
10.062,18.1
10.064,27.1
10.066,32.4
10.068,33.6
10.07,31.5
10.072,27.1
10.074,20.6
10.076,19.9
10.078,23.1
10.08,31.7
10.082,41
10.084,47.2
10.086,50.9
10.088,50.9
10.09,46.4
10.092,40.6
10.094,33
10.096,30.4
10.098,31.8
10.1,37.6
10.102,44.1
10.104,48
10.106,49.6
10.108,47.5
10.11,42
10.112,34.2
10.114,25
10.116,21.2
10.118,20.8
10.12,25
10.122,29.7
10.124,31.9
10.126,31.4
10.128,27.8
10.13,20.6
10.132,12
10.134,1.9
10.136,-3.46
10.138,-4.16
10.14,-0.525
10.142,4.89
10.144,8.84
10.146,10.6
10.148,10.9
10.15,9.29
10.152,7.76
10.154,6.36
10.156,11.2
10.158,21.2
10.16,35.5
10.162,50.7
10.164,60.4
10.166,64.5
10.168,61.8
10.17,53.8
10.172,43.1
10.174,28.9
10.176,18.5
10.178,11.9
10.18,10.4
10.182,12.7
10.184,14.6
10.186,15.8
10.188,15.5
10.19,13.2
10.192,9.22
10.194,3.87
10.196,2.79
10.198,6.48
10.2,14.3
10.202,23
10.204,28.8
10.206,30.6
10.208,29.9
10.21,24.6
10.212,19.2
10.214,12.9
10.216,12.4
10.218,18.5
10.22,29.6
10.222,41.4
10.224,49.4
10.226,51.1
10.228,47.6
10.23,37.3
10.232,22.5
10.234,5.59
10.236,-6.32
10.238,-10.3
10.24,-7.66
10.242,-0.397
10.244,6.67
10.246,10.2
10.248,11.8
10.25,9.67
10.252,5.46
10.254,1
10.256,1.51
10.258,7.63
10.26,18.8
10.262,30.6
10.264,38.7
10.266,43.9
10.268,45.9
10.27,43.4
10.272,36.4
10.274,27.3
10.276,21.7
10.278,21.2
10.28,25
10.282,29
10.284,31.1
10.286,31.1
10.288,27.3
10.29,20.1
10.292,11
10.294,2.47
10.296,-0.971
10.298,-0.0149
10.3,5.15
10.302,11.3
10.304,15.3
10.306,15.8
10.308,14.1
10.31,9.16
10.312,0.877
10.314,-7.6
10.316,-10.8
10.318,-9.38
10.32,-1.86
10.322,6.36
10.324,11.9
10.326,14.6
10.328,13.6
10.33,8.46
10.332,0.495
10.334,-9
10.336,-11.9
10.338,-10.3
10.34,-2.82
10.342,5.34
10.344,9.92
10.346,12.9
10.348,11.4
10.35,6.61
10.352,-0.461
10.354,-8.42
10.356,-10.1
10.358,-5.94
10.36,5.02
10.362,17.8
10.364,27.5
10.366,35.1
10.368,39.4
10.37,40.1
10.372,38.8
10.374,35.7
10.376,38.2
10.378,43.9
10.38,53.8
10.382,63.2
10.384,68
10.386,68.3
10.388,62.5
10.39,51.5
10.392,36.9
10.394,21.3
10.396,10.6
10.398,5.85
10.4,6.61
10.402,8.9
10.404,8.97
10.406,7.57
10.408,3.17
10.41,-4.73
10.412,-12.8
10.414,-21.2
10.416,-22.4
10.418,-17.8
10.42,-7.15
10.422,4.7
10.424,14.6
10.426,22
10.428,25.5
10.43,23.5
10.432,14.3
10.434,11.8
10.436,15
10.438,22.2
10.44,36
10.442,47.5
10.444,55.1
10.446,58.5
10.448,57.3
10.45,51.8
10.452,43.9
10.454,35.2
10.456,32.1
10.458,33.8
10.46,40.1
10.462,46.8
10.464,51.8
10.466,53.2
10.468,51.2
10.47,45.7
10.472,38.1
10.474,29.6
10.476,26.7
10.478,28.7
10.48,36.2
10.482,44.2
10.484,49.4
10.486,52
10.488,51.6
10.49,46.9
10.492,40.5
10.494,34.2
10.496,31.2
10.498,34.1
10.5,41.1
10.502,48.8
10.504,54
10.506,55.5
10.508,54.5
10.51,50
10.512,43.4
10.514,36.6
10.516,34.1
10.518,35.7
10.52,42.6
10.522,49.4
10.524,54.3
10.526,56.4
10.528,55.4
10.53,51.3
10.532,43.7
10.534,37.1
10.536,35
10.538,37
10.54,43.8
10.542,50.7
10.544,55.9
10.546,58
10.548,56.7
10.55,52.5
10.552,45.9
10.554,38.7
10.556,36
10.558,38.3
10.56,45.2
10.562,53.2
10.564,58.3
10.566,60.6
10.568,59.2
10.57,54.8
10.572,48.2
10.574,40.4
10.576,38.2
10.578,40.3
10.58,47.6
10.582,56.1
10.584,61.3
10.586,64.1
10.588,63.1
10.59,58.5
10.592,51.6
10.594,44.5
10.596,42.4
10.598,44.8
10.6,52.3
10.602,60.3
10.604,65.8
10.606,68.3
10.608,67.5
10.61,62.5
10.612,55.5
10.614,47.8
10.616,45.4
10.618,48.7
10.62,55.7
10.622,64
10.624,70.3
10.626,72
10.628,71.3
10.63,66
10.632,59
10.634,50.8
10.636,47.7
10.638,49.8
10.64,56.1
10.642,63.1
10.644,67.3
10.646,67.8
10.648,64.5
10.65,57.5
10.652,47.2
10.654,37.6
10.656,31.6
10.658,31.2
10.66,35.1
10.662,38.1
10.664,39.2
10.666,35.9
10.668,29.6
10.67,18.9
10.672,5.97
10.674,-6.77
10.676,-14.1
10.678,-15
10.68,-9.57
10.682,-2.12
10.684,5.15
10.686,10.4
10.688,15
10.69,17.4
10.692,19.4
10.694,21.4
10.696,28.7
10.698,39.2
10.7,51.7
10.702,61.3
10.704,64.7
10.706,59.7
10.708,47.2
10.71,29.2
10.712,9.22
10.714,-10
10.716,-19.8
10.718,-19.1
10.72,-11.1
10.722,-1.03
10.724,6.93
10.726,12.1
10.728,13.6
10.73,10.9
10.732,5.91
10.734,0.813
10.736,0.877
10.738,6.1
10.74,15.5
10.742,25.3
10.744,32.5
10.746,36.2
10.748,36
10.75,32.6
10.752,27.1
10.754,20.7
10.756,20.1
10.758,23.4
10.76,30.9
10.762,38.7
10.764,44.4
10.766,46.6
10.768,45.3
10.77,40.5
10.772,33.4
10.774,25.8
10.776,24
10.778,26
10.78,31.7
10.782,37.4
10.784,41.1
10.786,41.2
10.788,38.8
10.79,32.4
10.792,24.6
10.794,15.6
10.796,11.1
10.798,12
10.8,16
10.802,21.1
10.804,24.1
10.806,23.9
10.808,20
10.81,12.7
10.812,3.87
10.814,-5.49
10.816,-9.95
10.818,-8.62
10.82,-3.65
10.822,2.6
10.824,6.93
10.826,8.08
10.828,7.38
10.83,2.92
10.832,-0.843
10.834,-4.16
10.836,-2.12
10.838,6.8
10.84,20.1
10.842,34.3
10.844,46.6
10.846,54.8
10.848,58.3
10.85,56.8
10.852,51
10.854,42.6
10.856,37.8
10.858,36.7
10.86,37.7
10.862,38
10.864,37
10.866,32.8
10.868,25.9
10.87,17.2
10.872,6.93
10.874,-0.588
10.876,-3.52
10.878,0.304
10.88,9.61
10.882,19.2
10.884,26.9
10.886,29.2
10.888,27.6
10.89,22.4
10.892,14.6
10.894,7.38
10.896,5.4
10.898,7.31
10.9,14.2
10.902,21.5
10.904,26.2
10.906,27.1
10.908,23.5
10.91,16.4
10.912,6.67
10.914,-3.65
10.916,-7.09
10.918,-5.3
10.92,2.15
10.922,10.2
10.924,17.7
10.926,23
10.928,25.3
10.93,23.9
10.932,20.1
10.934,14.3
10.936,12.7
10.938,17.3
10.94,24.7
10.942,33.6
10.944,38.8
10.946,40.6
10.948,35.3
10.95,24.6
10.952,11.8
10.954,-1.61
10.956,-6.83
10.958,-5.56
10.96,2.66
10.962,11.8
10.964,18.5
10.966,22.3
10.968,21.2
10.97,16.4
10.972,9.41
10.974,1.58
10.976,-1.74
10.978,-0.142
10.98,7.18
10.982,14.4
10.984,19
10.986,19.7
10.988,17.4
10.99,11.1
10.992,2.53
10.994,-5.49
10.996,-9.19
10.998,-7.6
11,-1.74
11.002,5.78
11.004,10.2
11.006,11.2
11.008,9.8
11.01,4.19
11.012,-3.39
11.014,-10.2
11.016,-12.9
11.018,-10.2
11.02,-3.39
11.022,3.87
11.024,9.86
11.026,12.2
11.028,11.8
11.03,7.69
11.032,1.51
11.034,-3.84
11.036,-4.28
11.038,1.96
11.04,12.7
11.042,24.1
11.044,33.6
11.046,40.4
11.048,44
11.05,43.4
11.052,40.1
11.054,36.8
11.056,38
11.058,43.1
11.06,51.8
11.062,59.2
11.064,62.9
11.066,61.3
11.068,55.2
11.07,44.4
11.072,30.4
11.074,15.7
11.076,5.72
11.078,1.58
11.08,2.53
11.082,4.32
11.084,5.02
11.086,3.68
11.088,0.622
11.09,-5.05
11.092,-11.9
11.094,-15.8
11.096,-14.2
11.098,-5.56
11.1,7.76
11.102,21.3
11.104,33.2
11.106,41.1
11.108,44.5
11.11,43.5
11.112,38.8
11.114,34.8
11.116,32.7
11.118,35.8
11.12,43.2
11.122,50.5
11.124,56.6
11.126,58.7
11.128,55.7
11.13,49.7
11.132,41.6
11.134,32.4
11.136,29.2
11.138,31.7
11.14,38
11.142,45
11.144,49.2
11.146,50.3
11.148,48.3
11.15,42.4
11.152,34.8
11.154,27.3
11.156,25
11.158,28
11.16,35.2
11.162,43.1
11.164,48.5
11.166,51
11.168,50.3
11.17,45.6
11.172,39.4
11.174,32.8
11.176,30.9
11.178,34.5
11.18,41.3
11.182,49.8
11.184,54.8
11.186,57.3
11.188,56.2
11.19,51.4
11.192,44.4
11.194,37.2
11.196,35.1
11.198,38.5
11.2,45.9
11.202,53.9
11.204,58.5
11.206,59.7
11.208,57.7
11.21,52.3
11.212,45
11.214,37.8
11.216,35.5
11.218,38.7
11.22,46.5
11.222,54.7
11.224,59.5
11.226,61.1
11.228,60
11.23,54.8
11.232,48.3
11.234,41.5
11.236,39.5
11.238,43.4
11.24,50.1
11.242,58.2
11.244,63.1
11.246,64.7
11.248,63.4
11.25,58.5
11.252,51.7
11.254,44.5
11.256,42.7
11.258,46.4
11.26,53.6
11.262,60.1
11.264,65.7
11.266,67.1
11.268,65.8
11.27,60.8
11.272,53.8
11.274,46.9
11.276,44.6
11.278,47.9
11.28,55.4
11.282,62.6
11.284,68
11.286,69.9
11.288,68.3
11.29,62.9
11.292,55.6
11.294,48.5
11.296,46.2
11.298,49
11.3,55.9
11.302,62.2
11.304,66.2
11.306,66.1
11.308,61.9
11.31,53.9
11.312,42.8
11.314,32.1
11.316,25.2
11.318,23
11.32,25.7
11.322,27.6
11.324,27.6
11.326,23.9
11.328,16.9
11.33,7.06
11.332,-4.67
11.334,-14.2
11.336,-17.5
11.338,-14
11.34,-4.54
11.342,6.87
11.344,18.1
11.346,27.6
11.348,35.3
11.35,41.7
11.352,45.3
11.354,45.9
11.356,49.2
11.358,54.5
11.36,58.9
11.362,58.2
11.364,50.8
11.366,38.3
11.368,21.7
11.37,4.83
11.372,-10
11.374,-19.1
11.376,-20.9
11.378,-15.6
11.38,-5.88
11.382,4.57
11.384,12
11.386,15.9
11.388,15.3
11.39,11.1
11.392,5.34
11.394,-1.1
11.396,-1.67
11.398,1.71
11.4,9.61
11.402,17.2
11.404,22
11.406,23.6
11.408,21.7
11.41,15.3
11.412,8.14
11.414,0.877
11.416,-1.61
11.418,1.26
11.42,7.12
11.422,14
11.424,17.8
11.426,19.2
11.428,17.5
11.43,11.9
11.432,4.38
11.434,-1.93
11.436,-3.84
11.438,-0.588
11.44,6.23
11.442,13.1
11.444,16.9
11.446,17.8
11.448,15.7
11.45,9.8
11.452,2.09
11.454,-4.6
11.456,-6.9
11.458,-3.01
11.46,4
11.462,11.2
11.464,16.8
11.466,18.3
11.468,17.3
11.47,12.3
11.472,5.85
11.474,0.559
11.476,-0.461
11.478,4.57
11.48,13.3
11.482,22.7
11.484,30
11.486,34.3
11.488,35.5
11.49,34.3
11.492,30.8
11.494,28.7
11.496,31.1
11.498,38.7
11.5,48.5
11.502,57.5
11.504,63.5
11.506,64
11.508,60.6
11.51,50.7
11.512,36.7
11.514,21.3
11.516,8.71
11.518,1.13
11.52,-2.12
11.522,-3.52
11.524,-3.39
11.526,-2.44
11.528,0.0488
11.53,3.43
11.532,7.18
11.534,13.2
11.536,22
11.538,33.3
11.54,44.7
11.542,51.8
11.544,56.5
11.546,57.3
11.548,53.5
11.55,45.2
11.552,34.1
11.554,23.6
11.556,17.1
11.558,16.6
11.56,19.7
11.562,21.7
11.564,20.9
11.566,15.6
11.568,6.55
11.57,-4.79
11.572,-16.5
11.574,-24.3
11.576,-24.2
11.578,-15.6
11.58,0.686
11.582,18.7
11.584,34.5
11.586,45.3
11.588,49.8
11.59,46
11.592,34.3
11.594,19.8
11.596,6.23
11.598,-2.95
11.6,-4.67
11.602,-3.65
11.604,-1.93
11.606,-0.779
11.608,-1.29
11.61,-3.26
11.612,-8.42
11.614,-13.5
11.616,-13.5
11.618,-8.11
11.62,0.0488
11.622,8.2
11.624,13.6
11.626,16.2
11.628,14.3
11.63,9.48
11.632,2.02
11.634,-5.11
11.636,-7.02
11.638,-3.84
11.64,3.17
11.642,10.7
11.644,14.6
11.646,15.3
11.648,11.8
11.65,5.66
11.652,-2.82
11.654,-10.3
11.656,-12.8
11.658,-9.25
11.66,-1.35
11.662,6.17
11.664,10.8
11.666,12.7
11.668,10.3
11.67,4.38
11.672,-3.2
11.674,-10.8
11.676,-12.6
11.678,-9
11.68,-1.54
11.682,6.1
11.684,10.6
11.686,11.6
11.688,9.41
11.69,2.98
11.692,-5.11
11.694,-12.7
11.696,-15.2
11.698,-10.9
11.7,-3.01
11.702,5.91
11.704,12
11.706,15.7
11.708,16.4
11.71,13.3
11.712,8.97
11.714,6.1
11.716,8.27
11.718,16.6
11.72,28.6
11.722,40.4
11.724,49.7
11.726,54.7
11.728,55.9
11.73,51.8
11.732,44.8
11.734,38.5
11.736,35.8
11.738,38.7
11.74,44.1
11.742,48.6
11.744,49.9
11.746,47.2
11.748,40.5
11.75,29.8
11.752,16.4
11.754,4.32
11.756,-3.01
11.758,-3.71
11.76,0.0488
11.762,3.68
11.764,5.15
11.766,3.74
11.768,-1.23
11.77,-8.93
11.772,-18.7
11.774,-27
11.776,-30.7
11.778,-27.6
11.78,-20.5
11.782,-13.1
11.784,-8.42
11.786,-7.21
11.788,-10.1
11.79,-15.6
11.792,-24.4
11.794,-32.6
11.796,-36.1
11.798,-34.6
11.8,-24.9
11.802,-15.6
11.804,-9
11.806,-6.13
11.808,-9.38
11.81,-15.7
11.812,-23
11.814,-27.4
11.816,-27.7
11.818,-22.8
11.82,-12.8
11.822,-3.52
11.824,2.66
11.826,6.04
11.828,5.21
11.83,1.58
11.832,-5.18
11.834,-10.5
11.836,-11.2
11.838,-5.88
11.84,3.11
11.842,12.5
11.844,19.2
11.846,22.4
11.848,20.9
11.85,15.8
11.852,8.59
11.854,2.6
11.856,1.64
11.858,6.17
11.86,15.7
11.862,25.2
11.864,32.2
11.866,36
11.868,35.8
11.87,31
11.872,24.6
11.874,18.3
11.876,17.5
11.878,22.9
11.88,32.2
11.882,41.7
11.884,47.8
11.886,51.6
11.888,51.8
11.89,49.1
11.892,44.7
11.894,41.1
11.896,42.2
11.898,49.5
11.9,59.8
11.902,71
11.904,78.1
11.906,81.8
11.908,81.5
11.91,78.2
11.912,71.7
11.914,66.1
11.916,63.8
11.918,66.8
11.92,72.5
11.922,77.8
11.924,80.5
11.926,81.2
11.928,78
11.93,71.7
11.932,62.7
11.934,55.6
11.936,53.4
11.938,57.4
11.94,63.9
11.942,71.2
11.944,76.1
11.946,77.6
11.948,75.4
11.95,69.9
11.952,62
11.954,56.3
11.956,54.9
11.958,58.8
11.96,67.1
11.962,74.5
11.964,79.8
11.966,81
11.968,78.3
11.97,72.9
11.972,64.5
11.974,57.4
11.976,53.8
11.978,55.1
11.98,60.6
11.982,65.5
11.984,68.4
11.986,67.8
11.988,64.1
11.99,57.3
11.992,47.7
11.994,39.5
11.996,35
11.998,35.3
12,39.5
12.002,42.7
12.004,43.3
12.006,40.3
12.008,33.2
12.01,23.5
12.012,11.1
12.014,0.495
12.016,-5.3
12.018,-4.79
12.02,0.304
12.022,5.78
12.024,9.99
12.026,12.7
12.028,12.7
12.03,12.1
12.032,10.8
12.034,12.9
12.036,20.5
12.038,33.8
12.04,49.7
12.042,63
12.044,70.9
12.046,71.6
12.048,64.1
12.05,49.7
12.052,29.8
12.054,9.99
12.056,-4.54
12.058,-10.7
12.06,-9.06
12.062,-3.01
12.064,2.09
12.066,5.59
12.068,5.53
12.07,2.98
12.072,-1.93
12.074,-5.18
12.076,-4.67
12.078,0.686
12.08,9.29
12.082,17.3
12.084,21.8
12.086,24.3
12.088,23.4
12.09,19
12.092,13.2
12.094,8.27
12.096,7.76
12.098,12.4
12.1,19.7
12.102,26.8
12.104,30.9
12.106,32.2
12.108,30.8
12.11,26.2
12.112,19.9
12.114,14.6
12.116,13.6
12.118,17.1
12.12,22.9
12.122,29
12.124,32.2
12.126,33
12.128,30
12.13,23.5
12.132,16.1
12.134,10.2
12.136,8.27
12.138,11.2
12.14,16.9
12.142,22.8
12.144,26.6
12.146,27.4
12.148,25.5
12.15,19.9
12.152,12.8
12.154,7.25
12.156,5.34
12.158,8.84
12.16,15
12.162,20.3
12.164,23.9
12.166,23.7
12.168,20.8
12.17,13.8
12.172,5.46
12.174,-1.74
12.176,-4.98
12.178,-2.5
12.18,3.04
12.182,8.33
12.184,11.8
12.186,13
12.188,11.7
12.19,8.4
12.192,3.3
12.194,0.877
12.196,2.6
12.198,10.1
12.2,21.3
12.202,31.3
12.204,38
12.206,40.5
12.208,38.2
12.21,31.8
12.212,20.9
12.214,13.3
12.216,7.44
12.218,7.76
12.22,11.8
12.222,16.6
12.224,20.5
12.226,22.4
12.228,21.8
12.23,20.6
12.232,16.8
12.234,14.8
12.236,15.3
12.238,20.4
12.24,29
12.242,35.2
12.244,38.8
12.246,39
12.248,35.2
12.25,27.2
12.252,16.4
12.254,6.67
12.256,1.26
12.258,0.304
12.26,3.43
12.262,6.17
12.264,7.06
12.266,6.61
12.268,3.87
12.27,-0.27
12.272,-4.6
12.274,-5.49
12.276,-1.1
12.278,8.27
12.28,19.5
12.282,27.7
12.284,31.6
12.286,30.6
12.288,24.7
12.29,16.9
12.292,9.1
12.294,4.57
12.296,4.64
12.298,9.22
12.3,16.1
12.302,21.1
12.304,20.9
12.306,15.5
12.308,9.35
12.31,2.02
12.312,-4.47
12.314,-9.95
12.316,-11.8
12.318,-10.3
12.32,-5.43
12.322,-0.27
12.324,1.45
12.326,1.51
12.328,-0.588
12.33,-5.75
12.332,-12.6
12.334,-18.9
12.336,-20.5
12.338,-15.9
12.34,-8.49
12.342,-1.99
12.344,2.53
12.346,3.87
12.348,2.09
12.35,-3.58
12.352,-10.7
12.354,-16.5
12.356,-18.7
12.358,-14.2
12.36,-7.28
12.362,-0.142
12.364,4.57
12.366,6.67
12.368,4.51
12.37,-1.8
12.372,-10.7
12.374,-17.7
12.376,-20.1
12.378,-16.7
12.38,-10.2
12.382,-4.16
12.384,0.113
12.386,0.75
12.388,-0.907
12.39,-6.26
12.392,-12.9
12.394,-16.8
12.396,-16.5
12.398,-8.93
12.4,1.26
12.402,11.7
12.404,20.6
12.406,26.7
12.408,29.4
12.41,29
12.412,26.4
12.414,25
12.416,27.8
12.418,35.9
12.42,46
12.422,54.1
12.424,59
12.426,58.9
12.428,53.9
12.43,44.9
12.432,31.6
12.434,19.5
12.436,9.86
12.438,1.9
12.44,4.44
12.442,4.19
12.444,2.72
12.446,-2.82
12.448,-11.4
12.45,-20.3
12.452,-31.4
12.454,-38.2
12.456,-37.8
12.458,-27.9
12.46,-13.6
12.462,1.32
12.464,13.2
12.466,21.9
12.468,26.4
12.47,28.8
12.472,27.6
12.474,27.1
12.476,30.5
12.478,38
12.48,46.8
12.482,54.2
12.484,58.3
12.486,58.7
12.488,54.7
12.49,47.7
12.492,39.1
12.494,32.2
12.496,30.1
12.498,33.4
12.5,40
12.502,46.6
12.504,49.9
12.506,51.2
12.508,48.5
12.51,42.9
12.512,35.7
12.514,30.8
12.516,30.3
12.518,34.8
12.52,42.5
12.522,49.9
12.524,54.2
12.526,56.6
12.528,55.2
12.53,50.6
12.532,44.6
12.534,40.4
12.536,40.1
12.538,45
12.54,52.2
12.542,59.2
12.544,63.1
12.546,64
12.548,61.9
12.55,57.1
12.552,50.4
12.554,45.7
12.556,44.5
12.558,48.8
12.56,55.4
12.562,62
12.564,66.1
12.566,67.3
12.568,65.5
12.57,61
12.572,54.8
12.574,50.3
12.576,49.4
12.578,53.6
12.58,60.1
12.582,66
12.584,70.4
12.586,71.3
12.588,69.5
12.59,64.3
12.592,57.4
12.594,52.5
12.596,50.9
12.598,55
12.6,62.3
12.602,68.1
12.604,72.3
12.606,73.5
12.608,71.1
12.61,65.8
12.612,58.9
12.614,54.5
12.616,52.7
12.618,56.2
12.62,63.1
12.622,68.6
12.624,71.8
12.626,72.4
12.628,68.8
12.63,62.9
12.632,54
12.634,47.6
12.636,44.1
12.638,45.5
12.64,48.7
12.642,51.1
12.644,50.5
12.646,47.2
12.648,39.8
12.65,29.7
12.652,17
12.654,6.55
12.656,0.176
12.658,0.24
12.66,3.55
12.662,7.5
12.664,10.8
12.666,12.1
12.668,11.8
12.67,11.6
12.672,10.8
12.674,13.3
12.676,22.2
12.678,35.7
12.68,52.9
12.682,67.4
12.684,76.1
12.686,78.7
12.688,73.4
12.69,60.1
12.692,40.6
12.694,20.6
12.696,5.91
12.698,-0.206
12.7,1.13
12.702,6.67
12.704,11.7
12.706,15.2
12.708,15.1
12.71,12
12.712,6.48
12.714,2.09
12.716,1.58
12.718,6.23
12.72,12.7
12.722,19
12.724,22.5
12.726,23.7
12.728,20.9
12.73,14.9
12.732,7.44
12.734,1.51
12.736,-0.716
12.738,2.34
12.74,7.69
12.742,12.2
12.744,14.7
12.746,14.9
12.748,12.3
12.75,6.36
12.752,-0.588
12.754,-5.3
12.756,-6.83
12.758,-2.95
12.76,2.53
12.762,7.44
12.764,10.1
12.766,9.8
12.768,6.87
12.77,1.9
12.772,-5.24
12.774,-10.1
12.776,-11.7
12.778,-8.17
12.78,-2.75
12.782,2.41
12.784,5.4
12.786,5.59
12.788,3.74
12.79,-1.35
12.792,-8.11
12.794,-12.4
12.796,-13.5
12.798,-9.7
12.8,-2.95
12.802,2.34
12.804,6.67
12.806,8.08
12.808,6.48
12.81,2.98
12.812,-2.63
12.814,-5.69
12.816,-5.11
12.818,0.431
12.82,8.84
12.822,16.2
12.824,22.4
12.826,27
12.828,27.6
12.83,27.7
12.832,26.1
12.834,25.9
12.836,30.1
12.838,37.1
12.84,47.5
12.842,56.1
12.844,60.7
12.846,62.2
12.848,58.4
12.85,50.4
12.852,38.8
12.854,26.9
12.856,17.2
12.858,11.5
12.86,8.27
12.862,5.97
12.864,3.62
12.866,2.47
12.868,2.15
12.87,2.85
12.872,4.83
12.874,9.54
12.876,18.8
12.878,30.9
12.88,43.8
12.882,52.2
12.884,56.2
12.886,56.6
12.888,52.1
12.89,43.2
12.892,32.8
12.894,23.9
12.896,19.3
12.898,20.9
12.9,25.4
12.902,29.5
12.904,30.6
12.906,27.6
12.908,20.2
12.91,8.71
12.912,-4.03
12.914,-14.4
12.916,-19.4
12.918,-16.6
12.92,-8.42
12.922,1.9
12.924,12.8
12.926,23
12.928,31
12.93,35.7
12.932,36.2
12.934,36.9
12.936,38.4
12.938,41.1
12.94,44.1
12.942,43.6
12.944,38.5
12.946,30.6
12.948,21.8
12.95,10.8
12.952,-1.1
12.954,-10.3
12.956,-12.1
12.958,-3.97
12.96,7.38
12.962,17.1
12.964,23.4
12.966,25.3
12.968,22.2
12.97,14.3
12.972,3.74
12.974,-4.09
12.976,-5.43
12.978,-0.206
12.98,8.71
12.982,15
12.984,18.7
12.986,18.4
12.988,12.9
12.99,4.89
12.992,-5.88
12.994,-13.7
12.996,-15.2
12.998,-10.5
13,-1.74
13.002,6.1
13.004,10.6
13.006,11.8
13.008,8.65
13.01,1.83
13.012,-7.41
13.014,-13.6
13.016,-15.1
13.018,-11.4
13.02,-2.82
13.022,4.44
13.024,8.46
13.026,9.61
13.028,6.61
13.03,-0.397
13.032,-8.68
13.034,-14.1
13.036,-14.9
13.038,-9.06
13.04,-0.0149
13.042,8.84
13.044,14.6
13.046,18
13.048,17.6
13.05,14.4
13.052,9.29
13.054,6.29
13.056,8.52
13.058,18.5
13.06,29.5
13.062,40.7
13.064,48.5
13.066,53.6
13.068,55.2
13.07,51.3
13.072,45.3
13.074,41.3
13.076,41.3
13.078,47.8
13.08,56.9
13.082,64.9
13.084,68.7
13.086,69.1
13.088,64.4
13.09,56.1
13.092,45.2
13.094,36.7
13.096,32.4
13.098,35
13.1,39.2
13.102,42.7
13.104,43.4
13.106,40.6
13.108,33.3
13.11,22.7
13.112,9.92
13.114,-0.142
13.116,-5.24
13.118,-3.26
13.12,2.02
13.122,6.1
13.124,7.89
13.126,6.04
13.128,0.0488
13.13,-8.11
13.132,-18.4
13.134,-26.3
13.136,-29.3
13.138,-25.3
13.14,-18.2
13.142,-12.1
13.144,-8.62
13.146,-8.42
13.148,-12.5
13.15,-18.7
13.152,-27.2
13.154,-32.5
13.156,-33.8
13.158,-28
13.16,-19.9
13.162,-12.6
13.164,-6.77
13.166,-4.03
13.168,-5.11
13.17,-9
13.172,-14.2
13.174,-16.3
13.176,-13.3
13.178,-4.47
13.18,7.82
13.182,19.3
13.184,28
13.186,33.9
13.188,36.2
13.19,34.9
13.192,30.4
13.194,28.6
13.196,30.8
13.198,38.3
13.2,48.7
13.202,56.1
13.204,60.2
13.206,61.3
13.208,58
13.21,51.5
13.212,42.7
13.214,37
13.216,35.9
13.218,41
13.22,49
13.222,57.1
13.224,61.8
13.226,63.5
13.228,61.2
13.23,55.5
13.232,48
13.234,42.4
13.236,41.6
13.238,46.8
13.24,54.8
13.242,62.1
13.244,66.6
13.246,68.3
13.248,64.7
13.25,58.2
13.252,49.3
13.254,43.1
13.256,42.3
13.258,48
13.26,57.1
13.262,64.8
13.264,69.2
13.266,71
13.268,68
13.27,61.7
13.272,53.8
13.274,48.1
13.276,47.7
13.278,54.1
13.28,62.9
13.282,71.1
13.284,76.2
13.286,78.1
13.288,75.5
13.29,70.1
13.292,62.7
13.294,56.2
13.296,54.9
13.298,60.3
13.3,67.6
13.302,73.8
13.304,76.3
13.306,75.5
13.308,70.9
13.31,62.6
13.312,52.3
13.314,44.5
13.316,41
13.318,44.2
13.32,49.2
13.322,53.3
13.324,53.5
13.326,50.5
13.328,42.9
13.33,31.4
13.332,17.5
13.334,6.67
13.336,0.495
13.338,2.15
13.34,6.48
13.342,10.6
13.344,12.7
13.346,12.1
13.348,8.46
13.35,3.81
13.352,-1.99
13.354,-3.26
13.356,2.28
13.358,15.7
13.36,33.6
13.362,50.1
13.364,64
13.366,72.4
13.368,73.7
13.37,68.8
13.372,57.7
13.374,45.3
13.376,33
13.378,25
13.38,19.4
13.382,15
13.384,12
13.386,10.9
13.388,8.78
13.39,5.02
13.392,-0.461
13.394,-2.12
13.396,1.39
13.398,9.73
13.4,20.4
13.402,28.9
13.404,33.9
13.406,35.7
13.408,32.3
13.41,26
13.412,18.7
13.414,13.4
13.416,12.5
13.418,17.6
13.42,24.8
13.422,30.8
13.424,33.7
13.426,34.1
13.428,30.4
13.43,23.9
13.432,15.7
13.434,9.86
13.436,9.48
13.438,14.3
13.44,21.3
13.442,27.6
13.444,30.6
13.446,31.3
13.448,28.3
13.45,22.5
13.452,14.8
13.454,9.48
13.456,8.65
13.458,13.8
13.46,21.1
13.462,28.6
13.464,32.5
13.466,33.4
13.468,30.7
13.47,25.2
13.472,18
13.474,13.7
13.476,14.1
13.478,20.8
13.48,30.1
13.482,38.7
13.484,44.5
13.486,47
13.488,45.9
13.49,41.3
13.492,34.5
13.494,30.6
13.496,30.8
13.498,37.3
13.5,44.8
13.502,51.3
13.504,53.5
13.506,51.1
13.508,44.4
13.51,33
13.512,17.5
13.514,3.23
13.516,-11.6
13.518,-10.1
13.52,-5.3
13.522,-2.05
13.524,-0.461
13.526,1.58
13.528,-0.907
13.53,-2.75
13.532,-5.11
13.534,-5.56
13.536,0.622
13.538,12.6
13.54,26.4
13.542,38
13.544,46.2
13.546,47.9
13.548,45.5
13.55,39.6
13.552,29.9
13.554,22.5
13.556,20.1
13.558,24.3
13.56,31.5
13.562,36.9
13.564,37.8
13.566,34.9
13.568,26.8
13.57,16
13.572,2.6
13.574,-6.83
13.576,-9.38
13.578,-4.28
13.58,5.91
13.582,15.9
13.584,23.6
13.586,28.7
13.588,29.1
13.59,26.2
13.592,19.1
13.594,12.2
13.596,7.69
13.598,6.87
13.6,7.44
13.602,6.8
13.604,4.83
13.606,4.89
13.608,4.32
13.61,2.79
13.612,-0.0786
13.614,-1.1
13.616,2.98
13.618,11.2
13.62,19.9
13.622,25.2
13.624,24.9
13.626,20.8
13.628,12.5
13.63,0.686
13.632,-10.8
13.634,-16.7
13.636,-15.9
13.638,-7.34
13.64,2.98
13.642,11.1
13.644,13.9
13.646,13.2
13.648,8.52
13.65,-0.27
13.652,-9.89
13.654,-16.3
13.656,-18.8
13.658,-15
13.66,-9.76
13.662,-4.22
13.664,-1.54
13.666,-2.12
13.668,-6.26
13.67,-13.6
13.672,-22.1
13.674,-27.9
13.676,-28.1
13.678,-22.1
13.68,-13.3
13.682,-6.32
13.684,-1.93
13.686,-1.35
13.688,-4.03
13.69,-11
13.692,-19.6
13.694,-24
13.696,-24.5
13.698,-17.9
13.7,-8.81
13.702,-0.971
13.704,4.64
13.706,7.12
13.708,5.91
13.71,2.98
13.712,-2.63
13.714,-3.84
13.716,-0.27
13.718,8.9
13.72,21.3
13.722,32.6
13.724,41.6
13.726,47.2
13.728,48.5
13.73,46.5
13.732,41.8
13.734,39.2
13.736,39.9
13.738,45.9
13.74,53
13.742,57.6
13.744,59
13.746,56.8
13.748,49.1
13.75,39.2
13.752,26.7
13.754,17
13.756,11.7
13.758,11.3
13.76,13.8
13.762,15.1
13.764,14.8
13.766,12
13.768,5.59
13.77,-2.24
13.772,-11.7
13.774,-18.4
13.776,-20.1
13.778,-15.9
13.78,-9.57
13.782,-3.39
13.784,0.431
13.786,2.02
13.788,-0.333
13.79,-4.79
13.792,-10.3
13.794,-13.1
13.796,-10.7
13.798,-3.33
13.8,6.17
13.802,15.2
13.804,21.5
13.806,25.2
13.808,25.5
13.81,22.9
13.812,18.6
13.814,16.7
13.816,19.5
13.818,26.7
13.82,36.2
13.822,43.8
13.824,48.7
13.826,50.7
13.828,48.9
13.83,43.9
13.832,37.3
13.834,33.1
13.836,33.4
13.838,38.6
13.84,45.2
13.842,51.3
13.844,54.8
13.846,55.5
13.848,52.3
13.85,46.6
13.852,39.6
13.854,35.2
13.856,34.5
13.858,40.6
13.86,46.6
13.862,52.8
13.864,56.6
13.866,57.8
13.868,56.1
13.87,51.2
13.872,45.1
13.874,41.6
13.876,42.4
13.878,48.5
13.88,56.3
13.882,62.6
13.884,66.2
13.886,66.7
13.888,64
13.89,59.6
13.892,52.7
13.894,49
13.896,49
13.898,54.5
13.9,61.5
13.902,66.9
13.904,70.3
13.906,70.3
13.908,67.6
13.91,62.4
13.912,55.4
13.914,50.8
13.916,50.4
13.918,55
13.92,61.4
13.922,66.7
13.924,70.3
13.926,70.3
13.928,67.1
13.93,61.5
13.932,53.2
13.934,48.8
13.936,48.5
13.938,53.6
13.94,61.2
13.942,66.8
13.944,69.9
13.946,70.7
13.948,67.2
13.95,61.7
13.952,54.3
13.954,49
13.956,49
13.958,54.1
13.96,61.6
13.962,67.8
13.964,70.8
13.966,71.9
13.968,68.2
13.97,62
13.972,54.3
13.974,49
13.976,48.2
13.978,52.6
13.98,59.2
13.982,65
13.984,67.6
13.986,66.8
13.988,62.4
13.99,54.1
13.992,43.9
13.994,36.2
13.996,32.4
13.998,34.6
14,38.3
14.002,40.7
14.004,39.3
14.006,35.3
14.008,27.1
14.01,15.7
14.012,2.85
14.014,-6.39
14.016,-10.1
14.018,-6.64
14.02,-0.142
14.022,8.2
14.024,15
14.026,20.8
14.028,25.6
14.03,29
14.032,32.1
14.034,37.7
14.036,45.9
14.038,56.1
14.04,64.7
14.042,67.6
14.044,62
14.046,50
14.048,33.4
14.05,14.8
14.052,-2.05
14.054,-10.2
14.056,-10.5
14.058,-3.26
14.06,6.67
14.062,15.6
14.064,22.3
14.066,25.7
14.068,25
14.07,21.8
14.072,16.2
14.074,13.8
14.076,15.1
14.078,23.1
14.08,32.5
14.082,40.6
14.084,46.5
14.086,47.6
14.088,47
14.09,43.9
14.092,38.5
14.094,36
14.096,37.6
14.098,43.9
14.1,52.5
14.102,59.4
14.104,63.6
14.106,65
14.108,62.7
14.11,58
14.112,51.2
14.114,47.1
14.116,47.3
14.118,52.2
14.12,58.9
14.122,64
14.124,66.8
14.126,66.8
14.128,62.8
14.13,56.4
14.132,47.6
14.134,41.3
14.136,39.4
14.138,42
14.14,46.2
14.142,49.4
14.144,49.2
14.146,46.6
14.148,39.9
14.15,30.2
14.152,18.3
14.154,9.86
14.156,7.06
14.158,10.1
14.16,16.5
14.162,21.6
14.164,25.4
14.166,26.8
14.168,25.7
14.17,22.9
14.172,19.9
14.174,20.8
14.176,27.4
14.178,39.6
14.18,53.8
14.182,64.8
14.184,71.7
14.186,75.1
14.188,73
14.19,67.1
14.192,60.4
14.194,55.6
14.196,53.6
14.198,57.5
14.2,62.9
14.202,67.9
14.204,69
14.206,67.5
14.208,62.9
14.21,55.4
14.212,47.3
14.214,42.5
14.216,41.6
14.218,46.4
14.22,53.1
14.222,58.9
14.224,61.7
14.226,61.6
14.228,57.5
14.23,52
14.232,45.8
14.234,42.2
14.236,41.3
14.238,46.2
14.24,51.2
14.242,54.8
14.244,55.9
14.246,53.6
14.248,46.2
14.25,35.3
14.252,21.4
14.254,10.2
14.256,2.6
14.258,1.39
14.26,2.92
14.262,4.57
14.264,7.25
14.266,9.41
14.268,10.9
14.27,13
14.272,14.2
14.274,17.6
14.276,23.7
14.278,32.7
14.28,40.2
14.282,43.2
14.284,42.1
14.286,37.9
14.288,30.6
14.29,22.5
14.292,12.2
14.294,4.44
14.296,-0.0786
14.298,1.13
14.3,7.95
14.302,16.6
14.304,23
14.306,25.5
14.308,22
14.31,15.8
14.312,6.99
14.314,1.45
14.316,0.686
14.318,5.46
14.32,13.2
14.322,18.9
14.324,20.8
14.326,19.7
14.328,13
14.33,4
14.332,-6.13
14.334,-11.4
14.336,-11.9
14.338,-6.83
14.34,1.13
14.342,8.33
14.344,12.7
14.346,13.3
14.348,10.2
14.35,3.74
14.352,-4.54
14.354,-10.5
14.356,-10.8
14.358,-5.49
14.36,1.45
14.362,7.63
14.364,10.2
14.366,10.5
14.368,6.23
14.37,-0.27
14.372,-8.04
14.374,-12.6
14.376,-12.7
14.378,-6.77
14.38,1.07
14.382,8.71
14.384,13.7
14.386,14.8
14.388,13.2
14.39,9.1
14.392,4.19
14.394,3.04
14.396,7.5
14.398,18.6
14.4,31.7
14.402,43.8
14.404,53.1
14.406,57.4
14.408,57.3
14.41,53.6
14.412,45.8
14.414,40.1
14.416,38.7
14.418,40.7
14.42,43.7
14.422,43.9
14.424,40.5
14.426,33.2
14.428,21.6
14.43,7.89
14.432,-7.72
14.434,-18.2
14.436,-22.4
14.438,-19.3
14.44,-12.2
14.442,-5.43
14.444,0.304
14.446,3.55
14.448,3.23
14.45,1.51
14.452,-2.44
14.454,-1.93
14.456,4.57
14.458,17.1
14.46,30.7
14.462,40.3
14.464,46.5
14.466,51
14.468,49.4
14.47,44.4
14.472,35.8
14.474,31.1
14.476,30.1
14.478,38.1
14.48,46.9
14.482,53.3
14.484,55.5
14.486,54.3
14.488,48.6
14.49,41.4
14.492,31.5
14.494,25.2
14.496,23.1
14.498,30.6
14.5,40.8
14.502,49.7
14.504,55.5
14.506,58
14.508,54.3
14.51,48.9
14.512,42.5
14.514,39
14.516,40.4
14.518,46.9
14.52,55.6
14.522,63.1
14.524,67.3
14.526,69.2
14.528,66.2
14.53,60.4
14.532,52.9
14.534,47.4
14.536,47.3
14.538,52.6
14.54,60.3
14.542,65.5
14.544,66
14.546,62.2
14.548,56.1
14.55,48.9
14.552,39.4
14.554,33.1
14.556,31.6
14.558,37.8
14.56,45.8
14.562,52.5
14.564,55.1
14.566,55
14.568,51.4
14.57,44.6
14.572,36.1
14.574,31.1
14.576,30.9
14.578,37.1
14.58,44.1
14.582,50.8
14.584,54.1
14.586,53.5
14.588,49.5
14.59,43
14.592,34.6
14.594,29.9
14.596,29.7
14.598,36.4
14.6,43.9
14.602,50.4
14.604,53.9
14.606,54.2
14.608,51.2
14.61,45
14.612,37.5
14.614,33.9
14.616,33.6
14.618,40.1
14.62,48.2
14.622,54.2
14.624,57.5
14.626,56.6
14.628,52.9
14.63,46.7
14.632,38.7
14.634,33.9
14.636,33.6
14.638,39.2
14.64,46.4
14.642,51.9
14.644,55.4
14.646,55
14.648,50.3
14.65,43.1
14.652,33.8
14.654,28.2
14.656,26.9
14.658,30.1
14.66,35
14.662,37.8
14.664,36.5
14.666,32.2
14.668,24.3
14.67,12.8
14.672,-0.779
14.674,-10.7
14.676,-15
14.678,-14
14.68,-9.51
14.682,-5.94
14.684,-4.09
14.686,-3.65
14.688,-6.19
14.69,-9.32
14.692,-12.6
14.694,-10.7
14.696,-1.61
14.698,12.7
14.7,29.5
14.702,44.3
14.704,55.1
14.706,62.2
14.708,60.8
14.71,55.2
14.712,44.2
14.714,32.9
14.716,23.4
14.718,16.9
14.72,11.6
14.722,6.93
14.724,2.34
14.726,-1.23
14.728,-4.47
14.73,-8.62
14.732,-13.6
14.734,-14.4
14.736,-11.5
14.738,-3.39
14.74,5.91
14.742,13.2
14.744,17.9
14.746,18.8
14.748,16.8
14.75,12.3
14.752,6.17
14.754,3.43
14.756,4.13
14.758,10.1
14.76,16.8
14.762,22.2
14.764,25.5
14.766,26.3
14.768,23.9
14.77,20.1
14.772,14.6
14.774,12.4
14.776,13.3
14.778,18.7
14.78,26
14.782,30.9
14.784,34.6
14.786,34.4
14.788,32.4
14.79,28.3
14.792,22.4
14.794,20.1
14.796,21.6
14.798,26.9
14.8,34.1
14.802,39.4
14.804,43
14.806,43.8
14.808,41.8
14.81,38.3
14.812,33
14.814,31
14.816,33.8
14.818,40.8
14.82,49.1
14.822,56
14.824,60.2
14.826,62
14.828,60.1
14.83,56.5
14.832,50.3
14.834,46.4
14.836,45.9
14.838,48.8
14.84,51.8
14.842,52
14.844,48
14.846,40.5
14.848,28.7
14.85,14.2
14.852,-1.48
14.854,-12.7
14.856,-18.1
14.858,-16.4
14.86,-9.89
14.862,-0.652
14.864,9.92
14.866,22.2
14.868,33.1
14.87,41.1
14.872,43.9
14.874,44.8
14.876,44.8
14.878,50.4
14.88,55.1
14.882,57.6
14.884,55.5
14.886,50
14.888,40.8
14.89,28.1
14.892,12.6
14.894,0.304
14.896,-7.09
14.898,-8.87
14.9,-8.04
14.902,-7.34
14.904,-7.6
14.906,-8.55
14.908,-9.64
14.91,-9.57
14.912,-7.09
14.914,1.9
14.916,15.8
14.918,32.9
14.92,47.4
14.922,55.3
14.924,55.9
14.926,48
14.928,33.2
14.93,15.6
14.932,-2.5
14.934,-11.8
14.936,-15.4
14.938,-10.8
14.94,-4.16
14.942,3.23
14.944,10.1
14.946,13.2
14.948,10.7
14.95,5.97
14.952,-1.67
14.954,-5.18
14.956,-5.37
14.958,-1.67
14.96,4.06
14.962,8.78
14.964,10.2
14.966,9.35
14.968,5.4
14.97,-0.206
14.972,-7.72
14.974,-11.1
14.976,-10.5
14.978,-4.73
14.98,2.28
14.982,7.31
14.984,10.2
14.986,11.3
14.988,7.25
14.99,1.9
14.992,-6.19
14.994,-10.1
14.996,-9.19
14.998,-3.14
15,5.15
15.002,11.5
15.004,14.9
15.006,14.8
15.008,10.5
15.01,4.25
15.012,-4.03
15.014,-8.36
15.016,-7.53
15.018,-0.588
15.02,7.57
15.022,14.3
15.024,17.3
15.026,18.2
15.028,14.1
15.03,7.57
15.032,-0.525
15.034,-5.56
15.036,-5.18
15.038,1.45
15.04,10.2
15.042,18
15.044,23.4
15.046,27.1
15.048,27.8
15.05,27.4
15.052,25.8
15.054,29.2
15.056,36.3
15.058,48.2
15.06,58.3
15.062,64.4
15.064,64.7
15.066,57.6
15.068,44.1
15.07,26.4
15.072,5.97
15.074,-9
15.076,-16.6
15.078,-15.8
15.08,-10.5
15.082,-4.28
15.084,2.02
15.086,7.06
15.088,10.9
15.09,13
15.092,13.3
15.094,17.3
15.096,24.5
15.098,37.1
15.1,49.2
15.102,56.6
15.104,59.7
15.106,60.6
15.108,56.3
15.11,47.7
15.112,36.9
15.114,30.1
15.116,29.6
15.118,33.4
15.12,38.7
15.122,40.7
15.124,39.6
15.126,35
15.128,26.4
15.13,15.5
15.132,2.34
15.134,-5.81
15.136,-9.38
15.138,-6.13
15.14,-1.23
15.142,1.83
15.144,1.96
15.146,0.431
15.148,-6
15.15,-13
15.152,-21.9
15.154,-26
15.156,-25.7
15.158,-19
15.16,-11.2
15.162,-4.67
15.164,-1.42
15.166,-0.397
15.168,-3.39
15.17,-8.42
15.172,-14.5
15.174,-17
15.176,-14.4
15.178,-6.9
15.18,1.77
15.182,8.4
15.184,12.2
15.186,13.7
15.188,10.8
15.19,6.1
15.192,0.24
15.194,-2.75
15.196,-0.716
15.198,6.1
15.2,13.2
15.202,19.5
15.204,22.9
15.206,23
15.208,19.9
15.21,14
15.212,6.87
15.214,4.06
15.216,4.89
15.218,11.2
15.22,18.2
15.222,23.9
15.224,26.8
15.226,26.9
15.228,22.8
15.23,16.8
15.232,9.22
15.234,6.04
15.236,6.67
15.238,14.2
15.24,22.7
15.242,29
15.244,32.5
15.246,33.1
15.248,30
15.25,24.4
15.252,17
15.254,14.3
15.256,15.8
15.258,23
15.26,32.5
15.262,39.9
15.264,43.7
15.266,43.6
15.268,36.6
15.27,29.7
15.272,20.7
15.274,16.2
15.276,18.6
15.278,26
15.28,36.7
15.282,46
15.284,48.4
15.286,48.2
15.288,43.5
15.29,36.7
15.292,27.5
15.294,22.3
15.296,23.3
15.298,30.9
15.3,40.1
15.302,46.1
15.304,49.2
15.306,47.2
15.308,38.3
15.31,28.3
15.312,16
15.314,9.03
15.316,8.01
15.318,12.8
15.32,20
15.322,25.5
15.324,27.6
15.326,27.3
15.328,22.2
15.33,15.3
15.332,7.69
15.334,6.87
15.336,12.7
15.338,26.5
15.34,42.2
15.342,57
15.344,67.1
15.346,73.3
15.348,73.5
15.35,69.8
15.352,62.1
15.354,57.3
15.356,55
15.358,57.4
15.36,58.9
15.362,57.3
15.364,51.7
15.366,42
15.368,31.8
15.37,20.4
15.372,7.18
15.374,1.32
15.376,2.15
15.378,12
15.38,21.5
15.382,29
15.384,32.7
15.386,32
15.388,27.2
15.39,20.6
15.392,11.8
15.394,7.95
15.396,8.9
15.398,16.2
15.4,24.1
15.402,29.7
15.404,32.5
15.406,31.6
15.408,26.1
15.41,19.3
15.412,10.6
15.414,7.18
15.416,8.08
15.418,14.3
15.42,21.8
15.422,26.9
15.424,29.2
15.426,28.7
15.428,24.2
15.43,18.3
15.432,10.7
15.434,7.38
15.436,8.65
15.438,14.8
15.44,21.8
15.442,27.4
15.444,29.3
15.446,29.4
15.448,24.7
15.45,18.5
15.452,10.7
15.454,7.38
15.456,8.08
15.458,14.3
15.46,21.3
15.462,26.8
15.464,29.1
15.466,29
15.468,26
15.47,20.9
15.472,14.7
15.474,12.8
15.476,14.5
15.478,21.6
15.48,29.7
15.482,35.9
15.484,40.1
15.486,41.3
15.488,39.4
15.49,35.9
15.492,30.8
15.494,30.6
15.496,34.1
15.498,43.1
15.5,52.3
15.502,60.4
15.504,65.5
15.506,67.1
15.508,65.2
15.51,60.1
15.512,52.3
15.514,47.3
15.516,44.2
15.518,44.5
15.52,44.4
15.522,40.9
15.524,34.6
15.526,24.8
15.528,13.3
15.53,1.96
15.532,-8.49
15.534,-10.5
15.536,-4.86
15.538,8.2
15.54,25.2
15.542,40.3
15.544,52
15.546,59.3
15.548,60
15.55,56.5
15.552,48.8
15.554,44.3
15.556,44.2
15.558,47.3
15.56,52
15.562,53.9
15.564,52.2
15.566,47.4
15.568,37.7
15.57,26.3
15.572,13.3
15.574,5.66
15.576,4.83
15.578,9.54
15.58,17.6
15.582,24.7
15.584,29
15.586,29.4
15.588,24.8
15.59,16.4
15.592,3.74
15.594,-3.84
15.596,-4.16
15.598,4.64
15.6,18
15.602,30.9
15.604,41.3
15.606,47.2
15.608,45.7
15.61,37.8
15.612,26
15.614,16.8
15.616,9.1
15.618,6.93
15.62,9.73
15.622,14.9
15.624,18
15.626,17.8
15.628,12.2
15.63,4.89
15.632,-4.47
15.634,-7.15
15.636,-5.49
15.638,2.53
15.64,10.6
15.642,15.8
15.644,17.9
15.646,16
15.648,9.48
15.65,1.32
15.652,-8.93
15.654,-13.5
15.656,-12.8
15.658,-5.3
15.66,4.51
15.662,12.1
15.664,15.8
15.666,15
15.668,9.99
15.67,1.71
15.672,-9.57
15.674,-14.1
15.676,-12.8
15.678,-4.28
15.68,6.17
15.682,13.6
15.684,17.6
15.686,17.4
15.688,11.6
15.69,4.06
15.692,-5.69
15.694,-8.68
15.696,-4.03
15.698,7.38
15.7,21.7
15.702,34.1
15.704,41.2
15.706,44.9
15.708,43.7
15.71,40.6
15.712,34.7
15.714,35.1
15.716,40.2
15.718,51.5
15.72,63.6
15.722,72.1
15.724,74.5
15.726,72.6
15.728,63.9
15.73,51.3
15.732,36.2
15.734,25.7
15.736,21.1
15.738,22.3
15.74,23.7
15.742,23.5
15.744,19.4
15.746,13.1
15.748,2.47
15.75,-9.7
15.752,-22.4
15.754,-28.2
15.756,-27
15.758,-18.4
15.76,-7.47
15.762,2.09
15.764,8.33
15.766,11.8
15.768,11
15.77,8.01
15.772,3.87
15.774,5.4
15.776,11.6
15.778,24.1
15.78,37
15.782,47.2
15.784,53.4
15.786,55.5
15.788,52.9
15.79,47.1
15.792,38.8
15.794,35.5
15.796,36.4
15.798,43.9
15.8,52
15.802,57.3
15.804,58.7
15.806,56.5
15.808,51
15.81,43.5
15.812,33.6
15.814,29.9
15.816,30.4
15.818,36.9
15.82,44.9
15.822,50.1
15.824,52.2
15.826,51.2
15.828,46.3
15.83,38.8
15.832,30.4
15.834,27.1
15.836,29.2
15.838,35.7
15.84,44.1
15.842,49.7
15.844,52.4
15.846,52
15.848,47.3
15.85,41.5
15.852,33.6
15.854,30.8
15.856,33.4
15.858,41.1
15.86,49.7
15.862,56.3
15.864,59.4
15.866,59.7
15.868,55.9
15.87,50.2
15.872,42.5
15.874,40
15.876,43.1
15.878,50.5
15.88,59.3
15.882,65.7
15.884,68.5
15.886,68.2
15.888,63.6
15.89,56.4
15.892,48
15.894,44.9
15.896,46.7
15.898,53.8
15.9,62.2
15.902,68.5
15.904,70.8
15.906,70.1
15.908,65.6
15.91,58.7
15.912,50.5
15.914,47.6
15.916,49.4
15.918,56.9
15.92,65.3
15.922,71.3
15.924,73.9
15.926,72.8
15.928,67.9
15.93,60.6
15.932,51.4
15.934,48.5
15.936,50.3
15.938,57.8
15.94,66.7
15.942,73.1
15.944,76.1
15.946,75.1
15.948,70.4
15.95,63.2
15.952,54.2
15.954,51
15.956,53.1
15.958,60.4
15.96,69.6
15.962,75.7
15.964,78.7
15.966,77.7
15.968,72.7
15.97,65
15.972,55.3
15.974,51.9
15.976,53.6
15.978,60.7
15.98,69.1
15.982,74.3
15.984,75.7
15.986,73.4
15.988,65.9
15.99,56.1
15.992,43.8
15.994,37.2
15.996,36.1
15.998,40.6
16,46.4
16.002,49.5
16.004,48.2
16.006,43.6
16.008,33.6
16.01,21.6
16.012,7.44
16.014,-0.206
16.016,-1.35
16.018,3.87
16.02,11.3
16.022,17.2
16.024,20.2
16.026,21.8
16.028,19.8
16.03,17.8
16.032,15.7
16.034,20.6
16.036,32.5
16.038,50.2
16.04,67.8
16.042,79.9
16.044,85.8
16.046,85.2
16.048,75.5
16.05,60.2
16.052,40.3
16.054,24.5
16.056,15
16.058,13.4
16.06,15.8
16.062,18.9
16.064,21.1
16.066,20.6
16.068,17.3
16.07,12.5
16.072,6.04
16.074,5.91
16.076,10.5
16.078,20.6
16.08,31.3
16.082,39.7
16.084,44.1
16.086,44.9
16.088,41.4
16.09,35.2
16.092,27.8
16.094,26.3
16.096,29
16.098,37.5
16.1,46.8
16.102,53.6
16.104,56.4
16.106,56.2
16.108,51.6
16.11,44.4
16.112,36
16.114,33.1
16.116,35
16.118,42.4
16.12,50.8
16.122,56.8
16.124,59.7
16.126,58.7
16.128,53.4
16.13,46.6
16.132,38.2
16.134,36.3
16.136,38.7
16.138,46.9
16.14,56.2
16.142,63.1
16.144,66.4
16.146,66.2
16.148,61.7
16.15,55.1
16.152,46.6
16.154,44
16.156,46.1
16.158,52.9
16.16,60.7
16.162,64.1
16.164,63.8
16.166,58.9
16.168,48.4
16.17,35.2
16.172,19.4
16.174,7.63
16.176,1.45
16.178,0.559
16.18,2.15
16.182,2.98
16.184,2.15
16.186,2.6
16.188,2.15
16.19,2.6
16.192,5.15
16.194,13.6
16.196,26.7
16.198,42.1
16.2,55.4
16.202,65
16.204,67.5
16.206,65.9
16.208,59.8
16.21,49.1
16.212,37.8
16.214,30.6
16.216,28.4
16.218,32
16.22,36.5
16.222,37.6
16.224,36.2
16.226,30.8
16.228,22.6
16.23,12.4
16.232,3.62
16.234,1.2
16.236,4.38
16.238,13.1
16.24,22.4
16.242,27.5
16.244,27.4
16.246,23
16.248,14.3
16.25,4.38
16.252,-3.14
16.254,-1.35
16.256,7.76
16.258,22.7
16.26,37.3
16.262,47.8
16.264,49.9
16.266,45
16.268,34.2
16.27,17.8
16.272,-0.0149
16.274,-10
16.276,-11
16.278,-4.09
16.28,3.36
16.282,7.44
16.284,9.22
16.286,8.9
16.288,4.51
16.29,-2.75
16.292,-11.4
16.294,-14.8
16.296,-14.4
16.298,-8.42
16.3,-0.716
16.302,4.83
16.304,7.89
16.306,7.12
16.308,1.64
16.31,-6.32
16.312,-15.2
16.314,-18
16.316,-16.1
16.318,-9.64
16.32,-1.54
16.322,4.13
16.324,5.91
16.326,4.57
16.328,-0.779
16.33,-7.85
16.332,-15.9
16.334,-18.9
16.336,-16.3
16.338,-9.57
16.34,-1.23
16.342,5.34
16.344,7.18
16.346,6.93
16.348,2.79
16.35,-3.52
16.352,-9.64
16.354,-11.9
16.356,-9.25
16.358,-1.48
16.36,6.55
16.362,13.7
16.364,17.3
16.366,18.1
16.368,15.4
16.37,11.3
16.372,7.31
16.374,9.16
16.376,16.2
16.378,28.1
16.38,40.3
16.382,49.9
16.384,55.4
16.386,56
16.388,52.1
16.39,44.1
16.392,34.4
16.394,28
16.396,25
16.398,26
16.4,26
16.402,23.6
16.404,17.8
16.406,8.4
16.408,-3.77
16.41,-17.6
16.412,-30.4
16.414,-36.8
16.416,-37.2
16.418,-31.2
16.42,-23.7
16.422,-17
16.424,-12.2
16.426,-10.5
16.428,-11.5
16.43,-14.1
16.432,-16.8
16.434,-13.7
16.436,-5.94
16.438,6.74
16.44,19.4
16.442,29.1
16.444,34.6
16.446,35
16.448,31.1
16.45,24
16.452,15.8
16.454,12.8
16.456,13.7
16.458,21.1
16.46,29.4
16.462,34.9
16.464,36.4
16.466,34.6
16.468,29.5
16.47,23.2
16.472,16.6
16.474,14
16.476,17.6
16.478,24.4
16.48,31.3
16.482,35.7
16.484,37.1
16.486,35.9
16.488,30
16.49,22.7
16.492,14.8
16.494,11.8
16.496,14.4
16.498,21.1
16.5,28.3
16.502,33.6
16.504,34.5
16.506,33.1
16.508,27.7
16.51,20
16.512,11.8
16.514,8.71
16.516,11.1
16.518,18.4
16.52,25.7
16.522,31.7
16.524,34.3
16.526,33.6
16.528,29.5
16.53,22.3
16.532,16.1
16.534,14.9
16.536,18.8
16.538,27.5
16.54,37.3
16.542,45.2
16.544,50.5
16.546,52.4
16.548,51.4
16.55,50.9
16.552,49.8
16.554,51.4
16.556,56.6
16.558,66
16.56,74.7
16.562,79.2
16.564,79.8
16.566,77.3
16.568,71.2
16.57,62.7
16.572,53.7
16.574,50.3
16.576,51.8
16.578,57.8
16.58,64.3
16.582,68.3
16.584,69.5
16.586,68
16.588,62.7
16.59,55.5
16.592,48.5
16.594,46.1
16.596,48.7
16.598,55.2
16.6,62.2
16.602,66.5
16.604,68.1
16.606,66.6
16.608,61.4
16.61,54.7
16.612,47.2
16.614,45.2
16.616,47.8
16.618,54.2
16.62,61.3
16.622,66
16.624,67.6
16.626,65.7
16.628,60.3
16.63,53.2
16.632,45.9
16.634,43.1
16.636,45.3
16.638,51.3
16.64,57.8
16.642,61.9
16.644,62.7
16.646,60.2
16.648,53.8
16.65,44.6
16.652,35.4
16.654,30.2
16.656,29.8
16.658,33.6
16.66,36.7
16.662,37.8
16.664,35.2
16.666,29
16.668,18.7
16.67,6.42
16.672,-6.77
16.674,-13.8
16.676,-15.9
16.678,-11.6
16.68,-7.02
16.682,-2.75
16.684,0.24
16.686,1.13
16.688,1.13
16.69,0.0488
16.692,-0.461
16.694,5.91
16.696,17.4
16.698,33.2
16.7,47.5
16.702,57
16.704,59.6
16.706,55.8
16.708,45.4
16.71,30.3
16.712,12.4
16.714,-1.48
16.716,-9.95
16.718,-12.6
16.72,-12.4
16.722,-11.2
16.724,-10.4
16.726,-11.8
16.728,-17
16.73,-23.7
16.732,-28.6
16.734,-26.6
16.736,-21
16.738,-11
16.74,-0.0786
16.742,7.95
16.744,12.2
16.746,12.8
16.748,9.67
16.75,5.15
16.752,0.495
16.754,0.367
16.756,4.95
16.758,14.2
16.76,23.6
16.762,29.7
16.764,32.8
16.766,33.1
16.768,29.8
16.77,23.4
16.772,18.1
16.774,16.9
16.776,20.4
16.778,28.3
16.78,35.2
16.782,40.7
16.784,43
16.786,41.8
16.788,38
16.79,31
16.792,24.5
16.794,22.8
16.796,25.1
16.798,30.2
16.8,34.5
16.802,35.7
16.804,32.9
16.806,25.7
16.808,15.4
16.81,2.28
16.812,-11.1
16.814,-20.2
16.816,-24.5
16.818,-23.1
16.82,-21
16.822,-20
16.824,-19.9
16.826,-21.2
16.828,-23.7
16.83,-25.8
16.832,-25.8
16.834,-19.5
16.836,-7.28
16.838,8.08
16.84,22.9
16.842,34.2
16.844,40.3
16.846,41.1
16.848,34.8
16.85,27.4
16.852,19.4
16.854,14.8
16.856,15.3
16.858,19.8
16.86,24.3
16.862,26
16.864,24.6
16.866,19.5
16.868,10.8
16.87,-0.27
16.872,-9.89
16.874,-14.4
16.876,-12.8
16.878,-6.83
16.88,-1.1
16.882,2.34
16.884,1.2
16.886,-3.14
16.888,-11.5
16.89,-21.9
16.892,-30.1
16.894,-32.8
16.896,-27.9
16.898,-16.9
16.9,-5.18
16.902,5.4
16.904,11.4
16.906,13.4
16.908,10.9
16.91,5.21
16.912,-2.12
16.914,-5.94
16.916,-5.05
16.918,-0.27
16.92,4.83
16.922,7.18
16.924,8.46
16.926,7.57
16.928,2.92
16.93,-3.52
16.932,-10.5
16.934,-14.1
16.936,-15
16.938,-10.8
16.94,-5.05
16.942,-0.461
16.944,2.6
16.946,1.58
16.948,-4.79
16.95,-14
16.952,-22.9
16.954,-26.8
16.956,-24.9
16.958,-19.4
16.96,-12.9
16.962,-9.64
16.964,-7.53
16.966,-9.32
16.968,-15.8
16.97,-23.8
16.972,-31.3
16.974,-33.1
16.976,-29.3
16.978,-21.5
16.98,-12.9
16.982,-7.28
16.984,-5.18
16.986,-6.83
16.988,-13.1
16.99,-21.8
16.992,-29.4
16.994,-31.8
16.996,-27.6
16.998,-19.9
17,-11.4
17.002,-5.3
17.004,-3.46
17.006,-5.05
17.008,-10.3
17.01,-18.6
17.012,-25.6
17.014,-28
17.016,-24
17.018,-15.9
17.02,-8.23
17.022,-3.01
17.024,-1.74
17.026,-4.47
17.028,-10.1
17.03,-19.1
17.032,-26.5
17.034,-28.9
17.036,-24.9
17.038,-15.6
17.04,-6.7
17.042,0.367
17.044,4.38
17.046,4.44
17.048,1.71
17.05,-3.46
17.052,-7.28
17.054,-5.62
17.056,2.09
17.058,14.3
17.06,26.7
17.062,36.2
17.064,42
17.066,43.4
17.068,40.6
17.07,35.2
17.072,29.6
17.074,28.8
17.076,32.8
17.078,40.4
17.08,46.9
17.082,49
17.084,49.1
17.086,45.7
17.088,36.8
17.09,25.8
17.092,14.4
17.094,7.95
17.096,8.59
17.098,12.7
17.1,17.6
17.102,19
17.104,17.3
17.106,11.4
17.108,2.66
17.11,-8.62
17.112,-18.9
17.114,-24.2
17.116,-25.1
17.118,-19.3
17.12,-13.6
17.122,-10.7
17.124,-10.5
17.126,-14.4
17.128,-21.9
17.13,-31.9
17.132,-40.7
17.134,-44.7
17.136,-43
17.138,-36
17.14,-28.9
17.142,-24.9
17.144,-23.9
17.146,-26
17.148,-32.9
17.15,-41.2
17.152,-47.4
17.154,-47.6
17.156,-41.9
17.158,-31.7
17.16,-20.9
17.162,-11.9
17.164,-6.32
17.166,-4.35
17.168,-3.84
17.17,-5.75
17.172,-5.18
17.174,1.45
17.176,13
17.178,28.7
17.18,43.3
17.182,54.5
17.184,61.6
17.186,64.1
17.188,61.9
17.19,56.7
17.192,51
17.194,49.6
17.196,52.7
17.198,60.1
17.2,67
17.202,71
17.204,72
17.206,69.8
17.208,63
17.21,54.5
17.212,47
17.214,44.9
17.216,48.7
17.218,55.3
17.22,62.7
17.222,67.1
17.224,68.2
17.226,65.7
17.228,60.4
17.23,53.3
17.232,47.1
17.234,44.8
17.236,48.3
17.238,55.1
17.24,61.9
17.242,66.5
17.244,67.5
17.246,65.6
17.248,60.3
17.25,53.1
17.252,47.1
17.254,45
17.256,49.2
17.258,55.5
17.26,62.6
17.262,66.8
17.264,68.3
17.266,66.4
17.268,61.3
17.27,54.3
17.272,48.4
17.274,46.4
17.276,50.1
17.278,57.2
17.28,63.6
17.282,68.3
17.284,69.3
17.286,67.3
17.288,62.2
17.29,54.6
17.292,48.5
17.294,45.8
17.296,48.2
17.298,54.2
17.3,59.2
17.302,61.5
17.304,59.9
17.306,53.6
17.308,43.9
17.31,30.6
17.312,18
17.314,10.1
17.316,5.85
17.318,6.61
17.32,7.76
17.322,7.95
17.324,7.06
17.326,4.76
17.328,1.58
17.33,-0.779
17.332,0.941
17.334,9.61
17.336,24
17.338,42.5
17.34,58.5
17.342,67.7
17.344,70.4
17.346,63.3
17.348,48.7
17.35,27.3
17.352,5.46
17.354,-9.76
17.356,-16.2
17.358,-12.3
17.36,-5.18
17.362,0.813
17.364,5.15
17.366,5.02
17.368,2.47
17.37,-1.86
17.372,-6.32
17.374,-6.19
17.376,-2.12
17.378,6.55
17.38,15.3
17.382,20.8
17.384,22.4
17.386,20.5
17.388,15
17.39,8.4
17.392,3.43
17.394,2.85
17.396,9.22
17.398,17.5
17.4,25
17.402,30.2
17.404,32
17.406,30.6
17.408,26
17.41,19.9
17.412,14.8
17.414,14
17.416,18.1
17.418,24.6
17.42,30.6
17.422,35.1
17.424,36.5
17.426,34.4
17.428,30.4
17.43,24.1
17.432,20
17.434,18.9
17.436,22.3
17.438,29.2
17.44,35.5
17.442,39.9
17.444,41.7
17.446,40.4
17.448,36.7
17.45,31.1
17.452,26.9
17.454,26.7
17.456,30.9
17.458,38
17.46,44
17.462,48.2
17.464,50.1
17.466,48.3
17.468,44.7
17.47,38.5
17.472,32.5
17.474,30.2
17.476,31.4
17.478,35.7
17.48,38.1
17.482,38.1
17.484,35.9
17.486,30.7
17.488,24.7
17.49,18
17.492,14.6
17.494,17.5
17.496,25.4
17.498,35.9
17.5,45.3
17.502,50.4
17.504,54.4
17.506,55.7
17.508,53.5
17.51,48.6
17.512,45.4
17.514,45.8
17.516,49
17.518,53.6
17.52,56.6
17.522,56.7
17.524,53.1
17.526,46.2
17.528,36.5
17.53,24.7
17.532,15.7
17.534,11.5
17.536,13.9
17.538,19.5
17.54,25
17.542,28.8
17.544,29.6
17.546,27.2
17.548,23.6
17.55,17.6
17.552,14
17.554,13.4
17.556,16.6
17.558,22
17.56,26.5
17.562,29.4
17.564,32
17.566,33.4
17.568,34.1
17.57,32.9
17.572,31.1
17.574,30.6
17.576,30.2
17.578,30.1
17.58,28.3
17.582,23.4
17.584,19.4
17.586,15
17.588,9.73
17.59,1.77
17.592,-4.22
17.594,-5.75
17.596,-0.525
17.598,9.22
17.6,17.6
17.602,22.4
17.604,23.9
17.606,20.7
17.608,13.4
17.61,3.74
17.612,-4.03
17.614,-6.13
17.616,-1.23
17.618,6.1
17.62,14
17.622,19.2
17.624,21.4
17.626,19.4
17.628,13.6
17.63,5.34
17.632,-1.67
17.634,-3.46
17.636,0.941
17.638,8.4
17.64,15.8
17.642,20.8
17.644,21.8
17.646,18.8
17.648,12.3
17.65,3.3
17.652,-3.33
17.654,-5.3
17.656,-0.397
17.658,6.93
17.66,14.3
17.662,18.7
17.664,19.8
17.666,16.9
17.668,11.1
17.67,2.53
17.672,-3.2
17.674,-4.03
17.676,1.39
17.678,12.6
17.68,23.5
17.682,32.5
17.684,39
17.686,42
17.688,42.6
17.69,40.2
17.692,38.7
17.694,40.7
17.696,46.4
17.698,53.6
17.7,56.3
17.702,53.4
17.704,44.6
17.706,29.9
17.708,12
17.71,-7.47
17.712,-22.7
17.714,-29.7
17.716,-26.7
17.718,-17.2
17.72,-5.49
17.722,5.97
17.724,15.8
17.726,22.5
17.728,25.1
17.73,25.2
17.732,26
17.734,30
17.736,38.2
17.738,46.7
17.74,53.2
17.742,57.3
17.744,57.1
17.746,52.1
17.748,40.5
17.75,32.2
17.752,26.7
17.754,22
17.756,23
17.758,26.2
17.76,32
17.762,32.3
17.764,30.2
17.766,24.3
17.768,14.5
17.77,2.34
17.772,-6.32
17.774,-10
17.776,-6.9
17.778,0.622
17.78,7.57
17.782,11.1
17.784,11.8
17.786,8.2
17.788,1.77
17.79,-7.02
17.792,-13
17.794,-14.3
17.796,-10
17.798,-2.37
17.8,4.19
17.802,8.33
17.804,9.92
17.806,8.01
17.808,3.04
17.81,-4.03
17.812,-8.74
17.814,-9
17.816,-3.46
17.818,5.59
17.82,13.8
17.822,19.5
17.824,22.5
17.826,21.8
17.828,17.8
17.83,11.6
17.832,7.89
17.834,8.59
17.836,15
17.838,24
17.84,32.5
17.842,37.8
17.844,39.9
17.846,39
17.848,34.5
17.85,28
17.852,23.1
17.854,22.2
17.856,28
17.858,34.9
17.86,42.3
17.862,47.2
17.864,49.4
17.866,47.6
17.868,43.6
17.87,37.8
17.872,33.9
17.874,34.3
17.876,40.4
17.878,50.2
17.88,59
17.882,65
17.884,67.3
17.886,66.2
17.888,61.5
17.89,55
17.892,50.6
17.894,49.7
17.896,54.2
17.898,62
17.9,68.2
17.902,72.5
17.904,73.8
17.906,71.4
17.908,66.6
17.91,59
17.912,54.1
17.914,53.4
17.916,58.5
17.918,66.1
17.92,73.1
17.922,76.8
17.924,78
17.926,75.6
17.928,69.9
17.93,62.2
17.932,56.9
17.934,56.1
17.936,60.6
17.938,67.3
17.94,73.3
17.942,76.1
17.944,76.2
17.946,72.2
17.948,64.6
17.95,55
17.952,46.7
17.954,42
17.956,42.4
17.958,45
17.96,46.1
17.962,44.3
17.964,39.9
17.966,32.4
17.968,22.1
17.97,11.7
17.972,4.89
17.974,4.13
17.976,11.4
17.978,23
17.98,36.3
17.982,48.8
17.984,58.3
17.986,64
17.988,65.9
17.99,62.9
17.992,59.7
17.994,56.1
17.996,55
17.998,55
18,52.2
18.002,45.8
18.004,39.2
18.006,30.6
18.008,21.3
18.01,10.6
18.012,4.57
18.014,5.66
18.016,11.8
18.018,20.4
18.02,27.3
18.022,30.7
18.024,32.2
18.026,29.1
18.028,23.4
18.03,16.4
18.032,10.8
18.034,9.48
18.036,12.5
18.038,18.3
18.04,23.8
18.042,26.2
18.044,25.7
18.046,21.6
18.048,15.1
18.05,7.12
18.052,0.686
18.054,-1.67
18.056,1.26
18.058,6.42
18.06,11.8
18.062,14.3
18.064,15.1
18.066,12.4
18.068,7.57
18.07,0.941
18.072,-3.2
18.074,-4.28
18.076,-0.0786
18.078,5.4
18.08,10.2
18.082,13.2
18.084,13.5
18.086,11.1
18.088,5.85
18.09,-1.1
18.092,-5.62
18.094,-6.96
18.096,-2.75
18.098,3.23
18.1,8.71
18.102,12.2
18.104,13.5
18.106,12
18.108,10.2
18.11,4
18.112,0.431
18.114,0.877
18.116,6.17
18.118,13.8
18.12,20.4
18.122,24.8
18.124,27.5
18.126,26.9
18.128,24.9
18.13,21.4
18.132,20.6
18.134,23.7
18.136,31.7
18.138,42.4
18.14,52.3
18.142,59.6
18.144,64.2
18.146,65.2
18.148,62.7
18.15,57.3
18.152,52.9
18.154,50.7
18.156,51.1
18.158,52
18.16,50.6
18.162,45.7
18.164,37.4
18.166,25
18.168,9.67
18.17,-6.19
18.172,-17.8
18.174,-23.5
18.176,-22
18.178,-16.5
18.18,-10.3
18.182,-6.83
18.184,-5.81
18.186,-7.66
18.188,-12.6
18.19,-19.7
18.192,-23.4
18.194,-23.2
18.196,-16.7
18.198,-7.6
18.2,-0.588
18.202,4.51
18.204,5.46
18.206,2.41
18.208,-3.07
18.21,-11.4
18.212,-17.5
18.214,-19.1
18.216,-15.1
18.218,-7.98
18.22,-2.63
18.222,0.0488
18.224,-0.0149
18.226,-3.65
18.228,-10.1
18.23,-18.3
18.232,-23.3
18.234,-22.9
18.236,-15.9
18.238,-5.11
18.24,6.04
18.242,15.3
18.244,23.9
18.246,28.2
18.248,31.3
18.25,32.4
18.252,35.1
18.254,40.5
18.256,49.1
18.258,56.7
18.26,60.5
18.262,57.7
18.264,48.5
18.266,34.3
18.268,16.6
18.27,-1.1
18.272,-12.9
18.274,-14.8
18.276,-9.57
18.278,-0.27
18.28,8.9
18.282,14.8
18.284,17.3
18.286,15.6
18.288,10.6
18.29,2.79
18.292,-2.05
18.294,-2.18
18.296,4.7
18.298,13.6
18.3,22.3
18.302,26.9
18.304,28.1
18.306,25
18.308,19
18.31,9.92
18.312,4.83
18.314,4.06
18.316,9.99
18.318,19
18.32,27.3
18.322,32.3
18.324,34.3
18.326,32.2
18.328,27.2
18.33,20.1
18.332,16
18.334,17.4
18.336,24.6
18.338,35.2
18.34,44
18.342,49.7
18.344,51.7
18.346,49.2
18.348,43.1
18.35,34.3
18.352,27.9
18.354,26.4
18.356,29.7
18.358,35.3
18.36,39.4
18.362,39.7
18.364,36.8
18.366,29.4
18.368,19.4
18.37,7.31
18.372,-0.652
18.374,-2.95
18.376,1.96
18.378,10.2
18.38,18.8
18.382,24.5
18.384,27.1
18.386,26
18.388,21.5
18.39,15.7
18.392,13.2
18.394,14.6
18.396,22.3
18.398,31.7
18.4,40.1
18.402,44.3
18.404,45.2
18.406,41.7
18.408,35.1
18.41,26
18.412,21
18.414,19.6
18.416,24.6
18.418,31.6
18.42,36.9
18.422,39.7
18.424,39
18.426,34.1
18.428,26.3
18.43,15.7
18.432,8.52
18.434,6.87
18.436,11.5
18.438,18.7
18.44,24.3
18.442,26.9
18.444,26.8
18.446,22.1
18.448,14.8
18.45,5.97
18.452,-0.461
18.454,-1.03
18.456,3.62
18.458,10.6
18.46,17.1
18.462,19.9
18.464,20.5
18.466,17.3
18.468,11.1
18.47,3.62
18.472,-1.35
18.474,-1.35
18.476,5.21
18.478,13.1
18.48,20.3
18.482,24.9
18.484,26.4
18.486,24.2
18.488,19.5
18.49,12.6
18.492,9.29
18.494,10.3
18.496,17.1
18.498,26
18.5,33.5
18.502,38.3
18.504,39.9
18.506,38.4
18.508,34.3
18.51,28
18.512,25.3
18.514,26.4
18.516,32.4
18.518,40.8
18.52,47.8
18.522,52.1
18.524,53.4
18.526,50.8
18.528,45.6
18.53,38.3
18.532,33.6
18.534,33.2
18.536,37.9
18.538,44.4
18.54,50.2
18.542,52.7
18.544,53.2
18.546,49.5
18.548,42.9
18.55,34.9
18.552,28.8
18.554,28
18.556,32.7
18.558,40
18.56,46.1
18.562,49
18.564,49.4
18.566,45.9
18.568,39.2
18.57,31.6
18.572,26.5
18.574,26
18.576,32.7
18.578,40.9
18.58,48.7
18.582,54.5
18.584,55.8
18.586,52.5
18.588,45.8
18.59,36.6
18.592,30.6
18.594,30.7
18.596,38.1
18.598,48.3
18.6,57.1
18.602,62.3
18.604,63.8
18.606,59.2
18.608,52.3
18.61,42.7
18.612,37.7
18.614,38.1
18.616,45.7
18.618,55.5
18.62,63.7
18.622,68.6
18.624,69.3
18.626,65.4
18.628,58.2
18.63,48.5
18.632,42.5
18.634,42.1
18.636,47.9
18.638,56.8
18.64,63.8
18.642,66
18.644,65.3
18.646,58.9
18.648,48.4
18.65,35.6
18.652,26.4
18.654,22.5
18.656,25.8
18.658,30.8
18.66,34.6
18.662,34.5
18.664,32.2
18.666,26
18.668,17.4
18.67,8.46
18.672,3.94
18.674,8.59
18.676,21.2
18.678,37.2
18.68,53.2
18.682,66.2
18.684,75.4
18.686,78.7
18.688,76.3
18.69,68.4
18.692,62.4
18.694,57.3
18.696,56.6
18.698,55.7
18.7,51.7
18.702,45
18.704,35.3
18.706,23
18.708,12
18.71,1.71
18.712,-2.05
18.714,0.176
18.716,8.4
18.718,18.7
18.72,27.6
18.722,33.2
18.724,35.2
18.726,32.8
18.728,28.1
18.73,20.7
18.732,16.9
18.734,17.6
18.736,24.1
18.738,32.4
18.74,38.7
18.742,42
18.744,41.8
18.746,38.1
18.748,30.9
18.75,23
18.752,18.1
18.754,18.7
18.756,25.5
18.758,33.2
18.76,40.6
18.762,44.1
18.764,45.8
18.766,42.4
18.768,37
18.77,30.1
18.772,26.3
18.774,28
18.776,34.8
18.778,43
18.78,49.1
18.782,53.2
18.784,53.4
18.786,50.6
18.788,45.7
18.79,39
18.792,35.5
18.794,36.4
18.796,42.5
18.798,49.7
18.8,55
18.802,57.1
18.804,55.4
18.806,49
18.808,39.5
18.81,27
18.812,17.4
18.814,11.6
18.816,9.48
18.818,5.53
18.82,3.62
18.822,8.59
18.824,10.6
18.826,10.2
18.828,8.4
18.83,5.02
18.832,6.74
18.834,12.7
18.836,23
18.838,35.9
18.84,46.2
18.842,50.6
18.844,50.8
18.846,44
18.848,34.1
18.85,19.7
18.852,9.48
18.854,6.36
18.856,9.22
18.858,14.8
18.86,18.5
18.862,18.8
18.864,15
18.866,7.63
18.868,-1.99
18.87,-12.4
18.872,-18.1
18.874,-16.2
18.876,-7.09
18.878,4.38
18.88,16.4
18.882,25.2
18.884,31.1
18.886,30.4
18.888,24.8
18.89,13.8
18.892,4.7
18.894,-2.88
18.896,-3.46
18.898,-0.333
18.9,5.08
18.902,12.4
18.904,19
18.906,22.7
18.908,24
18.91,20.6
18.912,17.7
18.914,17.8
18.916,19.8
18.918,22.5
18.92,25.9
18.922,26.2
18.924,23.4
18.926,16.8
18.928,8.33
18.93,-2.24
18.932,-7.41
18.934,-8.42
18.936,-4.28
18.938,3.23
18.94,8.97
18.942,11.8
18.944,12
18.946,7.44
18.948,0.304
18.95,-9.44
18.952,-15.7
18.954,-16.3
18.956,-10.2
18.958,-2.05
18.96,3.74
18.962,6.8
18.964,7.06
18.966,2.41
18.968,-4.47
18.97,-13.8
18.972,-18.4
18.974,-18.6
18.976,-12.4
18.978,-5.3
18.98,1.07
18.982,3.49
18.984,3.55
18.986,-0.652
18.988,-7.41
18.99,-15.9
18.992,-19.9
18.994,-19.6
18.996,-13
18.998,-5.3
19,0.941
19.002,4.32
19.004,4.51
19.006,1.96
19.008,-2.44
19.01,-8.62
19.012,-8.42
19.014,-4.03
19.016,7.89
19.018,22.1
19.02,34.5
19.022,45.4
19.024,52.4
19.026,54
19.028,52.3
19.03,46.6
19.032,42.7
19.034,41.4
19.036,43
19.038,44.1
19.04,42.3
19.042,36
19.044,27.1
19.046,14.4
19.048,1.32
19.05,-12
19.052,-19.8
19.054,-20.1
19.056,-13.9
19.058,-4.47
19.06,5.46
19.062,13.9
19.064,20.4
19.066,24.1
19.068,25.9
19.07,25.9
19.072,29.2
19.074,36.1
19.076,47.5
19.078,58.7
19.08,67.5
19.082,71.8
19.084,71.5
19.086,67.5
19.088,60.7
19.09,51.8
19.092,46.6
19.094,45.8
19.096,50.1
19.098,55.4
19.1,58.6
19.102,58.7
19.104,56.8
19.106,50.5
19.108,42.2
19.11,31.5
19.112,25.4
19.114,23.5
19.116,26.3
19.118,30.9
19.12,34.1
19.122,34.8
19.124,31.8
19.126,25.7
19.128,18.1
19.13,8.59
19.132,3.68
19.134,4.13
19.136,8.9
19.138,16
19.14,21.2
19.142,23.7
19.144,23.4
19.146,19.5
19.148,14.1
19.15,7.12
19.152,4.51
19.154,6.55
19.156,13
19.158,20.5
19.16,26.7
19.162,30.1
19.164,31
19.166,28.8
19.168,24
19.17,17.7
19.172,15.2
19.174,16
19.176,22.3
19.178,28.9
19.18,33.9
19.182,36.4
19.184,36.5
19.186,33.1
19.188,27.3
19.19,20
19.192,16.7
19.194,17.1
19.196,23.1
19.198,29.8
19.2,33.8
19.202,36.7
19.204,35.8
19.206,32.2
19.208,26.5
19.21,19.2
19.212,16
19.214,16.5
19.216,21.6
19.218,28.1
19.22,32.5
19.222,34.6
19.224,33.9
19.226,29.9
19.228,24.3
19.23,17
19.232,13.7
19.234,15.2
19.236,20.2
19.238,27.5
19.24,32.8
19.242,35.2
19.244,35.4
19.246,31.6
19.248,26.2
19.25,19.1
19.252,15.3
19.254,17.3
19.256,23
19.258,30.1
19.26,36
19.262,38.7
19.264,38.5
19.266,34.9
19.268,28.7
19.27,21.4
19.272,18.1
19.274,18.9
19.276,25
19.278,31.6
19.28,37.2
19.282,39
19.284,38.7
19.286,33.5
19.288,26.8
19.29,17.8
19.292,13.7
19.294,13.3
19.296,18.8
19.298,26
19.3,30.9
19.302,33.8
19.304,32.9
19.306,28.8
19.308,23.7
19.31,16.2
19.312,14.8
19.314,18
19.316,28.2
19.318,39.9
19.32,50.3
19.322,56.8
19.324,60.9
19.326,60.1
19.328,55.4
19.33,48.1
19.332,43.9
19.334,43.3
19.336,45.9
19.338,48.9
19.34,49.5
19.342,47.3
19.344,42.4
19.346,34.6
19.348,25.8
19.35,15.6
19.352,9.61
19.354,9.22
19.356,13.8
19.358,19.8
19.36,25
19.362,29.2
19.364,30.1
19.366,28.3
19.368,23.5
19.37,17.4
19.372,16.2
19.374,18.3
19.376,26.1
19.378,35.3
19.38,43.3
19.382,46.7
19.384,46.3
19.386,41.2
19.388,34.3
19.39,24.2
19.392,19.8
19.394,20.9
19.396,28.7
19.398,38
19.4,44.6
19.402,47.1
19.404,45.9
19.406,39.5
19.408,31
19.41,19.7
19.412,14.8
19.414,15.6
19.416,22.2
19.418,30.6
19.42,36.7
19.422,37.8
19.424,37
19.426,30.6
19.428,21.5
19.43,10.3
19.432,5.02
19.434,5.46
19.436,12.7
19.438,20.9
19.44,26.4
19.442,28
19.444,26.4
19.446,21.1
19.448,12.9
19.45,3.49
19.452,0.431
19.454,2.92
19.456,11.5
19.458,21.8
19.46,30.6
19.462,37
19.464,39.7
19.466,39.7
19.468,38.5
19.47,35.3
19.472,37.1
19.474,42.7
19.476,52.3
19.478,61.6
19.48,66.7
19.482,66.8
19.484,62.3
19.486,53.1
19.488,41.8
19.49,27.6
19.492,18.9
19.494,14.2
19.496,14.5
19.498,16.7
19.5,17
19.502,15.3
19.504,11.3
19.506,4
19.508,-4.35
19.51,-13.7
19.512,-17.7
19.514,-17.3
19.516,-12.3
19.518,-5.37
19.52,0.431
19.522,4.38
19.524,6.42
19.526,5.97
19.528,4.57
19.53,3.36
19.532,7.31
19.534,15.8
19.536,27.4
19.538,36.9
19.54,41.5
19.542,39.9
19.544,32.5
19.546,22
19.548,11.3
19.55,3.36
19.552,4.13
19.554,11.3
19.556,24.6
19.558,37.6
19.56,45.9
19.562,48.9
19.564,45.8
19.566,36.9
19.568,26.1
19.57,14.9
19.572,10.3
19.574,12.4
19.576,19
19.578,25.5
19.58,28.2
19.582,27.1
19.584,22.7
19.586,13.8
19.588,4
19.59,-5.18
19.592,-7.47
19.594,-4.28
19.596,1.83
19.598,9.99
19.6,16
19.602,18.8
19.604,18.5
19.606,13.9
19.608,7.57
19.61,-0.461
19.612,-4.22
19.614,-3.33
19.616,2.53
19.618,9.61
19.62,14.8
19.622,17
19.624,16.4
19.626,11.6
19.628,5.27
19.63,-2.95
19.632,-6.26
19.634,-5.56
19.636,0.559
19.638,7.63
19.64,13
19.642,14.4
19.644,12.9
19.646,8.27
19.648,1.45
19.65,-6.39
19.652,-8.68
19.654,-6.64
19.656,0.367
19.658,8.84
19.66,15.5
19.662,19.8
19.664,22.5
19.666,21.8
19.668,20.1
19.67,17.2
19.672,20.1
19.674,28
19.676,40.6
19.678,54.2
19.68,64.1
19.682,69.9
19.684,70
19.686,65.2
19.688,56.4
19.69,43.1
19.692,33.7
19.694,27.3
19.696,24.5
19.698,22.7
19.7,18.8
19.702,13
19.704,6.67
19.706,-1.42
19.708,-8.62
19.71,-15.9
19.712,-15.5
19.714,-7.92
19.716,4.7
19.718,20.1
19.72,33
19.722,43.4
19.724,50.3
19.726,52
19.728,49.2
19.73,44.6
19.732,42.8
19.734,44.5
19.736,51.1
19.738,58.3
19.74,63.7
19.742,64.4
19.744,61.7
19.746,53.9
19.748,42.2
19.75,31.7
19.752,26.2
19.754,25.7
19.756,32.7
19.758,40.7
19.76,46
19.762,48.6
19.764,46.7
19.766,41.5
19.768,34.1
19.77,25.5
19.772,22.5
19.774,23.2
19.776,29.1
19.778,37.3
19.78,42.1
19.782,44.5
19.784,43.2
19.786,38.3
19.788,30.8
19.79,21.6
19.792,19.7
19.794,21.6
19.796,29.8
19.798,38.8
19.8,44.5
19.802,46.2
19.804,45.7
19.806,41.3
19.808,35.2
19.81,27.6
19.812,25.8
19.814,28.5
19.816,35.5
19.818,43.9
19.82,50
19.822,52.4
19.824,52.2
19.826,47.4
19.828,40.8
19.83,33.9
19.832,31.5
19.834,34.6
19.836,43.2
19.838,52
19.84,59.1
19.842,62.4
19.844,62.6
19.846,58.6
19.848,52.3
19.85,45.2
19.852,43.8
19.854,47.4
19.856,56.3
19.858,65.7
19.86,72.4
19.862,76
19.864,76
19.866,72.1
19.868,65.1
19.87,57.8
19.872,56.1
19.874,59
19.876,67.3
19.878,76.1
19.88,82.3
19.882,85.2
19.884,84.7
19.886,79.5
19.888,72.6
19.89,64
19.892,61.5
19.894,64.3
19.896,71.9
19.898,80.8
19.9,86.1
19.902,88
19.904,86.7
19.906,80.6
19.908,72.8
19.91,63.8
19.912,60
19.914,61.5
19.916,67
19.918,73.5
19.92,77.3
19.922,76.4
19.924,71.7
19.926,62.7
19.928,50
19.93,37.3
19.932,28.5
19.934,24.8
19.936,25.7
19.938,27.4
19.94,27.7
19.942,25.1
19.944,21.8
19.946,16.9
19.948,11.8
19.95,9.99
19.952,16.7
19.954,30.2
19.956,49.4
19.958,68
19.96,80.3
19.962,84.5
19.964,79.1
19.966,64.7
19.968,43.1
19.97,20.2
19.972,2.72
19.974,-4.22
19.976,0.0488
19.978,8.14
19.98,14.9
19.982,19
19.984,20.2
19.986,17.3
19.988,11.6
19.99,5.46
19.992,4.64
19.994,8.65
19.996,16.4
19.998,25.3
20,30.1
20.002,31.9
20.004,30.6
20.006,24.8
20.008,17.8
20.01,10.4
20.012,7.95
20.014,10.5
20.016,17
20.018,23.8
20.02,28.5
20.022,29.5
20.024,27.3
20.026,20.8
20.028,12.3
20.03,4
20.032,0.24
20.034,2.09
20.036,7.57
20.038,13.9
20.04,18
20.042,18.3
20.044,16.2
20.046,9.92
20.048,2.41
20.05,-6.19
20.052,-9.7
20.054,-8.11
20.056,-1.67
20.058,4.89
20.06,9.16
20.062,11.3
20.064,9.1
20.066,4.06
20.068,-2.88
20.07,-9.32
20.072,-11.7
20.074,-8.74
20.076,-1.42
20.078,5.59
20.08,11.4
20.082,14
20.084,13.1
20.086,9.67
20.088,4.51
20.09,-0.907
20.092,-0.397
20.094,4.83
20.096,14.6
20.098,25.3
20.1,34.3
20.102,41.1
20.104,44.7
20.106,45.5
20.108,44.5
20.11,41.8
20.112,43.4
20.114,48.4
20.116,54.8
20.118,59.9
20.12,59.7
20.122,54.6
20.124,45
20.126,30.8
20.128,14.5
20.13,-1.8
20.132,-12.3
20.134,-16.4
20.136,-13.2
20.138,-6.9
20.14,-0.716
20.142,3.81
20.144,6.1
20.146,4.38
20.148,0.176
20.15,-3.9
20.152,-4.67
20.154,0.24
20.156,8.65
20.158,15.9
20.16,20.4
20.162,21.1
20.164,18.3
20.166,11.8
20.168,1.64
20.17,-7.02
20.172,-11.2
20.174,-10.1
20.176,-4.41
20.178,1.51
20.18,6.23
20.182,8.46
20.184,8.46
20.186,6.87
20.188,5.15
20.19,4.38
20.192,10.7
20.194,23.2
20.196,40
20.198,55.7
20.2,65.6
20.202,68.2
20.204,62.2
20.206,48.1
20.208,29.7
20.21,10.3
20.212,-2.24
20.214,-4.92
20.216,-0.652
20.218,4.64
20.22,10.8
20.222,14.9
20.224,14.8
20.226,10.1
20.228,3.17
20.23,-3.46
20.232,-5.49
20.234,-1.54
20.236,5.66
20.238,12
20.24,16.4
20.242,17.2
20.244,14.2
20.246,7.5
20.248,-0.716
20.25,-8.11
20.252,-10.8
20.254,-8.62
20.256,-1.8
20.258,5.21
20.26,10.4
20.262,12.2
20.264,10.5
20.266,5.15
20.268,-2.88
20.27,-10.4
20.272,-13.6
20.274,-10.3
20.276,-3.33
20.278,4.32
20.28,9.41
20.282,10.6
20.284,8.27
20.286,2.66
20.288,-5.94
20.29,-12.8
20.292,-14.6
20.294,-9.7
20.296,0.176
20.298,10.8
20.3,19.5
20.302,25.7
20.304,28.4
20.306,28.5
20.308,26.7
20.31,25.7
20.312,30.5
20.314,39.7
20.316,52.6
20.318,64.7
20.32,72
20.322,74.3
20.324,71
20.326,61.7
20.328,49.4
20.33,35
20.332,25
20.334,19.9
20.336,18.6
20.338,18
20.34,16
20.342,11.7
20.344,6.55
20.346,-0.779
20.348,-7.79
20.35,-12.1
20.352,-10.2
20.354,-1.1
20.356,12.2
20.358,26
20.36,37.7
20.362,45.6
20.364,50.5
20.366,50.8
20.368,47.6
20.37,44.1
20.372,44.4
20.374,48.5
20.376,55.5
20.378,62
20.38,65.7
20.382,66.7
20.384,63.5
20.386,56.8
20.388,47.7
20.39,39.2
20.392,35.4
20.394,35.9
20.396,40.4
20.398,44.1
20.4,45.2
20.402,43.8
20.404,38.7
20.406,30.9
20.408,21.5
20.41,12.6
20.412,8.4
20.414,8.97
20.416,12.7
20.418,16.6
20.42,17.6
20.422,15.9
20.424,11.6
20.426,4.38
20.428,-4.16
20.43,-11.9
20.432,-15
20.434,-13.1
20.436,-7.79
20.438,-2.31
20.44,1.58
20.442,2.79
20.444,1.2
20.446,-3.46
20.448,-9.44
20.45,-13.7
20.452,-15.2
20.454,-11.2
20.456,-4.03
20.458,2.98
20.46,8.2
20.462,10.1
20.464,9.03
20.466,5.15
20.468,-1.29
20.47,-5.94
20.472,-6.51
20.474,-1.99
20.476,5.66
20.478,13.4
20.48,19.5
20.482,22.2
20.484,21.9
20.486,18.5
20.488,12.9
20.49,8.71
20.492,8.46
20.494,13.4
20.496,21.7
20.498,30.1
20.5,35.3
20.502,37.2
20.504,36.6
20.506,32.7
20.508,26.7
20.51,20.9
20.512,20.2
20.514,24.5
20.516,32
20.518,39.9
20.52,45
20.522,46.7
20.524,45.3
20.526,40.7
20.528,33.9
20.53,28
20.532,27
20.534,30.9
20.536,38.2
20.538,45.5
20.54,50.7
20.542,51.5
20.544,50.5
20.546,44.9
20.548,37.1
20.55,31
20.552,29.2
20.554,33.2
20.556,41
20.558,48.3
20.56,53.3
20.562,54.3
20.564,51.8
20.566,45
20.568,35.8
20.57,27.8
20.572,24
20.574,26.6
20.576,33.7
20.578,40.3
20.58,43.9
20.582,44.2
20.584,40.1
20.586,31.4
20.588,20.8
20.59,12.9
20.592,10.7
20.594,14.8
20.596,23.1
20.598,30.3
20.6,33.6
20.602,32.6
20.604,26.4
20.606,16.4
20.608,4.51
20.61,-6.07
20.612,-10.4
20.614,-6.77
20.616,2.53
20.618,12.3
20.62,17.7
20.622,19.4
20.624,16.5
20.626,9.54
20.628,0.495
20.63,-6.77
20.632,-8.36
20.634,-3.46
20.636,4.38
20.638,12.3
20.64,17.2
20.642,18.3
20.644,15.4
20.646,8.46
20.648,-0.206
20.65,-7.02
20.652,-9.06
20.654,-4.16
20.656,3.43
20.658,10.4
20.66,14.6
20.662,15.1
20.664,12.6
20.666,6.67
20.668,-1.42
20.67,-7.41
20.672,-9.32
20.674,-5.81
20.676,1.45
20.678,7.69
20.68,11.8
20.682,13.2
20.684,10.4
20.686,4.76
20.688,-3.46
20.69,-9.25
20.692,-11
20.694,-7.28
20.696,-0.142
20.698,6.36
20.7,10.8
20.702,12
20.704,8.71
20.706,2.66
20.708,-5.11
20.71,-11.3
20.712,-12.9
20.714,-8.87
20.716,-1.99
20.718,5.59
20.72,9.29
20.722,10.8
20.724,8.4
20.726,2.53
20.728,-5.18
20.73,-11
20.732,-11.9
20.734,-6.13
20.736,3.49
20.738,13.6
20.74,20.8
20.742,25.9
20.744,28.6
20.746,27.8
20.748,26.3
20.75,26.9
20.752,32.2
20.754,42.2
20.756,54.8
20.758,64.5
20.76,69.7
20.762,68.8
20.764,61.4
20.766,48.4
20.768,31.8
20.77,17.4
20.772,7.5
20.774,4.51
20.776,4.83
20.778,6.67
20.78,7.76
20.782,7.25
20.784,2.47
20.786,-3.46
20.788,-11.7
20.79,-17.5
20.792,-18.6
20.794,-13.1
20.796,-4.86
20.798,3.17
20.8,7.38
20.802,9.22
20.804,6.99
20.806,2.66
20.808,-2.69
20.81,-4.86
20.812,-0.652
20.814,11.1
20.816,26.6
20.818,42.4
20.82,55
20.822,63.9
20.824,67.2
20.826,63.9
20.828,55.4
20.83,45.6
20.832,36.6
20.834,31.4
20.836,29.1
20.838,26.9
20.84,25.2
20.842,22.3
20.844,17.2
20.846,10.4
20.848,2.98
20.85,0.431
20.852,1.32
20.854,7.38
20.856,16.3
20.858,23.7
20.86,28.8
20.862,29.7
20.864,26.9
20.866,20.1
20.868,10.1
20.87,3.3
20.872,1.71
20.874,6.36
20.876,12.7
20.878,19.2
20.88,22
20.882,22.6
20.884,19.4
20.886,12.8
20.888,4.13
20.89,-2.44
20.892,-3.97
20.894,0.941
20.896,8.78
20.898,16.2
20.9,20.9
20.902,22.1
20.904,19.4
20.906,12.7
20.908,4.13
20.91,-2.69
20.912,-4.35
20.914,0.559
20.916,8.14
20.918,15.5
20.92,20.1
20.922,20.8
20.924,17.4
20.926,10.3
20.928,0.941
20.93,-5.05
20.932,-6.96
20.934,-2.12
20.936,6.61
20.938,14.3
20.94,19.3
20.942,21
20.944,18.8
20.946,13.8
20.948,5.85
20.95,0.877
20.952,0.877
20.954,9.61
20.956,20.9
20.958,31.8
20.96,39.9
20.962,44.6
20.964,44.5
20.966,41.7
20.968,35.1
20.97,31.6
20.972,33
20.974,41.4
20.976,53
20.978,62.8
20.98,68.5
20.982,70.3
20.984,66.9
20.986,59
20.988,48.8
20.99,41
20.992,39
20.994,42.7
20.996,49.4
20.998,55.5
21,57.5
21.002,56.4
21.004,50.8
21.006,41.4
21.008,30.2
21.01,21.5
21.012,17.8
21.014,21.3
21.016,27.3
21.018,33.6
21.02,37.1
21.022,37.6
21.024,33.4
21.026,25.5
21.028,15.8
21.03,8.84
21.032,6.74
21.034,13.6
21.036,22.8
21.038,30.8
21.04,36.2
21.042,37.6
21.044,36.1
21.046,31.8
21.048,25.5
21.05,20.5
21.052,20.2
21.054,26.8
21.056,36.8
21.058,45.3
21.06,50.8
21.062,52.7
21.064,49.6
21.066,43.2
21.068,34.2
21.07,27.5
21.072,25.7
21.074,30.1
21.076,37.4
21.078,43.9
21.08,46.9
21.082,46.9
21.084,42.9
21.086,35.1
21.088,25.6
21.09,19.1
21.092,18
21.094,22.6
21.096,30.1
21.098,36.6
21.1,40.9
21.102,42
21.104,38.7
21.106,32
21.108,24
21.11,18.8
21.112,18.1
21.114,23.1
21.116,30.6
21.118,37.6
21.12,42.1
21.122,43.4
21.124,41.8
21.126,37.4
21.128,31
21.13,27.6
21.132,28.4
21.134,35
21.136,44.4
21.138,52.2
21.14,58.1
21.142,60.3
21.144,58.5
21.146,54.7
21.148,47.4
21.15,42.6
21.152,42.5
21.154,47.1
21.156,54.4
21.158,60.7
21.16,63.3
21.162,62.7
21.164,57.9
21.166,50.3
21.168,40.3
21.17,32.1
21.172,29
21.174,31.3
21.176,35.7
21.178,39.6
21.18,40.1
21.182,37.7
21.184,31.6
21.186,22
21.188,10.7
21.19,2.09
21.192,-1.8
21.194,1.51
21.196,7.69
21.198,13.3
21.2,16.3
21.202,16.9
21.204,12.9
21.206,6.36
21.208,-1.86
21.21,-6.77
21.212,-6.96
21.214,-0.142
21.216,9.73
21.218,18.5
21.22,24.1
21.222,26
21.224,23
21.226,16.7
21.228,6.99
21.23,0.877
21.232,0.622
21.234,5.91
21.236,14.4
21.238,21.2
21.24,24.3
21.242,24.2
21.244,18.6
21.246,10.5
21.248,-0.142
21.25,-7.34
21.252,-8.62
21.254,-2.88
21.256,4.57
21.258,12.2
21.26,16.6
21.262,18.4
21.264,15.8
21.266,10.6
21.268,4.19
21.27,1.96
21.272,5.27
21.274,17.1
21.276,31.7
21.278,45.8
21.28,56.8
21.282,63.7
21.284,65.7
21.286,63.1
21.288,56.8
21.29,53.2
21.292,52.4
21.294,57.7
21.296,64.2
21.298,67.3
21.3,67.1
21.302,61.8
21.304,51
21.306,37.4
21.308,20.9
21.31,8.46
21.312,1.45
21.314,2.09
21.316,6.23
21.318,10.3
21.32,13.4
21.322,14.9
21.324,12.2
21.326,7.12
21.328,-0.588
21.33,-4.79
21.332,-3.77
21.334,2.85
21.336,12.6
21.338,21.1
21.34,25.4
21.342,27.1
21.344,23.6
21.346,17.1
21.348,8.59
21.35,3.23
21.352,3.17
21.354,10.8
21.356,20
21.358,29.4
21.36,34.5
21.362,36.4
21.364,34
21.366,28.3
21.368,20.2
21.37,16.1
21.372,17.3
21.374,25.7
21.376,36
21.378,45.4
21.38,51
21.382,52.8
21.384,49.4
21.386,42.5
21.388,31.9
21.39,24.8
21.392,22.1
21.394,24.4
21.396,28
21.398,29
21.4,27.3
21.402,21
21.404,15.5
21.406,9.99
21.408,4.51
21.41,3.62
21.412,9.67
21.414,20.5
21.416,33.3
21.418,44.5
21.42,46.4
21.422,44
21.424,36.4
21.426,24.8
21.428,11.3
21.43,1.45
21.432,-1.54
21.434,2.41
21.436,9.22
21.438,15.5
21.44,17.5
21.442,15.8
21.444,10.7
21.446,3.87
21.448,-4.67
21.45,-7.6
21.452,-5.49
21.454,2.34
21.456,9.61
21.458,12.6
21.46,9.61
21.462,4.38
21.464,-1.35
21.466,-7.09
21.468,-13.1
21.47,-12.8
21.472,-6.07
21.474,8.97
21.476,26.8
21.478,41.6
21.48,52.9
21.482,57
21.484,53.1
21.486,43.8
21.488,28.7
21.49,15.4
21.492,5.46
21.494,2.66
21.496,4.38
21.498,8.2
21.5,11.3
21.502,12
21.504,7.06
21.506,0.0488
21.508,-8.04
21.51,-12.1
21.512,-10.3
21.514,-2.24
21.516,7.38
21.518,15.8
21.52,19.9
21.522,20.7
21.524,16.2
21.526,7.38
21.528,-3.52
21.53,-9.32
21.532,-11
21.534,-4.47
21.536,4.7
21.538,12
21.54,15.7
21.542,16.6
21.544,12.5
21.546,5.02
21.548,-4.92
21.55,-10.7
21.552,-11.5
21.554,-4.6
21.556,4
21.558,10.9
21.56,14.5
21.562,15.1
21.564,9.35
21.566,1.9
21.568,-8.17
21.57,-14.5
21.572,-14.9
21.574,-8.55
21.576,0.304
21.578,8.14
21.58,12.3
21.582,12.5
21.584,8.08
21.586,0.813
21.588,-8.36
21.59,-13
21.592,-12.8
21.594,-4.92
21.596,4.89
21.598,13.9
21.6,19.5
21.602,21.3
21.604,18.8
21.606,13.8
21.608,7.5
21.61,4.64
21.612,7.12
21.614,16.9
21.616,28.7
21.618,39
21.62,46
21.622,48.5
21.624,47.4
21.626,43.3
21.628,36.5
21.63,33.7
21.632,35.7
21.634,43.4
21.636,53.3
21.638,60.9
21.64,64.8
21.642,65.5
21.644,61.4
21.646,55
21.648,45.8
21.65,40.6
21.652,40.1
21.654,45.9
21.656,54.1
21.658,60.7
21.66,63.8
21.662,63.6
21.664,58.9
21.666,51.2
21.668,41.7
21.67,35.9
21.672,34.8
21.674,41.1
21.676,48.7
21.678,54.8
21.68,57.6
21.682,57
21.684,51
21.686,42.5
21.688,32.9
21.69,26.1
21.692,25.7
21.694,30.3
21.696,37
21.698,41.8
21.7,43.9
21.702,42.6
21.704,37.7
21.706,30.4
21.708,21.3
21.71,16.7
21.712,15.5
21.714,20.6
21.716,27.8
21.718,33.4
21.72,36.5
21.722,36.4
21.724,32.2
21.726,26.6
21.728,19
21.73,15.1
21.732,16.4
21.734,23.3
21.736,32.1
21.738,39.6
21.74,43.7
21.742,45.2
21.744,43.2
21.746,38.8
21.748,32.4
21.75,29.5
21.752,32.2
21.754,40.6
21.756,49.9
21.758,58.2
21.76,63.5
21.762,65.5
21.764,62.7
21.766,57.2
21.768,49.4
21.77,44.9
21.772,44.5
21.774,50.3
21.776,57
21.778,61.7
21.78,63.3
21.782,60.5
21.784,53.5
21.786,43.9
21.788,31.6
21.79,22.9
21.792,18.5
21.794,19.9
21.796,23
21.798,24.6
21.8,22.8
21.802,19.2
21.804,11.2
21.806,2.02
21.808,-7.79
21.81,-13
21.812,-12.5
21.814,-5.11
21.816,5.4
21.818,15
21.82,22.3
21.822,27
21.824,27.5
21.826,25.8
21.828,22
21.83,21.9
21.832,26.9
21.834,37.8
21.836,49.6
21.838,59.4
21.84,65.5
21.842,67.8
21.844,65.2
21.846,59.4
21.848,51.1
21.85,46.9
21.852,47.2
21.854,54.1
21.856,62.7
21.858,69.6
21.86,72.7
21.862,71.5
21.864,65
21.866,55.5
21.868,42.7
21.87,34
21.872,30.2
21.874,32.4
21.876,36.6
21.878,38.4
21.88,36
21.882,30.9
21.884,20.6
21.886,8.9
21.888,-3.71
21.89,-9.44
21.892,-8.36
21.894,2.22
21.896,15.9
21.898,28.7
21.9,38.7
21.902,45
21.904,45.6
21.906,41.5
21.908,33.1
21.91,26.9
21.912,25
21.914,28.7
21.916,33.1
21.918,35.2
21.92,33.8
21.922,26.6
21.924,16.3
21.926,4.7
21.928,-7.09
21.93,-10.5
21.932,-7.34
21.934,3.23
21.936,15.3
21.938,24.9
21.94,30.1
21.942,31.8
21.944,27.5
21.946,21.1
21.948,11.8
21.95,7.76
21.952,8.84
21.954,17.2
21.956,27.1
21.958,36
21.96,40.7
21.962,41.3
21.964,37.3
21.966,30.6
21.968,22
21.97,18.5
21.972,20.3
21.974,28.8
21.976,38.1
21.978,45.7
21.98,49.5
21.982,49.6
21.984,45.3
21.986,38.5
21.988,30
21.99,26.3
21.992,27.6
21.994,36.2
21.996,45.8
21.998,53.8
22,58.2
22.002,58.5
22.004,54.5
22.006,48
22.008,39.3
22.01,35.1
22.012,35.5
22.014,41.9
22.016,49.6
22.018,54.7
22.02,56.5
22.022,54.4
22.024,47.5
22.026,38.5
22.028,26.4
22.03,18.6
22.032,15.3
22.034,17.6
22.036,22.1
22.038,24.6
22.04,25
22.042,24
22.044,20.6
22.046,16.9
22.048,13
22.05,14.3
22.052,20.4
22.054,30.6
22.056,40.8
22.058,48.5
22.06,53.1
22.062,53.9
22.064,50.6
22.066,43.3
22.068,36.2
22.07,32.4
22.072,32.6
22.074,38.8
22.076,44.4
22.078,47.5
22.08,48.3
22.082,45.2
22.084,38.6
22.086,27.3
22.088,14.2
22.09,7.06
22.092,6.36
22.094,12.3
22.096,20.8
22.098,27.6
22.1,31.7
22.102,31.7
22.104,27.6
22.106,22.4
22.108,15
22.11,11.9
22.112,13.9
22.114,19
22.116,24.8
22.118,27.5
22.12,26.2
22.122,21.5
22.124,12.7
22.126,3.36
22.128,-6.32
22.13,-9.57
22.132,-6.32
22.134,2.15
22.136,13
22.138,23.7
22.14,32.4
22.142,37.8
22.144,37
22.146,31.6
22.148,22.6
22.15,17.3
22.152,13.7
22.154,15.8
22.156,21.5
22.158,27.1
22.16,31.6
22.162,32.3
22.164,28.2
22.166,19.9
22.168,9.48
22.17,4.32
22.172,4.06
22.174,9.61
22.176,15.2
22.178,20.1
22.18,22.4
22.182,21.1
22.184,15.7
22.186,9.1
22.188,0.622
22.19,-2.24
22.192,-0.716
22.194,4.57
22.196,11.6
22.198,15.8
22.2,16.7
22.202,15
22.204,9.29
22.206,2.34
22.208,-6.19
22.21,-10.1
22.212,-8.74
22.214,-3.07
22.216,4.83
22.218,10.8
22.22,14.1
22.222,13.6
22.224,9.22
22.226,2.34
22.228,-5.75
22.23,-8.68
22.232,-7.09
22.234,0.367
22.236,9.29
22.238,16.4
22.24,21.5
22.242,22.9
22.244,22.1
22.246,18.7
22.248,14.7
22.25,16.4
22.252,22.8
22.254,35
22.256,48.3
22.258,58.8
22.26,64.7
22.262,66.6
22.264,63.3
22.266,56.8
22.268,46.7
22.27,40.4
22.272,37.1
22.274,38.6
22.276,40.5
22.278,39.6
22.28,35.5
22.282,29
22.284,18.6
22.286,6.99
22.288,-5.56
22.29,-12.4
22.292,-12.7
22.294,-7.72
22.296,-0.0786
22.298,7.06
22.3,11.3
22.302,13.6
22.304,12.6
22.306,9.29
22.308,4.89
22.31,5.34
22.312,10.5
22.314,20.3
22.316,31.2
22.318,40.1
22.32,45.2
22.322,46.8
22.324,43.9
22.326,38.3
22.328,30.2
22.33,27.5
22.332,28.6
22.334,35.8
22.336,43
22.338,47.9
22.34,48.2
22.342,43.7
22.344,38.3
22.346,32.4
22.348,24.6
22.35,22
22.352,17.6
22.354,25
22.356,32
22.358,35.6
22.36,37
22.362,34.6
22.364,29.1
22.366,23.7
22.368,15.6
22.37,12
22.372,13.9
22.374,22.5
22.376,31.8
22.378,39.3
22.38,42.4
22.382,43.4
22.384,40
22.386,34.4
22.388,28
22.39,26.1
22.392,29
22.394,37.3
22.396,45.9
22.398,52.7
22.4,55.5
22.402,55.4
22.404,52
22.406,45.8
22.408,39
22.41,36.7
22.412,38.8
22.414,46.4
22.416,55.4
22.418,61
22.42,63.6
22.422,62.9
22.424,58.4
22.426,52.2
22.428,44.2
22.43,42.2
22.432,44.7
22.434,51.1
22.436,59.4
22.438,64.8
22.44,67.5
22.442,67.3
22.444,62.9
22.446,57.1
22.448,50.3
22.45,47.4
22.452,49.7
22.454,55.8
22.456,63.4
22.458,69.1
22.46,70.7
22.462,69.9
22.464,65.2
22.466,58.9
22.468,50.4
22.47,47.5
22.472,48.4
22.474,54.8
22.476,62.1
22.478,67.3
22.48,69.2
22.482,68
22.484,62.9
22.486,55.9
22.488,47.4
22.49,44.3
22.492,45.3
22.494,51.5
22.496,58.9
22.498,63.6
22.5,65.2
22.502,63.4
22.504,58.2
22.506,51.3
22.508,42
22.51,38.3
22.512,39.4
22.514,45.3
22.516,52
22.518,55.9
22.52,56.6
22.522,54.5
22.524,47.5
22.526,38.7
22.528,28
22.53,22.4
22.532,21.5
22.534,24.9
22.536,29.4
22.538,31
22.54,29.1
22.542,24.3
22.544,15.6
22.546,4.32
22.548,-6.39
22.55,-11.2
22.552,-9.25
22.554,-0.142
22.556,12.4
22.558,25.4
22.56,36.6
22.562,46
22.564,51.8
22.566,54
22.568,50.8
22.57,49.3
22.572,47.3
22.574,46.2
22.576,41.5
22.578,32.2
22.58,21.5
22.582,10.8
22.584,1.32
22.586,-5.94
22.588,-12.9
22.59,-12.9
22.592,-7.53
22.594,2.66
22.596,14.2
22.598,21.9
22.6,26.2
22.602,27.2
22.604,23.5
22.606,17.9
22.608,11.3
22.61,9.41
22.612,12.5
22.614,19.7
22.616,28
22.618,33.1
22.62,35.2
22.622,34.7
22.624,30.1
22.626,22.9
22.628,16
22.63,12.7
22.632,14.4
22.634,21.1
22.636,28.4
22.638,33.8
22.64,35.3
22.642,34.3
22.644,29.5
22.646,23.1
22.648,15.7
22.65,14.3
22.652,16.6
22.654,24.5
22.656,32.4
22.658,39
22.66,42.4
22.662,42.1
22.664,38.8
22.666,33.4
22.668,27.1
22.67,26.6
22.672,30.6
22.674,39.2
22.676,48.7
22.678,55.7
22.68,59.6
22.682,59.9
22.684,56.9
22.686,51
22.688,44.5
22.69,42.6
22.692,44.8
22.694,51
22.696,57.5
22.698,61
22.7,59.7
22.702,54.5
22.704,44.4
22.706,31.1
22.708,17.3
22.71,6.61
22.712,1.39
22.714,0.686
22.716,1.13
22.718,1.45
22.72,1.39
22.722,0.877
22.724,0.877
22.726,-0.0786
22.728,1.32
22.73,7.76
22.732,15.9
22.734,26.4
22.736,40.8
22.738,50.8
22.74,53.9
22.742,53.4
22.744,47.5
22.746,38.8
22.748,29.7
22.75,24.8
22.752,23.6
22.754,26.1
22.756,28.3
22.758,27.7
22.76,23.7
22.762,17.8
22.764,8.14
22.766,-3.52
22.768,-15.8
22.77,-22.4
22.772,-22.8
22.774,-18.1
22.776,-10.8
22.778,-4.22
22.78,1.39
22.782,6.04
22.784,8.84
22.786,10.1
22.788,10.9
22.79,15.7
22.792,23.6
22.794,33.4
22.796,40.8
22.798,43.7
22.8,40.7
22.802,32.9
22.804,21.8
22.806,9.29
22.808,-0.907
22.81,-5.88
22.812,-5.3
22.814,-1.23
22.816,3.94
22.818,9.61
22.82,14.2
22.822,14.8
22.824,10.7
22.826,3.62
22.828,-5.3
22.83,-9
22.832,-6.96
22.834,-1.48
22.836,4.7
22.838,7.76
22.84,8.27
22.842,6.36
22.844,0.622
22.846,-7.47
22.848,-15.5
22.85,-18.3
22.852,-13.3
22.854,-6.32
22.856,1.07
22.858,6.17
22.86,8.27
22.862,6.61
22.864,1.51
22.866,-5.18
22.868,-12.7
22.87,-15
22.872,-12.2
22.874,-3.9
22.876,2.98
22.878,7.63
22.88,9.41
22.882,7.12
22.884,2.41
22.886,-5.11
22.888,-12.7
22.89,-15.2
22.892,-12.9
22.894,-5.3
22.896,2.53
22.898,8.08
22.9,10.7
22.902,10.4
22.904,6.29
22.906,1.07
22.908,-3.65
22.91,-3.65
22.912,2.72
22.914,13.9
22.916,25.7
22.918,36.9
22.92,44.2
22.922,48.5
22.924,48.5
22.926,45.3
22.928,42.4
22.93,42.4
22.932,45.9
22.934,52.7
22.936,57.8
22.938,59.1
22.94,55.7
22.942,47.4
22.944,35.4
22.946,21.2
22.948,6.17
22.95,-3.33
22.952,-7.21
22.954,-5.3
22.956,-2.05
22.958,-0.652
22.96,-0.206
22.962,-2.95
22.964,-8.68
22.966,-14.8
22.968,-20
22.97,-19.6
22.972,-14
22.974,-4.03
22.976,6.8
22.978,15.6
22.98,21.1
22.982,23.6
22.984,22.9
22.986,20
22.988,17.5
22.99,19.2
22.992,26
22.994,36.3
22.996,46.8
22.998,53.4
23,57
23.002,57.1
23.004,53.3
23.006,46.4
23.008,40
23.01,37.9
23.012,40
23.014,45.9
23.016,51.7
23.018,56
23.02,56.9
23.022,54.6
23.024,49.4
23.026,42.4
23.028,35.1
23.03,33.1
23.032,35
23.034,41.3
23.036,48
23.038,51.8
23.04,53.8
23.042,52
23.044,47.5
23.046,41.8
23.048,35.2
23.05,33.8
23.052,37
23.054,43.2
23.056,50.6
23.058,55
23.06,56.3
23.062,55.7
23.064,51.1
23.066,45.5
23.068,39.4
23.07,37.8
23.072,41.3
23.074,48.7
23.076,55
23.078,60.1
23.08,61.4
23.082,60.4
23.084,56.5
23.086,50.6
23.088,45
23.09,43.4
23.092,46.7
23.094,53.3
23.096,59.9
23.098,64.3
23.1,66.2
23.102,64.8
23.104,60.7
23.106,54.1
23.108,48
23.11,46.6
23.112,49.2
23.114,55.5
23.116,61.5
23.118,65.3
23.12,67.2
23.122,65.4
23.124,60.7
23.126,54.3
23.128,48
23.13,46
23.132,49
23.134,55.2
23.136,62
23.138,66.2
23.14,68
23.142,66.4
23.144,61.1
23.146,54.6
23.148,48.2
23.15,45.9
23.152,48.7
23.154,55
23.156,61.1
23.158,65.5
23.16,66.7
23.162,64.4
23.164,59.6
23.166,51.8
23.168,45.2
23.17,42.4
23.172,44.3
23.174,50.1
23.176,55.1
23.178,58
23.18,57.1
23.182,52.4
23.184,43.9
23.186,32.7
23.188,21.8
23.19,14.6
23.192,12.3
23.194,13.4
23.196,14.8
23.198,14.1
23.2,11.4
23.202,5.97
23.204,-0.907
23.206,-7.85
23.208,-11.6
23.21,-8.17
23.212,3.62
23.214,21.5
23.216,40.3
23.218,56.1
23.22,65.7
23.222,67.8
23.224,61.7
23.226,47.8
23.228,29.5
23.23,12
23.232,0.431
23.234,-4.09
23.236,-1.93
23.238,3.3
23.24,5.97
23.242,7.25
23.244,5.4
23.246,0.495
23.248,-2.31
23.25,-1.42
23.252,5.15
23.254,15.4
23.256,25
23.258,32
23.26,35.3
23.262,33.9
23.264,29.9
23.266,23.2
23.268,17.3
23.27,16.4
23.272,20.6
23.274,29
23.276,37.4
23.278,42.7
23.28,45.8
23.282,44.7
23.284,40.1
23.286,33.4
23.288,27.6
23.29,26.7
23.292,31.2
23.294,39
23.296,46.8
23.298,52.2
23.3,54.3
23.302,53.5
23.304,48.8
23.306,42
23.308,36.6
23.31,35.5
23.312,40.4
23.314,49.1
23.316,57
23.318,62.8
23.32,65.2
23.322,63.5
23.324,58.2
23.326,50.5
23.328,44.1
23.33,41.7
23.332,44.5
23.334,50.6
23.336,55.2
23.338,57.1
23.34,54.8
23.342,48.1
23.344,37.1
23.346,23.4
23.348,10.1
23.35,1.45
23.352,-2.37
23.354,-1.74
23.356,-0.142
23.358,-0.142
23.36,-0.397
23.362,-1.48
23.364,-3.07
23.366,-3.14
23.368,0.495
23.37,9.48
23.372,23.7
23.374,38
23.376,48.4
23.378,52.5
23.38,52.2
23.382,49.6
23.384,43.9
23.386,35.8
23.388,29.4
23.39,26
23.392,28.2
23.394,33.2
23.396,37.7
23.398,40.1
23.4,39.5
23.402,35.3
23.404,27.4
23.406,16
23.408,7.31
23.41,3.36
23.412,5.53
23.414,12.2
23.416,17.8
23.418,21.3
23.42,21.2
23.422,17.8
23.424,11.1
23.426,3.23
23.428,-2.95
23.43,-3.77
23.432,1.58
23.434,10.2
23.436,18.1
23.438,23.1
23.44,24.3
23.442,21.5
23.444,15
23.446,7.38
23.448,1.83
23.45,2.47
23.452,10.9
23.454,23
23.456,34.9
23.458,41.6
23.46,41.9
23.462,35.5
23.464,23.4
23.466,8.4
23.468,-4.67
23.47,-12.1
23.472,-11.4
23.474,-4.28
23.476,2.98
23.478,7.76
23.48,9.1
23.482,6.61
23.484,2.6
23.486,-4.09
23.488,-8.81
23.49,-9.89
23.492,-5.62
23.494,2.15
23.496,8.78
23.498,12.4
23.5,13.3
23.502,9.92
23.504,3.74
23.506,-4.92
23.508,-12.7
23.51,-15.6
23.512,-12.4
23.514,-5.3
23.516,2.09
23.518,6.67
23.52,8.2
23.522,6.04
23.524,0.176
23.526,-7.28
23.528,-13.5
23.53,-15.1
23.532,-10.7
23.534,-3.14
23.536,4.25
23.538,8.9
23.54,11
23.542,9.61
23.544,5.02
23.546,-0.971
23.548,-4.67
23.55,-3.01
23.552,4.19
23.554,16.1
23.556,27.6
23.558,37.8
23.56,45
23.562,48.6
23.564,48.7
23.566,45.3
23.568,41.9
23.57,40.8
23.572,42.4
23.574,45.2
23.576,44.1
23.578,38.9
23.58,30.6
23.582,17.5
23.584,3.87
23.586,-9.64
23.588,-19.6
23.59,-21.8
23.592,-16.5
23.594,-5.18
23.596,8.01
23.598,18.8
23.6,27.6
23.602,33.1
23.604,34.1
23.606,32.6
23.608,31.1
23.61,32
23.612,37.6
23.614,44.9
23.616,51.5
23.618,55.5
23.62,55.8
23.622,51.9
23.624,44
23.626,33.2
23.628,24.6
23.63,19.9
23.632,20.8
23.634,25
23.636,28.8
23.638,29.7
23.64,28
23.642,22.2
23.644,14
23.646,4
23.648,-4.22
23.65,-7.53
23.652,-5.69
23.654,0.431
23.656,5.97
23.658,8.4
23.66,8.84
23.662,5.46
23.664,-1.35
23.666,-9.06
23.668,-15.3
23.67,-17.2
23.672,-12.6
23.674,-6.58
23.676,0.0488
23.678,4.13
23.68,5.53
23.682,3.87
23.684,-0.971
23.686,-6.32
23.688,-10.3
23.69,-10.2
23.692,-4.03
23.694,4.89
23.696,13.4
23.698,19.9
23.7,23.1
23.702,23.9
23.704,21.8
23.706,17.4
23.708,15.1
23.71,16.6
23.712,22.8
23.714,31.5
23.716,39.8
23.718,45.3
23.72,47.5
23.722,46.2
23.724,41.5
23.726,34.3
23.728,28.8
23.73,27.5
23.732,31.3
23.734,37.4
23.736,43.9
23.738,47.3
23.74,48.6
23.742,46.2
23.744,40.3
23.746,33.1
23.748,27.8
23.75,26.5
23.752,31.2
23.754,37.9
23.756,44.2
23.758,48.3
23.76,50.1
23.762,47.5
23.764,42.7
23.766,35.5
23.768,30.1
23.77,28.9
23.772,33
23.774,39.7
23.776,45.5
23.778,48.8
23.78,49.4
23.782,46.4
23.784,40.3
23.786,31.9
23.788,25.9
23.79,22.8
23.792,25.2
23.794,30.4
23.796,34.6
23.798,35.5
23.8,33.4
23.802,26.9
23.804,17.5
23.806,6.17
23.808,-4.03
23.81,-9.57
23.812,-9.64
23.814,-6.83
23.816,-3.07
23.818,-1.48
23.82,-1.23
23.822,-3.33
23.824,-7.09
23.826,-11
23.828,-11.4
23.83,-5.75
23.832,7.18
23.834,23.1
23.836,38.9
23.838,51.9
23.84,59.3
23.842,61
23.844,56.4
23.846,46.6
23.848,35.7
23.85,25.2
23.852,18.3
23.854,13.6
23.856,8.59
23.858,4.13
23.86,1.39
23.862,-1.93
23.864,-6.77
23.866,-13.2
23.868,-16.9
23.87,-16.3
23.872,-10.7
23.874,-1.86
23.876,4.83
23.878,8.33
23.88,9.99
23.882,6.74
23.884,-0.0786
23.886,-9.44
23.888,-16
23.89,-18.3
23.892,-13.7
23.894,-6.83
23.896,0.559
23.898,5.08
23.9,6.23
23.902,3.3
23.904,-3.52
23.906,-12.3
23.908,-18.4
23.91,-20.2
23.912,-14.8
23.914,-7.09
23.916,-0.716
23.918,3.43
23.92,4.25
23.922,0.75
23.924,-5.94
23.926,-14.8
23.928,-21.1
23.93,-22.9
23.932,-17.8
23.934,-9.44
23.936,-2.31
23.938,2.79
23.94,4.19
23.942,0.686
23.944,-4.92
23.946,-13.5
23.948,-19.1
23.95,-19.1
23.952,-11.9
23.954,-0.779
23.956,9.99
23.958,17.5
23.96,22.8
23.962,22.7
23.964,19.5
23.966,14
23.968,11.6
23.97,15.1
23.972,26
23.974,39.5
23.976,51.3
23.978,58.5
23.98,61.8
23.982,60.5
23.984,53.1
23.986,42.4
23.988,32
23.99,23.1
23.992,18
23.994,14
23.996,8.08
23.998,0.877
24,-6.9
24.002,-13.3
24.004,-17.8
24.006,-23.3
24.008,-13.3
24.01,2.15
24.012,21.2
24.014,37.7
24.016,47.4
24.018,52.5
24.02,53.8
24.022,48.9
24.024,39.1
24.026,24.2
24.028,7.44
24.03,-4.67
24.032,-7.72
24.034,-5.62
24.036,-4.22
24.038,-6
24.04,-8.93
24.042,-13
24.044,-16.6
24.046,-17.8
24.048,-12.1
24.05,-1.35
24.052,14.8
24.054,30.2
24.056,40.1
24.058,41.2
24.06,35.3
24.062,23.2
24.064,7.18
24.066,-8.11
24.068,-17.8
24.07,-21.5
24.072,-18.1
24.074,-9.38
24.076,1.13
24.078,8.14
24.08,11.1
24.082,9.41
24.084,4.06
24.086,-3.84
24.088,-9.25
24.09,-10.1
24.092,-4.67
24.094,4.06
24.096,10.4
24.098,14.8
24.1,15
24.102,11.2
24.104,4.7
24.106,-4.22
24.108,-10.1
24.11,-10.3
24.112,-4.47
24.114,3.3
24.116,11.3
24.118,15.1
24.12,16
24.122,12.5
24.124,5.46
24.126,-2.95
24.128,-8.68
24.13,-9.83
24.132,-4.6
24.134,2.6
24.136,9.61
24.138,12.7
24.14,13
24.142,8.9
24.144,1.13
24.146,-8.62
24.148,-15
24.15,-17
24.152,-12.3
24.154,-5.11
24.156,1.07
24.158,4
24.16,3.17
24.162,-1.54
24.164,-8.87
24.166,-18.9
24.168,-25.4
24.17,-26.2
24.172,-22
24.174,-14.3
24.176,-7.79
24.178,-4.28
24.18,-3.97
24.182,-7.15
24.184,-12.9
24.186,-19.9
24.188,-23.4
24.19,-21
24.192,-11.4
24.194,1.32
24.196,13.9
24.198,24.5
24.2,32.4
24.202,35.6
24.204,34.3
24.206,28.9
24.208,24.4
24.21,21.5
24.212,22.2
24.214,21.6
24.216,18.5
24.218,12.2
24.22,2.53
24.222,-9.38
24.224,-22.2
24.226,-34.3
24.228,-39.8
24.23,-38.2
24.232,-26.5
24.234,-9.89
24.236,6.36
24.238,20.1
24.24,30.6
24.242,34.5
24.244,33.6
24.246,28
24.248,22.8
24.25,22.5
24.252,27.3
24.254,34.1
24.256,39
24.258,39.9
24.26,38.3
24.262,31.5
24.264,22.2
24.266,11.3
24.268,2.66
24.27,-0.461
24.272,0.813
24.274,3.49
24.276,5.53
24.278,5.21
24.28,1.32
24.282,-5.18
24.284,-14.5
24.286,-25.4
24.288,-32.4
24.29,-35.8
24.292,-33
24.294,-27.4
24.296,-22.8
24.298,-19.6
24.3,-18.7
24.302,-21.4
24.304,-25.2
24.306,-30.7
24.308,-32.5
24.31,-29.5
24.312,-21.5
24.314,-11
24.316,-1.54
24.318,5.66
24.32,9.99
24.322,10.7
24.324,9.67
24.326,6.74
24.328,6.36
24.33,10.2
24.332,17.8
24.334,27.4
24.336,35.3
24.338,39.8
24.34,41.1
24.342,39.4
24.344,33.8
24.346,26.9
24.348,22
24.35,20.2
24.352,23.2
24.354,27.3
24.356,30.1
24.358,30.1
24.36,27.7
24.362,21.3
24.364,13.4
24.366,3.04
24.368,-4.03
24.37,-7.21
24.372,-6.39
24.374,-2.82
24.376,-0.716
24.378,-0.971
24.38,-3.39
24.382,-8.62
24.384,-16.1
24.386,-25.1
24.388,-31.1
24.39,-31.6
24.392,-26
24.394,-19.4
24.396,-12.3
24.398,-9.19
24.4,-8.11
24.402,-10.3
24.404,-15.5
24.406,-22.3
24.408,-26.8
24.41,-26.6
24.412,-22.3
24.414,-15.9
24.416,-10.2
24.418,-7.41
24.42,-6.96
24.422,-9.44
24.424,-14.5
24.426,-21.7
24.428,-25.6
24.43,-25.7
24.432,-20.9
24.434,-14
24.436,-8.11
24.438,-4.67
24.44,-3.97
24.442,-6.77
24.444,-11.6
24.446,-18.7
24.448,-23.2
24.45,-23.2
24.452,-18
24.454,-10.7
24.456,-4.6
24.458,-1.35
24.46,-0.652
24.462,-3.46
24.464,-9.25
24.466,-16.7
24.468,-21.2
24.47,-20.8
24.472,-15.6
24.474,-8.62
24.476,-2.12
24.478,1.13
24.48,1.77
24.482,-1.67
24.484,-7.34
24.486,-15.4
24.488,-19.9
24.49,-20.5
24.492,-14.9
24.494,-7.15
24.496,-1.1
24.498,2.66
24.5,2.72
24.502,-1.16
24.504,-7.09
24.506,-15.4
24.508,-20.3
24.51,-20.6
24.512,-14.7
24.514,-5.75
24.516,1.39
24.518,5.34
24.52,6.55
24.522,2.53
24.524,-4.47
24.526,-13.8
24.528,-20
24.53,-19.6
24.532,-12.8
24.534,-3.01
24.536,4.83
24.538,8.84
24.54,9.48
24.542,4.89
24.544,-1.99
24.546,-10.5
24.548,-15.8
24.55,-15.8
24.552,-8.74
24.554,-0.461
24.556,6.93
24.558,10.8
24.56,11.3
24.562,7.25
24.564,0.559
24.566,-8.11
24.568,-12.8
24.57,-12.6
24.572,-6.51
24.574,1.45
24.576,8.01
24.578,11.3
24.58,11.2
24.582,7.06
24.584,0.495
24.586,-8.23
24.588,-12.9
24.59,-13.1
24.592,-7.92
24.594,-0.206
24.596,5.4
24.598,8.33
24.6,8.59
24.602,4.51
24.604,-1.54
24.606,-8.81
24.608,-13.8
24.61,-12.8
24.612,-6.39
24.614,1.26
24.616,8.46
24.618,12.5
24.62,13.9
24.622,12.9
24.624,9.48
24.626,5.02
24.628,4.64
24.63,8.4
24.632,18.4
24.634,29.7
24.636,40.3
24.638,48.5
24.64,53.4
24.642,54.2
24.644,51.8
24.646,46.1
24.648,42.4
24.65,39.7
24.652,39.8
24.654,38.4
24.656,33.4
24.658,24.6
24.66,12.8
24.662,-6.07
24.664,-22.4
24.666,-32.6
24.668,-35.5
24.67,-27.3
24.672,-8.11
24.674,12.7
24.676,30.7
24.678,43.4
24.68,46.9
24.682,43.4
24.684,36.7
24.686,26.2
24.688,18
24.69,15.7
24.692,20.5
24.694,26.4
24.696,28.7
24.698,26.7
24.7,18.9
24.702,6.23
24.704,-7.6
24.706,-20.8
24.708,-26.3
24.71,-23.8
24.712,-10.9
24.714,7.63
24.716,26
24.718,42.3
24.72,52.1
24.722,53.9
24.724,47.5
24.726,32.8
24.728,17.3
24.73,3.74
24.732,-2.95
24.734,-3.84
24.736,-0.779
24.738,0.495
24.74,2.66
24.742,1.51
24.744,-1.99
24.746,-7.53
24.748,-9.83
24.75,-7.66
24.752,0.0488
24.754,8.78
24.756,15.1
24.758,18.5
24.76,17.9
24.762,13.6
24.764,7.06
24.766,-1.23
24.768,-5.56
24.77,-6.07
24.772,-0.142
24.774,6.61
24.776,11.3
24.778,13.7
24.78,13
24.782,7.69
24.784,0.941
24.786,-7.79
24.788,-12.4
24.79,-12.8
24.792,-7.85
24.794,-1.1
24.796,4.19
24.798,6.23
24.8,5.66
24.802,0.176
24.804,-6.51
24.806,-15.4
24.808,-20.3
24.81,-21.1
24.812,-15.1
24.814,-7.72
24.816,-1.42
24.818,1.64
24.82,1.45
24.822,-0.907
24.824,-4.67
24.826,-9.7
24.828,-9.06
24.83,-3.77
24.832,8.71
24.834,23.2
24.836,36.4
24.838,46.5
24.84,52.3
24.842,52.4
24.844,48
24.846,39.2
24.848,30.5
24.85,24.1
24.852,20.4
24.854,16.4
24.856,10.2
24.858,4
24.86,-2.12
24.862,-9
24.864,-13.8
24.866,-16.8
24.868,-12.4
24.87,-1.35
24.872,14.9
24.874,32.5
24.876,46.4
24.878,54.7
24.88,57.5
24.882,53.6
24.884,47.6
24.886,38.9
24.888,33.9
24.89,32.4
24.892,35.6
24.894,39.6
24.896,42.1
24.898,42
24.9,38.1
24.902,31.2
24.904,21.7
24.906,10.7
24.908,3.23
24.91,0.113
24.912,3.04
24.914,7.38
24.916,10.1
24.918,11.8
24.92,9.73
24.922,5.4
24.924,-0.716
24.926,-8.04
24.928,-11.4
24.93,-9.51
24.932,-2.95
24.934,6.04
24.936,13.4
24.938,17.9
24.94,19.7
24.942,17.3
24.944,12.8
24.946,6.61
24.948,4.32
24.95,5.4
24.952,11
24.954,18
24.956,23.7
24.958,26
24.96,25.4
24.962,21.3
24.964,14.9
24.966,7.38
24.968,2.79
24.97,2.22
24.972,6.99
24.974,12.4
24.976,16.4
24.978,17.7
24.98,16.4
24.982,11.3
24.984,4.7
24.986,-3.77
24.988,-8.3
24.99,-8.93
24.992,-4.54
24.994,2.02
24.996,6.42
24.998,9.22
25,9.03
25.002,5.72
25.004,0.304
25.006,-6.26
25.008,-9.44
25.01,-7.34
25.012,-0.206
25.014,8.01
25.016,15.2
25.018,19.2
25.02,20.9
25.022,18.7
25.024,13.8
25.026,7.57
25.028,4.44
25.03,5.91
25.032,12.3
25.034,20.1
25.036,26
25.038,29.6
25.04,29.5
25.042,25.5
25.044,19.4
25.046,10.8
25.048,6.48
25.05,6.61
25.052,11.5
25.054,18.4
25.056,23.2
25.058,25.3
25.06,24.5
25.062,19.5
25.064,13.1
25.066,4.13
25.068,-0.0149
25.07,-0.206
25.072,4.95
25.074,11.3
25.076,16
25.078,17.3
25.08,15.9
25.082,10.8
25.084,3.62
25.086,-5.24
25.088,-10.4
25.09,-11.1
25.092,-6.45
25.094,-1.1
25.096,2.72
25.098,3.87
25.1,1.64
25.102,-3.46
25.104,-11
25.106,-20.2
25.108,-25.2
25.11,-25.4
25.112,-19.5
25.114,-11.9
25.116,-5.37
25.118,-1.1
25.12,0.686
25.122,-0.716
25.124,-3.14
25.126,-7.92
25.128,-7.6
25.13,-3.9
25.132,4.76
25.134,14
25.136,19.5
25.138,20.3
25.14,17.1
25.142,7.76
25.144,-4.28
25.146,-17.2
25.148,-24.5
25.15,-25.2
25.152,-18.8
25.154,-9.76
25.156,-2.24
25.158,1.45
25.16,1.71
25.162,-2.05
25.164,-8.81
25.166,-17.1
25.168,-20.9
25.17,-20.6
25.172,-14.6
25.174,-6.83
25.176,-1.48
25.178,1.9
25.18,1.71
25.182,-2.44
25.184,-8.87
25.186,-17.3
25.188,-20.1
25.19,-19.6
25.192,-13.3
25.194,-6.13
25.196,-0.716
25.198,1.77
25.2,1.58
25.202,-2.95
25.204,-8.81
25.206,-16.5
25.208,-20.1
25.21,-18.4
25.212,-12.8
25.214,-5.56
25.216,-0.0786
25.218,1.83
25.22,1.83
25.222,-2.37
25.224,-8.11
25.226,-14.9
25.228,-18.8
25.23,-17.7
25.232,-11.9
25.234,-5.49
25.236,-0.716
25.238,1.64
25.24,0.686
25.242,-3.01
25.244,-9.13
25.246,-16.7
25.248,-20
25.25,-18.7
25.252,-12.8
25.254,-5.62
25.256,-0.27
25.258,3.04
25.26,3.43
25.262,0.559
25.264,-3.2
25.266,-8.42
25.268,-8.62
25.27,-3.84
25.272,5.59
25.274,17.3
25.276,27.2
25.278,35.8
25.28,41.4
25.282,43.6
25.284,43.2
25.286,39.8
25.288,38
25.29,39
25.292,41.8
25.294,41.7
25.296,36.2
25.298,24.9
25.3,11.1
25.302,-3.52
25.304,-15.5
25.306,-22.4
25.308,-17.3
25.31,-2.82
25.312,17.6
25.314,30.6
25.316,43.4
25.318,49.4
25.32,48.2
25.322,43.9
25.324,30.6
25.326,13.3
25.328,3.62
25.33,-1.86
25.332,-1.48
25.334,-0.333
25.336,-2.44
25.338,-6.9
25.34,-12.6
25.342,-19.1
25.344,-22.4
25.346,-21.8
25.348,-10.7
25.35,7.38
25.352,28.5
25.354,45.3
25.356,52.3
25.358,48.2
25.36,34.9
25.362,15.3
25.364,-5.05
25.366,-21
25.368,-27.8
25.37,-26.8
25.372,-18.4
25.374,-6.83
25.376,2.02
25.378,8.08
25.38,9.99
25.382,9.1
25.384,5.27
25.386,-1.1
25.388,-2.63
25.39,-0.206
25.392,7.31
25.394,15.8
25.396,21.5
25.398,23.4
25.4,22.3
25.402,16.9
25.404,9.35
25.406,0.0488
25.408,-4.28
25.41,-4.35
25.412,0.813
25.414,6.61
25.416,10.4
25.418,10.3
25.42,7.57
25.422,0.941
25.424,-7.6
25.426,-17.2
25.428,-21.6
25.43,-20.7
25.432,-14.5
25.434,-7.21
25.436,-2.5
25.438,0.622
25.44,0.495
25.442,-4.28
25.444,-11.2
25.446,-20.3
25.448,-23.3
25.45,-22.1
25.452,-15.4
25.454,-7.09
25.456,-1.86
25.458,0.113
25.46,-1.8
25.462,-8.11
25.464,-16
25.466,-24.9
25.468,-29
25.47,-27.7
25.472,-21
25.474,-12.9
25.476,-6.7
25.478,-3.9
25.48,-3.97
25.482,-7.41
25.484,-12.8
25.486,-18.6
25.488,-18.4
25.49,-11.5
25.492,2.22
25.494,17.8
25.496,32.2
25.498,42.7
25.5,48.3
25.502,47.8
25.504,42.5
25.506,32.3
25.508,24.4
25.51,17.6
25.512,13.7
25.514,10.5
25.516,5.02
25.518,-0.843
25.52,-6.13
25.522,-11
25.524,-13.8
25.526,-14.5
25.528,-7.41
25.53,6.29
25.532,24.7
25.534,42.6
25.536,55
25.538,58.5
25.54,57.6
25.542,52
25.544,42.9
25.546,32.4
25.548,26.2
25.55,24.3
25.552,28.1
25.554,31.8
25.556,34.4
25.558,33.1
25.56,28.3
25.562,20.5
25.564,10.2
25.566,-1.03
25.568,-5.81
25.57,-6.26
25.572,-0.588
25.574,6.74
25.576,11.6
25.578,14
25.58,13.9
25.582,9.92
25.584,4.44
25.586,-2.18
25.588,-4.09
25.59,-0.779
25.592,6.42
25.594,15.8
25.596,22.6
25.598,25.4
25.6,24.8
25.602,19.9
25.604,12.7
25.606,3.68
25.608,-0.397
25.61,-0.0149
25.612,5.02
25.614,10.3
25.616,14.1
25.618,14.3
25.62,11.1
25.622,4.76
25.624,-3.71
25.626,-13.8
25.628,-17.4
25.63,-17.3
25.632,-11.5
25.634,-4.86
25.636,-0.27
25.638,2.6
25.64,2.92
25.642,-0.397
25.644,-5.3
25.646,-12
25.648,-13.6
25.65,-10.1
25.652,-2.63
25.654,6.61
25.656,13
25.658,16.4
25.66,16.7
25.662,13.7
25.664,8.78
25.666,2.09
25.668,0.367
25.67,3.43
25.672,10.8
25.674,19.3
25.676,25.8
25.678,29
25.68,28.6
25.682,25
25.684,19.3
25.686,11.5
25.688,9.1
25.69,10.4
25.692,16.9
25.694,24.3
25.696,29.2
25.698,31.1
25.7,30.1
25.702,25
25.704,18
25.706,10.3
25.708,7.31
25.71,8.14
25.712,13.6
25.714,19.7
25.716,23.5
25.718,23.9
25.72,21.2
25.722,14.5
25.724,5.34
25.726,-4.28
25.728,-9.89
25.73,-9.89
25.732,-4.98
25.734,0.559
25.736,4
25.738,4
25.74,1.07
25.742,-5.49
25.744,-13.3
25.746,-21.2
25.748,-23.7
25.75,-21
25.752,-13.4
25.754,-4.28
25.756,2.92
25.758,6.87
25.76,8.27
25.762,6.42
25.764,2.53
25.766,-2.69
25.768,-1.93
25.77,3.55
25.772,13.2
25.774,23.2
25.776,29.9
25.778,31.5
25.78,28.6
25.782,20.5
25.784,9.03
25.786,-3.65
25.788,-10.9
25.79,-12.1
25.792,-7.41
25.794,-0.397
25.796,5.85
25.798,9.1
25.8,8.46
25.802,4.32
25.804,-2.69
25.806,-9.95
25.808,-12.8
25.81,-9.89
25.812,-2.56
25.814,5.66
25.816,11.1
25.818,13.6
25.82,12
25.822,6.87
25.824,-0.397
25.826,-9.06
25.828,-11.6
25.83,-9.83
25.832,-3.2
25.834,5.02
25.836,9.99
25.838,12
25.84,10.7
25.842,5.4
25.844,-2.05
25.846,-10.1
25.848,-12.6
25.85,-10.1
25.852,-3.33
25.854,3.94
25.856,8.27
25.858,10.2
25.86,8.9
25.862,4.06
25.864,-3.01
25.866,-10.3
25.868,-12.7
25.87,-11
25.872,-5.05
25.874,1.26
25.876,5.34
25.878,6.87
25.88,5.46
25.882,0.559
25.884,-6
25.886,-13.1
25.888,-14.7
25.89,-13.3
25.892,-6.96
25.894,0.113
25.896,4.57
25.898,6.87
25.9,6.17
25.902,2.34
25.904,-3.26
25.906,-8.87
25.908,-9.7
25.91,-5.11
25.912,3.49
25.914,13.5
25.916,22.2
25.918,28.4
25.92,32.8
25.922,34.5
25.924,34.5
25.926,34.2
25.928,37.3
25.93,43.6
25.932,50.6
25.934,55.4
25.936,54.4
25.938,46.6
25.94,33
25.942,14.9
25.944,-5.3
25.946,-23.1
25.948,-31.5
25.95,-30.1
25.952,-17.7
25.954,0.24
25.956,18.3
25.958,32.5
25.96,41
25.962,42.2
25.964,37.6
25.966,30.2
25.968,28.2
25.97,31
25.972,38.1
25.974,45.3
25.976,49.9
25.978,49.4
25.98,44.4
25.982,35
25.984,21.6
25.986,7.63
25.988,-2.69
25.99,-7.53
25.992,-7.28
25.994,-3.39
25.996,-0.0149
25.998,2.92
26,5.34
26.002,6.61
26.004,8.14
26.006,10.5
26.008,18.8
26.01,31.2
26.012,44.8
26.014,53.1
26.016,50.9
26.018,40.3
26.02,22.5
26.022,2.22
26.024,-16.1
26.026,-27.3
26.028,-29.7
26.03,-24
26.032,-13.3
26.034,-1.93
26.036,6.74
26.038,11.1
26.04,10.8
26.042,4.7
26.044,-4.47
26.046,-13.3
26.048,-17.4
26.05,-16.1
26.052,-10.8
26.054,-4.92
26.056,-1.8
26.058,-2.5
26.06,-4.86
26.062,-10.2
26.064,-17.2
26.066,-23.3
26.068,-25.4
26.07,-22.4
26.072,-14.5
26.074,-6.9
26.076,-1.23
26.078,0.813
26.08,-0.588
26.082,-5.37
26.084,-12.4
26.086,-20.3
26.088,-22.9
26.09,-20.5
26.092,-14.2
26.094,-7.21
26.096,-2.75
26.098,-1.67
26.1,-3.65
26.102,-9.51
26.104,-17
26.106,-25.2
26.108,-28.1
26.11,-26
26.112,-20.1
26.114,-13.2
26.116,-8.81
26.118,-7.53
26.12,-9.64
26.122,-15.4
26.124,-23.3
26.126,-31
26.128,-34
26.13,-31.7
26.132,-24.4
26.134,-16.3
26.136,-9.19
26.138,-4.28
26.14,-2.37
26.142,-3.2
26.144,-5.37
26.146,-6.77
26.148,-2.37
26.15,6.42
26.152,18.3
26.154,30.6
26.156,37.5
26.158,39.3
26.16,35.9
26.162,26
26.164,12.6
26.166,-2.44
26.168,-13.8
26.17,-19
26.172,-19.9
26.174,-19.7
26.176,-20.3
26.178,-23.1
26.18,-27.6
26.182,-33.9
26.184,-41.5
26.186,-46.5
26.188,-45.9
26.19,-38.5
26.192,-28.7
26.194,-14.6
26.196,-1.1
26.198,7.82
26.2,7.18
26.202,6.29
26.204,2.15
26.206,-5.18
26.208,-6.58
26.21,-1.54
26.212,7.63
26.214,16.3
26.216,24.3
26.218,27.4
26.22,25.5
26.222,20
26.224,11.7
26.226,3.3
26.228,0.0488
26.23,2.98
26.232,9.73
26.234,17.1
26.236,21.7
26.238,23
26.24,20.7
26.242,14.3
26.244,6.04
26.246,-1.67
26.248,-4.03
26.25,0.686
26.252,8.9
26.254,15.7
26.256,21.1
26.258,23
26.26,20.5
26.262,16.1
26.264,9.61
26.266,2.15
26.268,1.51
26.27,6.42
26.272,16.8
26.274,27.4
26.276,32.5
26.278,35.4
26.28,35.9
26.282,32.2
26.284,27.3
26.286,22
26.288,22.8
26.29,28.7
26.292,37.4
26.294,47.1
26.296,53.8
26.298,57
26.3,58.3
26.302,54.4
26.304,46.8
26.306,38.3
26.308,34.2
26.31,35.8
26.312,42.2
26.314,47.8
26.316,51.2
26.318,52.4
26.32,49.6
26.322,44.1
26.324,36.7
26.326,29.7
26.328,27.3
26.33,30.2
26.332,37.8
26.334,45.4
26.336,49.7
26.338,51.8
26.34,50.1
26.342,45.2
26.344,38.7
26.346,32
26.348,30.6
26.35,34.8
26.352,42.4
26.354,51
26.356,56
26.358,58.3
26.36,57.3
26.362,52.6
26.364,45.6
26.366,40.1
26.368,38.6
26.37,42.4
26.372,50.7
26.374,58.4
26.376,64.8
26.378,67.2
26.38,66.7
26.382,62.4
26.384,55.7
26.386,49.9
26.388,48.5
26.39,52.4
26.392,60.3
26.394,67.8
26.396,71.3
26.398,71.7
26.4,67.7
26.402,59.4
26.404,48.3
26.406,37.4
26.408,30.5
26.41,28.2
26.412,29.4
26.414,30.6
26.416,28.7
26.418,23.1
26.42,15.7
26.422,4.76
26.424,-6.96
26.426,-16.5
26.428,-19.8
26.43,-15.6
26.432,-5.24
26.434,7.31
26.436,20.3
26.438,31.8
26.44,41
26.442,46.2
26.444,47.8
26.446,47
26.448,45.9
26.45,45.3
26.452,43.4
26.454,37.1
26.456,27.1
26.458,15.8
26.46,4.38
26.462,-5.18
26.464,-12.8
26.466,-17.9
26.468,-17.7
26.47,-12.2
26.472,-2.88
26.474,6.55
26.476,12.7
26.478,15.4
26.48,15.1
26.482,11.1
26.484,4.95
26.486,-0.333
26.488,-1.74
26.49,1.51
26.492,7.82
26.494,13.8
26.496,17.7
26.498,18.9
26.5,16.4
26.502,11.6
26.504,5.21
26.506,0.176
26.508,-1.54
26.51,1.45
26.512,7.12
26.514,12.6
26.516,15.8
26.518,16.6
26.52,13.7
26.522,8.9
26.524,2.34
26.526,-3.97
26.528,-5.56
26.53,-3.14
26.532,2.22
26.534,8.59
26.536,12.2
26.538,13.7
26.54,11.9
26.542,8.01
26.544,3.36
26.546,-0.397
26.548,-0.588
26.55,4.38
26.552,12.3
26.554,19.9
26.556,26
26.558,29.2
26.56,29.8
26.562,28.1
26.564,24.1
26.566,21.7
26.568,22.3
26.57,27.3
26.572,34.7
26.574,40.6
26.576,43.7
26.578,43.3
26.58,37.5
26.582,27.3
26.584,13.7
26.586,1.07
26.588,-8.93
26.59,-14.2
26.592,-14.8
26.594,-12.7
26.596,-9.83
26.598,-5.3
26.6,-0.0149
26.602,4.19
26.604,8.08
26.606,12.9
26.608,19.1
26.61,28
26.612,36.3
26.614,42.6
26.616,45.1
26.618,45.1
26.62,40.8
26.622,33.1
26.624,23
26.626,14.9
26.628,9.99
26.63,8.27
26.632,8.46
26.634,6.93
26.636,3.68
26.638,-1.23
26.64,-6.96
26.642,-12.8
26.644,-17.6
26.646,-18.3
26.648,-12.1
26.65,1.71
26.652,19.7
26.654,37.2
26.656,49.4
26.658,56.1
26.66,54.8
26.662,45.1
26.664,29.2
26.666,10.6
26.668,-4.79
26.67,-13.7
26.672,-16.1
26.674,-13.8
26.676,-11.2
26.678,-9.7
26.68,-9.64
26.682,-12.8
26.684,-19.3
26.686,-24.4
26.688,-25.8
26.69,-21.9
26.692,-13.4
26.694,-6.26
26.696,-1.29
26.698,1.58
26.7,-1.1
26.702,-7.72
26.704,-17.5
26.706,-26
26.708,-29.8
26.71,-27
26.712,-19.8
26.714,-11.7
26.716,-6.77
26.718,-4.86
26.72,-6.9
26.722,-12.9
26.724,-21
26.726,-27.9
26.728,-30.2
26.73,-25.9
26.732,-18.3
26.734,-10.1
26.736,-5.49
26.738,-4.28
26.74,-6.83
26.742,-13
26.744,-21.8
26.746,-28.6
26.748,-30.7
26.75,-26.5
26.752,-17.5
26.754,-9.44
26.756,-3.77
26.758,-2.56
26.76,-5.81
26.762,-12.8
26.764,-22.3
26.766,-30
26.768,-32.1
26.77,-27.8
26.772,-19.1
26.774,-11
26.776,-5.94
26.778,-3.97
26.78,-6.7
26.782,-12.7
26.784,-20.8
26.786,-26.5
26.788,-27.1
26.79,-20.7
26.792,-10.7
26.794,0.176
26.796,7.63
26.798,11.9
26.8,12.5
26.802,9.61
26.804,5.08
26.806,3.36
26.808,6.17
26.81,16.3
26.812,29.7
26.814,41
26.816,49.5
26.818,53.4
26.82,52.4
26.822,46.4
26.824,37.3
26.826,29.3
26.828,25.5
26.83,26.8
26.832,31
26.834,34.2
26.836,34.4
26.838,31.8
26.84,25.1
26.842,15.3
26.844,3.55
26.846,-6.77
26.848,-12.2
26.85,-12.1
26.852,-8.87
26.854,-5.18
26.856,-4.35
26.858,-6.32
26.86,-10.3
26.862,-18.1
26.864,-26.8
26.866,-33.3
26.868,-34.7
26.87,-30.7
26.872,-23.3
26.874,-15.6
26.876,-10.2
26.878,-7.09
26.88,-6.9
26.882,-9.25
26.884,-13.2
26.886,-14.6
26.888,-11.7
26.89,-3.07
26.892,8.71
26.894,20.1
26.896,29
26.898,35.2
26.9,37.1
26.902,36.1
26.904,31.7
26.906,28.8
26.908,29.5
26.91,33.6
26.912,40.6
26.914,47.4
26.916,50.6
26.918,51.1
26.92,48.5
26.922,42.8
26.924,35.9
26.926,30.5
26.928,29.4
26.93,34.1
26.932,42.2
26.934,49.4
26.936,55
26.938,56.6
26.94,55.5
26.942,50.7
26.944,44.3
26.946,39.4
26.948,38.4
26.95,42.4
26.952,49.4
26.954,55.4
26.956,59.5
26.958,60.4
26.96,58.3
26.962,52.9
26.964,45.6
26.966,40.1
26.968,38.8
26.97,42.5
26.972,49
26.974,55.4
26.976,59
26.978,60.2
26.98,57.5
26.982,52.2
26.984,45.1
26.986,39.7
26.988,38.8
26.99,43.1
26.992,49.9
26.994,56.5
26.996,60.5
26.998,61.7
27,59.7
27.002,54.2
27.004,46.9
27.006,42
27.008,40.3
27.01,45
27.012,51.7
27.014,58.2
27.016,61.9
27.018,62.8
27.02,59.8
27.022,54.1
27.024,46.3
27.026,40.4
27.028,38.5
27.03,41.7
27.032,48.5
27.034,54.1
27.036,56.9
27.038,56.7
27.04,52.5
27.042,45
27.044,34.8
27.046,26.4
27.048,21.7
27.05,22
27.052,24.7
27.054,25.9
27.056,24.5
27.058,19.4
27.06,10.7
27.062,-1.16
27.064,-13.7
27.066,-22.7
27.068,-26.3
27.07,-21.7
27.072,-12.4
27.074,-0.461
27.076,11.1
27.078,21.8
27.08,30.1
27.082,35.5
27.084,35.7
27.086,35
27.088,33.5
27.09,33.4
27.092,31.5
27.094,24
27.096,13
27.098,0.941
27.1,-9.95
27.102,-17.2
27.104,-24.9
27.106,-28.5
27.108,-26.9
27.11,-19
27.112,-8.42
27.114,1.58
27.116,7.95
27.118,11.3
27.12,9.35
27.122,4.32
27.124,-2.95
27.126,-8.74
27.128,-9.83
27.13,-4.47
27.132,4.57
27.134,12.8
27.136,16.7
27.138,17.6
27.14,13.9
27.142,6.61
27.144,-2.63
27.146,-9.13
27.148,-11.2
27.15,-6.19
27.152,2.09
27.154,8.84
27.156,12.7
27.158,13.7
27.16,9.48
27.162,3.43
27.164,-5.3
27.166,-10.3
27.168,-11.5
27.17,-6.58
27.172,1
27.174,7.57
27.176,11.1
27.178,12.9
27.18,9.92
27.182,4.32
27.184,-2.24
27.186,-6.77
27.188,-6.9
27.19,-1.1
27.192,7.44
27.194,15.7
27.196,21.6
27.198,24
27.2,23
27.202,19.3
27.204,13.4
27.206,11.3
27.208,13.2
27.21,21.8
27.212,32.4
27.214,42.8
27.216,50.5
27.218,54.5
27.22,55
27.222,51.4
27.224,45.2
27.226,40.5
27.228,38.5
27.23,39.3
27.232,41.4
27.234,39.3
27.236,31.8
27.238,20.6
27.24,5.91
27.242,-8.87
27.244,-20.3
27.246,-24.3
27.248,-16.4
27.25,2.6
27.252,25.9
27.254,45.7
27.256,56.3
27.258,56.7
27.26,54.5
27.262,47.6
27.264,36.6
27.266,26.8
27.268,20.2
27.27,20.6
27.272,19.9
27.274,19.4
27.276,17.2
27.278,11.1
27.28,1.64
27.282,-9.76
27.284,-22.1
27.286,-28.5
27.288,-29.2
27.29,-20.3
27.292,-5.69
27.294,9.86
27.296,23.4
27.298,35.1
27.3,40.6
27.302,41.3
27.304,37.1
27.306,31.3
27.308,26.8
27.31,25.5
27.312,25
27.314,23.4
27.316,19.5
27.318,15.3
27.32,7.95
27.322,-1.1
27.324,-11.5
27.326,-17.5
27.328,-17
27.33,-10.1
27.332,-1.1
27.334,6.17
27.336,10.2
27.338,10.1
27.34,5.72
27.342,-2.12
27.344,-11.9
27.346,-18.1
27.348,-20.1
27.35,-15.7
27.352,-8.62
27.354,-3.01
27.356,-0.525
27.358,-0.397
27.36,-5.49
27.362,-13.1
27.364,-21.3
27.366,-26.4
27.368,-26.5
27.37,-20.1
27.372,-11.9
27.374,-5.3
27.376,-1.8
27.378,-1.61
27.38,-5.11
27.382,-10.8
27.384,-18.9
27.386,-24.9
27.388,-25.7
27.39,-20.7
27.392,-13.5
27.394,-6.83
27.396,-3.26
27.398,-2.82
27.4,-6.07
27.402,-12.2
27.404,-20.3
27.406,-25.6
27.408,-27.3
27.41,-22.5
27.412,-15.2
27.414,-8.93
27.416,-4.92
27.418,-3.26
27.42,-6.07
27.422,-11.1
27.424,-18.4
27.426,-22.6
27.428,-22.3
27.43,-15.2
27.432,-5.18
27.434,4.76
27.436,12.7
27.438,18.8
27.44,20.9
27.442,20.9
27.444,18.5
27.446,17.5
27.448,20.9
27.45,28.8
27.452,36.8
27.454,42.7
27.456,43.9
27.458,41.3
27.46,33.4
27.462,22.5
27.464,9.48
27.466,-0.843
27.468,-7.28
27.47,-7.41
27.472,-5.49
27.474,-4.16
27.476,-4.09
27.478,-7.02
27.48,-13.3
27.482,-21.4
27.484,-30.3
27.486,-35.9
27.488,-36.5
27.49,-31.7
27.492,-24.3
27.494,-17.7
27.496,-13.6
27.498,-11.7
27.5,-14.1
27.502,-19.1
27.504,-25.2
27.506,-28.3
27.508,-28
27.51,-21.7
27.512,-13.5
27.514,-6.96
27.516,-3.07
27.518,-1.93
27.52,-4.35
27.522,-9.89
27.524,-16.9
27.526,-21.9
27.528,-22.5
27.53,-17.5
27.532,-10.6
27.534,-4.09
27.536,0.941
27.538,2.15
27.54,-1.35
27.542,-7.02
27.544,-13.1
27.546,-16.3
27.548,-14.7
27.55,-8.62
27.552,-0.206
27.554,6.1
27.556,9.48
27.558,10.2
27.56,7.44
27.562,2.6
27.564,-4.35
27.566,-9.06
27.568,-8.62
27.57,-2.95
27.572,3.55
27.574,10.1
27.576,13.8
27.578,14.6
27.58,11.6
27.582,5.85
27.584,-1.35
27.586,-5.05
27.588,-4.73
27.59,1.07
27.592,9.1
27.594,15.3
27.596,19.8
27.598,21.6
27.6,19.9
27.602,15.1
27.604,9.54
27.606,6.67
27.608,8.14
27.61,13.7
27.612,21.5
27.614,28
27.616,31.9
27.618,33.6
27.62,31.7
27.622,27.9
27.624,22.4
27.626,19.6
27.628,20.9
27.63,27.3
27.632,35.1
27.634,41.9
27.636,46.4
27.638,48
27.64,46.4
27.642,42.2
27.644,36.4
27.646,33.1
27.648,33.8
27.65,40.1
27.652,47.6
27.654,53.9
27.656,57.8
27.658,59
27.66,56.3
27.662,51.4
27.664,44.3
27.666,40.7
27.668,41
27.67,46.3
27.672,53.6
27.674,59.1
27.676,62.4
27.678,63.1
27.68,59.5
27.682,53.4
27.684,45.8
27.686,40.4
27.688,40.6
27.69,45.7
27.692,53.2
27.694,60.2
27.696,63.6
27.698,64.3
27.7,60.6
27.702,53.5
27.704,44.5
27.706,39.6
27.708,38.5
27.71,43.8
27.712,50.8
27.714,56.4
27.716,58.1
27.718,55.8
27.72,49.6
27.722,39.1
27.724,25.9
27.726,16.6
27.728,11.9
27.73,13
27.732,16.7
27.734,18.7
27.736,18.3
27.738,15.1
27.74,7.69
27.742,-0.907
27.744,-9.51
27.746,-14
27.748,-10.5
27.75,0.813
27.752,15.3
27.754,30.6
27.756,42.7
27.758,51.9
27.76,55.9
27.762,55.4
27.764,50.9
27.766,47.1
27.768,46.4
27.77,48.7
27.772,49.5
27.774,46.7
27.776,39.4
27.778,29.2
27.78,16.2
27.782,3.74
27.784,-6.26
27.786,-11.7
27.788,-9.51
27.79,-1.29
27.792,8.78
27.794,16.8
27.796,21.9
27.798,23.7
27.8,20.9
27.802,15.7
27.804,9.22
27.806,5.4
27.808,6.74
27.81,13.9
27.812,21.8
27.814,28.5
27.816,31.6
27.818,31.9
27.82,29.5
27.822,23.8
27.824,16.7
27.826,13.4
27.828,13
27.83,19.4
27.832,26.7
27.834,31.8
27.836,35.2
27.838,34.5
27.84,30.9
27.842,25.1
27.844,17.7
27.846,14.2
27.848,14.3
27.85,20.3
27.852,27.9
27.854,33.6
27.856,36.9
27.858,37.9
27.86,35.3
27.862,30.4
27.864,24.3
27.866,21.7
27.868,22.2
27.87,28.8
27.872,36.3
27.874,42.7
27.876,46.9
27.878,47.5
27.88,45
27.882,39.8
27.884,33.1
27.886,29.2
27.888,29.3
27.89,33.8
27.892,38.5
27.894,41.4
27.896,41.7
27.898,37.4
27.9,29.5
27.902,19.2
27.904,6.23
27.906,-2.82
27.908,-7.41
27.91,-5.81
27.912,-0.779
27.914,4.64
27.916,9.92
27.918,14
27.92,15.3
27.922,15.5
27.924,13.9
27.926,14.6
27.928,18.5
27.93,26.2
27.932,34.2
27.934,39.8
27.936,40.6
27.938,38.3
27.94,31.1
27.942,20.9
27.944,7.89
27.946,-0.588
27.948,-5.18
27.95,-2.31
27.952,1.96
27.954,5.08
27.956,4.95
27.958,2.47
27.96,-4.92
27.962,-13.3
27.964,-22.8
27.966,-27.4
27.968,-25.8
27.97,-16.5
27.972,-4.09
27.974,7.31
27.976,15.9
27.978,21.8
27.98,21.8
27.982,18.4
27.984,10.9
27.986,4.64
27.988,0.495
27.99,0.686
27.992,1.9
27.994,2.98
27.996,3.23
27.998,3.81
28,3.68
28.002,1.39
28.004,-0.843
28.006,0.495
28.008,6.04
28.01,14.1
28.012,21.4
28.014,24.7
28.016,22.9
28.018,17.6
28.02,10.7
28.022,2.66
28.024,-5.3
28.026,-8.93
28.028,-8.68
28.03,-3.77
28.032,2.79
28.034,6.74
28.036,7.12
28.038,5.72
28.04,-0.843
28.042,-7.34
28.044,-14.8
28.046,-18.3
28.048,-17
28.05,-10.5
28.052,-3.01
28.054,3.43
28.056,5.4
28.058,5.21
28.06,1.45
28.062,-4.98
28.064,-13.3
28.066,-16.6
28.068,-16.8
28.07,-10.5
28.072,-2.82
28.074,2.6
28.076,6.17
28.078,5.21
28.08,0.622
28.082,-6.58
28.084,-15.7
28.086,-20.6
28.088,-20.4
28.09,-14.5
28.092,-6.96
28.094,-1.29
28.096,1.07
28.098,0.431
28.1,-4.47
28.102,-11.4
28.104,-20.5
28.106,-24.4
28.108,-23.6
28.11,-16.8
28.112,-8.04
28.114,-0.461
28.116,3.74
28.118,5.4
28.12,3.11
28.122,-1.54
28.124,-6.9
28.126,-7.98
28.128,-3.65
28.13,7.06
28.132,18.9
28.134,28.9
28.136,35.9
28.138,39
28.14,37.4
28.142,32.6
28.144,25
28.146,21.6
28.148,22
28.15,23.1
28.152,32.8
28.154,39.5
28.156,41.1
28.158,41
28.16,34.5
28.162,26
28.164,14.5
28.166,7.44
28.168,4.64
28.17,9.1
28.172,15.3
28.174,19
28.176,18.9
28.178,15.7
28.18,9.29
28.182,0.176
28.184,-11.7
28.186,-20.2
28.188,-20.8
28.19,-15.1
28.192,-8.36
28.194,-3.39
28.196,-2.31
28.198,-4.98
28.2,-11.2
28.202,-19.7
28.204,-30.2
28.206,-35.9
28.208,-36.1
28.21,-30.7
28.212,-23.3
28.214,-18.4
28.216,-15.9
28.218,-16.5
28.22,-21.4
28.222,-28.1
28.224,-37.3
28.226,-41.4
28.228,-40.8
28.23,-34.9
28.232,-27
28.234,-21
28.236,-18.2
28.238,-18.7
28.24,-23.3
28.242,-30.4
28.244,-38.9
28.246,-42.1
28.248,-40.9
28.25,-33.1
28.252,-24.9
28.254,-18.4
28.256,-14.7
28.258,-13.6
28.26,-16.3
28.262,-20.1
28.264,-25.6
28.266,-26.1
28.268,-21.8
28.27,-12.8
28.272,-1.99
28.274,6.93
28.276,13
28.278,16.6
28.28,16.5
28.282,14.3
28.284,10.1
28.286,9.61
28.288,13.6
28.29,21.8
28.292,30.8
28.294,37.6
28.296,40.3
28.298,39.6
28.3,35.7
28.302,29.3
28.304,21.5
28.306,18
28.308,19.2
28.31,27.2
28.312,35.8
28.314,42.3
28.316,45.7
28.318,46
28.32,42.7
28.322,37.3
28.324,29
28.326,26.7
28.328,29
28.33,36.6
28.332,46.2
28.334,53.3
28.336,57.1
28.338,57.8
28.34,54.1
28.342,48.3
28.344,40.4
28.346,37.4
28.348,39.3
28.35,46
28.352,54.6
28.354,60.6
28.356,62.9
28.358,62.4
28.36,58.5
28.362,51.8
28.364,43.6
28.366,40.3
28.368,41.3
28.37,47.4
28.372,54.8
28.374,60.3
28.376,61.8
28.378,59.2
28.38,53.1
28.382,44.2
28.384,32.7
28.386,26.4
28.388,24.1
28.39,26.2
28.392,29.6
28.394,29.7
28.396,27.9
28.398,23.9
28.4,15.9
28.402,7.38
28.404,-2.05
28.406,-5.94
28.408,-3.14
28.41,5.4
28.412,16.7
28.414,28.1
28.416,37.6
28.418,44.6
28.42,48.5
28.422,49.1
28.424,48.2
28.426,49.5
28.428,53.6
28.43,59.9
28.432,64.3
28.434,64.7
28.436,59.9
28.438,49.5
28.44,36.2
28.442,20.1
28.444,3.36
28.446,-6.77
28.448,-10.4
28.45,-5.81
28.452,1.77
28.454,7.5
28.456,11.6
28.458,13.3
28.46,11.3
28.462,8.14
28.464,3.49
28.466,3.17
28.468,6.93
28.47,14.4
28.472,22.7
28.474,29
28.476,32.3
28.478,33
28.48,30.5
28.482,25.5
28.484,19.9
28.486,18.1
28.488,19.5
28.49,25.2
28.492,30.8
28.494,35.3
28.496,37.5
28.498,36.5
28.5,33.2
28.502,28
28.504,21.1
28.506,19.1
28.508,20.4
28.51,25.5
28.512,32
28.514,36.3
28.516,38
28.518,37.6
28.52,33.6
28.522,28.5
28.524,21.5
28.526,18.8
28.528,20.3
28.53,25
28.532,31.1
28.534,34.9
28.536,35.9
28.538,34.7
28.54,30.1
28.542,23.7
28.544,17.1
28.546,13.4
28.548,14.2
28.55,18.7
28.552,23.2
28.554,26.5
28.556,27.6
28.558,26
28.56,22.2
28.562,17.1
28.564,10.5
28.566,9.35
28.568,12.6
28.57,20.4
28.572,29.3
28.574,35.9
28.576,39.9
28.578,40.3
28.58,35.8
28.582,28.8
28.584,18.9
28.586,12.1
28.588,6.36
28.59,7.12
28.592,11.6
28.594,14.8
28.596,14.2
28.598,10.7
28.6,1.83
28.602,-9.89
28.604,-22.4
28.606,-29.7
28.608,-30.9
28.61,-25.4
28.612,-18.7
28.614,-11.4
28.616,-5.11
28.618,-0.0786
28.62,2.53
28.622,3.68
28.624,2.79
28.626,6.1
28.628,12.7
28.63,22.2
28.632,30.6
28.634,34.8
28.636,34.7
28.638,32.5
28.64,27.3
28.642,22
28.644,14.7
28.646,11.4
28.648,11.8
28.65,14.9
28.652,19.2
28.654,20.4
28.656,18.8
28.658,16
28.66,11.8
28.662,5.66
28.664,-2.63
28.666,-5.11
28.668,-3.07
28.67,3.3
28.672,9.99
28.674,14.3
28.676,14.4
28.678,11.1
28.68,5.66
28.682,-1.99
28.684,-10.7
28.686,-14.4
28.688,-13.3
28.69,-8.04
28.692,-1.74
28.694,3.23
28.696,5.53
28.698,4.25
28.7,-0.397
28.702,-6.96
28.704,-14.8
28.706,-17.7
28.708,-15.7
28.71,-9.51
28.712,-2.31
28.714,2.92
28.716,4.64
28.718,3.74
28.72,-0.461
28.722,-7.47
28.724,-15.2
28.726,-18.2
28.728,-16.3
28.73,-9.44
28.732,-2.05
28.734,2.92
28.736,4.95
28.738,3.68
28.74,-0.652
28.742,-7.41
28.744,-14.9
28.746,-16.9
28.748,-14.6
28.75,-7.21
28.752,1.51
28.754,7.63
28.756,12.3
28.758,13.4
28.76,11.5
28.762,8.27
28.764,4.57
28.766,6.17
28.768,13.4
28.77,25.1
28.772,37.8
28.774,46.8
28.776,53
28.778,54.9
28.78,52.5
28.782,46.8
28.784,39.3
28.786,35.7
28.788,35.3
28.79,39.3
28.792,42.7
28.794,43.1
28.796,39.7
28.798,32.5
28.8,22.2
28.802,10.1
28.804,-2.88
28.806,-10.7
28.808,-13.6
28.81,-11.4
28.812,-7.98
28.814,-5.94
28.816,-6.51
28.818,-9.44
28.82,-15.4
28.822,-23
28.824,-29.8
28.826,-32.3
28.828,-29.3
28.83,-22.1
28.832,-14
28.834,-7.34
28.836,-3.58
28.838,-2.31
28.84,-3.97
28.842,-8.23
28.844,-12.5
28.846,-12.4
28.848,-8.3
28.85,0.304
28.852,9.54
28.854,16.9
28.856,20.7
28.858,21.8
28.86,19.7
28.862,15.8
28.864,10.9
28.866,10.3
28.868,14.3
28.87,21.6
28.872,29.5
28.874,35
28.876,37.6
28.878,37.2
28.88,33.1
28.882,26.8
28.884,20.1
28.886,17.6
28.888,19
28.89,24.1
28.892,29.1
28.894,33.2
28.896,33.7
28.898,31.5
28.9,26.7
28.902,19.4
28.904,12.9
28.906,10.1
28.908,11.7
28.91,16.9
28.912,22.6
28.914,26.5
28.916,27.7
28.918,26.4
28.92,22.1
28.922,16.9
28.924,11.1
28.926,9.8
28.928,12.8
28.93,19.4
28.932,26.5
28.934,31.5
28.936,34.1
28.938,34.5
28.94,31.5
28.942,27.4
28.944,23
28.946,22.7
28.948,26.8
28.95,34.3
28.952,41.4
28.954,48.1
28.956,51.6
28.958,52.5
28.96,50.2
28.962,46.2
28.964,41.8
28.966,41.3
28.968,44.8
28.97,51.4
28.972,59
28.974,62.8
28.976,64.6
28.978,63.5
28.98,58.5
28.982,52.7
28.984,46.3
28.986,43.8
28.988,45.7
28.99,51.6
28.992,57.9
28.994,62.6
28.996,64.2
28.998,63.1
29,59
29.002,52.2
29.004,45.3
29.006,42.7
29.008,44.5
29.01,50.6
29.012,57
29.014,61.7
29.016,63.3
29.018,61.5
29.02,56.3
29.022,49
29.024,41.1
29.026,38.7
29.028,39.8
29.03,45.5
29.032,52.1
29.034,55.9
29.036,56.4
29.038,53.2
29.04,46
29.042,36.8
29.044,26.7
29.046,21.1
29.048,20.2
29.05,23.3
29.052,26.2
29.054,26.3
29.056,23.1
29.058,16.3
29.06,6.23
29.062,-5.94
29.064,-16.6
29.066,-21.7
29.068,-20.4
29.07,-13.3
29.072,-4.35
29.074,3.62
29.076,10.5
29.078,15
29.08,18.1
29.082,19.4
29.084,21.1
29.086,27.4
29.088,37.4
29.09,49.2
29.092,59.7
29.094,65.5
29.096,65.9
29.098,61
29.1,49.7
29.102,35
29.104,20.2
29.106,8.59
29.108,3.3
29.11,2.41
29.112,3.55
29.114,5.15
29.116,5.91
29.118,5.46
29.12,2.72
29.122,-1.48
29.124,-4.35
29.126,-3.01
29.128,3.3
29.13,13.7
29.132,24.3
29.134,32.3
29.136,37.6
29.138,38.6
29.14,36.7
29.142,32.7
29.144,28.5
29.146,28.6
29.148,33.4
29.15,41.8
29.152,50.1
29.154,56.2
29.156,59
29.158,58
29.16,53.7
29.162,46.8
29.164,40.9
29.166,39
29.168,42.4
29.17,49.6
29.172,57.3
29.174,62.1
29.176,64.5
29.178,62.6
29.18,57.8
29.182,50.3
29.184,43.3
29.186,41.3
29.188,44.3
29.19,51.8
29.192,58.5
29.194,62.2
29.196,63.4
29.198,60.3
29.2,53.9
29.202,44.6
29.204,34.8
29.206,29.2
29.208,27.1
29.21,27.3
29.212,26.7
29.214,22.4
29.216,14.8
29.218,5.02
29.22,-6.19
29.222,-16.4
29.224,-22.3
29.226,-20.1
29.228,-9.64
29.23,7.18
29.232,24.8
29.234,39.2
29.236,48.7
29.238,51.5
29.24,47.9
29.242,40.5
29.244,33.3
29.246,30.6
29.248,31.7
29.25,35.1
29.252,36.9
29.254,34.2
29.256,28.2
29.258,16.9
29.26,1.51
29.262,-14.9
29.264,-29.6
29.266,-34
29.268,-27.8
29.27,-11.7
29.272,9.54
29.274,29.3
29.276,42.8
29.278,48.4
29.28,42.9
29.282,27.6
29.284,11
29.286,-3.14
29.288,-8.87
29.29,-7.21
29.292,-4.03
29.294,-1.61
29.296,1.07
29.298,2.66
29.3,-0.0149
29.302,-4.54
29.304,-10.3
29.306,-11.8
29.308,-8.36
29.31,-2.05
29.312,4.44
29.314,7.69
29.316,8.14
29.318,5.15
29.32,-0.716
29.322,-8.74
29.324,-16.6
29.326,-20.2
29.328,-18.2
29.33,-12.7
29.332,-7.47
29.334,-3.65
29.336,-3.33
29.338,-5.81
29.34,-10.3
29.342,-16.9
29.344,-22.9
29.346,-24.2
29.348,-20.8
29.35,-12.9
29.352,-6.19
29.354,-1.29
29.356,0.431
29.358,-1.54
29.36,-6.58
29.362,-13.3
29.364,-19.1
29.366,-20.5
29.368,-17.3
29.37,-10.1
29.372,-3.01
29.374,2.09
29.376,3.87
29.378,1.83
29.38,-3.2
29.382,-9.57
29.384,-15.7
29.386,-17.6
29.388,-13.7
29.39,-7.02
29.392,-0.461
29.394,3.87
29.396,5.02
29.398,2.85
29.4,-2.12
29.402,-10
29.404,-16.3
29.406,-18.4
29.408,-15.1
29.41,-7.41
29.412,-0.142
29.414,4.38
29.416,6.1
29.418,4.57
29.42,-0.843
29.422,-7.98
29.424,-13.6
29.426,-15
29.428,-10.8
29.43,-2.63
29.432,5.66
29.434,11.5
29.436,14.8
29.438,14.3
29.44,10.7
29.442,6.29
29.444,2.15
29.446,2.85
29.448,10.1
29.45,20.6
29.452,31.1
29.454,39
29.456,43.7
29.458,44.7
29.46,42.2
29.462,37.2
29.464,33
29.466,32.9
29.468,37.7
29.47,46
29.472,53.4
29.474,58.2
29.476,59.6
29.478,56.9
29.48,50.3
29.482,42.1
29.484,34
29.486,30.5
29.488,32.8
29.49,38.7
29.492,43.6
29.494,46.4
29.496,46.2
29.498,42.6
29.5,35.3
29.502,26
29.504,18.5
29.506,14.4
29.508,16.7
29.51,22.7
29.512,28.1
29.514,31.5
29.516,32.5
29.518,29.2
29.52,23.4
29.522,14.8
29.524,8.27
29.526,6.17
29.528,9.22
29.53,15.9
29.532,22.3
29.534,26.2
29.536,27.4
29.538,25
29.54,18.7
29.542,10.6
29.544,3.74
29.546,1.13
29.548,4.7
29.55,11.4
29.552,17.8
29.554,22.5
29.556,23.7
29.558,21.4
29.56,15.7
29.562,7.95
29.564,1.96
29.566,0.24
29.568,3.81
29.57,11
29.572,17.8
29.574,22.5
29.576,24.2
29.578,21.8
29.58,17.2
29.582,10.5
29.584,4.83
29.586,2.85
29.588,6.29
29.59,13
29.592,19.4
29.594,22.9
29.596,23
29.598,19.9
29.6,13.1
29.602,4.64
29.604,-3.14
29.606,-6.64
29.608,-4.54
29.61,1.26
29.612,6.17
29.614,8.84
29.616,8.71
29.618,3.94
29.62,-3.14
29.622,-13.5
29.624,-21.4
29.626,-24.3
29.628,-21.5
29.63,-13.8
29.632,-7.21
29.634,-2.69
29.636,-1.42
29.638,-4.09
29.64,-10.4
29.642,-18.2
29.644,-25.2
29.646,-26.5
29.648,-22.5
29.65,-14.2
29.652,-6.96
29.654,-1.74
29.656,0.24
29.658,-1.86
29.66,-7.6
29.662,-15.2
29.664,-20.5
29.666,-21.9
29.668,-16.4
29.67,-7.41
29.672,0.75
29.674,7.06
29.676,9.67
29.678,7.95
29.68,2.79
29.682,-5.18
29.684,-11.4
29.686,-12.4
29.688,-7.34
29.69,1.83
29.692,10.4
29.694,16.4
29.696,19
29.698,16.9
29.7,10.8
29.702,2.53
29.704,-4.22
29.706,-6.58
29.708,-2.56
29.71,5.21
29.712,12.3
29.714,16.1
29.716,16.6
29.718,12.4
29.72,4.38
29.722,-5.43
29.724,-13.4
29.726,-15.7
29.728,-10.6
29.73,-0.716
29.732,8.4
29.734,16.6
29.736,21.6
29.738,23.1
29.74,22.2
29.742,18.7
29.744,18.3
29.746,23.2
29.748,34.4
29.75,48.8
29.752,62
29.754,70.6
29.756,74.4
29.758,72.2
29.76,64.1
29.762,52.7
29.764,41.2
29.766,31.8
29.768,28.4
29.77,27.5
29.772,27
29.774,24.8
29.776,20.4
29.778,15
29.78,8.46
29.782,1.07
29.784,-4.67
29.786,-5.56
29.788,0.176
29.79,9.54
29.792,17.6
29.794,23.7
29.796,27.1
29.798,26.8
29.8,24.3
29.802,18.9
29.804,15.7
29.806,16.6
29.808,21.5
29.81,29.3
29.812,36.7
29.814,41.3
29.816,42.2
29.818,41
29.82,35.8
29.822,28.2
29.824,22.5
29.826,21.2
29.828,25.7
29.83,31.9
29.832,38.3
29.834,42.1
29.836,43.1
29.838,40.9
29.84,35.1
29.842,26.9
29.844,21.3
29.846,19.3
29.848,22.7
29.85,30.4
29.852,37.6
29.854,42.5
29.856,44.2
29.858,42.3
29.86,37.1
29.862,30.2
29.864,24.3
29.866,22.8
29.868,26.1
29.87,32
29.872,36.2
29.874,37.3
29.876,34.8
29.878,28.6
29.88,19.9
29.882,10.5
29.884,3.87
29.886,2.41
29.888,8.46
29.89,16.2
29.892,24.7
29.894,30.5
29.896,32.2
29.898,30.6
29.9,22.9
29.902,11.8
29.904,3.43
29.906,0.113
29.908,3.55
29.91,9.41
29.912,13.2
29.914,14.3
29.916,13.2
29.918,9.16
29.92,2.53
29.922,-5.24
29.924,-8.74
29.926,-6.51
29.928,2.09
29.93,14.3
29.932,24.6
29.934,31
29.936,33.7
29.938,31.7
29.94,25.5
29.942,18.8
29.944,14.2
29.946,14
29.948,19.9
29.95,27.1
29.952,32.7
29.954,32.8
29.956,29.4
29.958,22.5
29.96,10.8
29.962,-3.97
29.964,-13.3
29.966,-16
29.968,-10.1
29.97,-1.61
29.972,6.48
29.974,11.7
29.976,13
29.978,8.78
29.98,2.15
29.982,-7.02
29.984,-13.5
29.986,-16.3
29.988,-12.1
29.99,-4.86
29.992,2.28
29.994,5.59
29.996,6.67
29.998,2.79
30,-3.52
30.002,-12.8
30.004,-19.6
30.006,-21.9
30.008,-16.9
30.01,-8.62
30.012,-1.29
30.014,2.66
30.016,3.49
30.018,1.45
30.02,-4.47
30.022,-12.8
30.024,-17.7
30.026,-18.7
30.028,-13.8
30.03,-6
30.032,1
30.034,5.21
30.036,6.36
30.038,3.36
30.04,-2.5
30.042,-11.2
30.044,-16.9
30.046,-18.1
30.048,-12.9
30.05,-5.18
30.052,1.77
30.054,5.27
30.056,6.23
30.058,2.98
30.06,-3.52
30.062,-12.3
30.064,-18.4
30.066,-20.2
30.068,-14.9
30.07,-6.64
30.072,0.75
30.074,5.53
30.076,7.06
30.078,4.7
30.08,-0.0149
30.082,-7.28
30.084,-11.5
30.086,-10.4
30.088,-2.75
30.09,8.46
30.092,18.5
30.094,25.9
30.096,30
30.098,29.8
30.1,26
30.102,20.2
30.104,16.8
30.106,19.3
30.108,27.8
30.11,38.6
30.112,48.9
30.114,55
30.116,57.5
30.118,55.5
30.12,49.7
30.122,41.6
30.124,36
30.126,34.8
30.128,40.4
30.13,48
30.132,54.7
30.134,58.5
30.136,58.7
30.138,54.7
30.14,47.5
30.142,37.8
30.144,31.3
30.146,29.9
30.148,33.9
30.15,42
30.152,48.3
30.154,51.7
30.156,52.5
30.158,48.3
30.16,41.5
30.162,31.8
30.164,24.9
30.166,23.2
30.168,28.3
30.17,36
30.172,42.8
30.174,46.7
30.176,46.7
30.178,42.4
30.18,34.6
30.182,24.8
30.184,17.4
30.186,14.7
30.188,18
30.19,24
30.192,28.2
30.194,30.1
30.196,28
30.198,20.9
30.2,11.2
30.202,-1.8
30.204,-11.9
30.206,-17.1
30.208,-16.6
30.21,-13.5
30.212,-11.3
30.214,-11.5
30.216,-13.9
30.218,-20.1
30.22,-28.4
30.222,-37.6
30.224,-42.4
30.226,-42.2
30.228,-35.2
30.23,-25.8
30.232,-17.2
30.234,-11.2
30.236,-8.62
30.238,-9.95
30.24,-14.2
30.242,-20.3
30.244,-23.7
30.246,-23
30.248,-16.1
30.25,-6.39
30.252,1.77
30.254,7.18
30.256,9.8
30.258,8.27
30.26,4.51
30.262,-1.35
30.264,-4.22
30.266,-2.24
30.268,5.21
30.27,15.1
30.272,24.7
30.274,30.9
30.276,34.6
30.278,34.5
30.28,31.7
30.282,26.8
30.284,24.1
30.286,26
30.288,33.4
30.29,42.7
30.292,50.6
30.294,55.5
30.296,57
30.298,53.9
30.3,47.5
30.302,38
30.304,31
30.306,27.4
30.308,30.7
30.31,36.6
30.312,40.9
30.314,42.3
30.316,40.8
30.318,34.8
30.32,26.6
30.322,16
30.324,8.33
30.326,6.29
30.328,9.54
30.33,15.9
30.332,22.2
30.334,24.3
30.336,24.1
30.338,19.4
30.34,11.8
30.342,1.96
30.344,-4.98
30.346,-6.96
30.348,-1.86
30.35,5.91
30.352,13
30.354,17
30.356,17.6
30.358,14.3
30.36,8.01
30.362,-0.716
30.364,-5.81
30.366,-5.43
30.368,0.877
30.37,10.8
30.372,19.2
30.374,23.9
30.376,25.5
30.378,22.2
30.38,16.2
30.382,8.14
30.384,3.43
30.386,4.06
30.388,11
30.39,20.2
30.392,28.5
30.394,33.6
30.396,35
30.398,32.1
30.4,25.7
30.402,17.3
30.404,12.3
30.406,11.7
30.408,17.8
30.41,25.7
30.412,32
30.414,35.2
30.416,34.4
30.418,28.8
30.42,20.2
30.422,9.1
30.424,1.26
30.426,-0.907
30.428,3.49
30.43,10.7
30.432,17.8
30.434,21.8
30.436,24.8
30.438,23.2
30.44,18.7
30.442,12
30.444,7.12
30.446,6.29
30.448,11.6
30.45,18.1
30.452,23
30.454,25.2
30.456,23.9
30.458,19.1
30.46,11.8
30.462,2.53
30.464,-3.2
30.466,-5.18
30.468,-1.35
30.47,4.89
30.472,9.92
30.474,12.4
30.476,12.5
30.478,8.59
30.48,2.41
30.482,-5.62
30.484,-10.8
30.486,-11.2
30.488,-6.19
30.49,0.813
30.492,6.61
30.494,9.92
30.496,10.8
30.498,7.95
30.5,2.79
30.502,-4.28
30.504,-8.17
30.506,-8.04
30.508,-1.8
30.51,6.1
30.512,13.4
30.514,18.3
30.516,20.9
30.518,20.8
30.52,19.6
30.522,16.2
30.524,17.3
30.526,22.1
30.528,32.3
30.53,44.2
30.532,52.7
30.534,56.6
30.536,55
30.538,46.6
30.54,33.6
30.542,16.7
30.544,1.71
30.546,-8.74
30.548,-13.9
30.55,-19.5
30.552,-19.3
30.554,-20.2
30.556,-20.5
30.558,-22.8
30.56,-28.9
30.562,-38.2
30.564,-43
30.566,-42.3
30.568,-34.6
30.57,-24.7
30.572,-17
30.574,-12.2
30.576,-11.1
30.578,-14
30.58,-18
30.582,-23.9
30.584,-24
30.586,-18
30.588,-4.22
30.59,11.8
30.592,26.4
30.594,36.1
30.596,41.4
30.598,39.4
30.6,32.3
30.602,20.9
30.604,10.4
30.606,4.38
30.608,4.19
30.61,6.74
30.612,11.8
30.614,13.5
30.616,12.2
30.618,5.97
30.62,-3.77
30.622,-14
30.624,-18.4
30.626,-15.9
30.628,-6.26
30.63,5.66
30.632,15.8
30.634,21.5
30.636,23.3
30.638,19.7
30.64,13.4
30.642,3.49
30.644,-2.5
30.646,-2.88
30.648,2.98
30.65,11.2
30.652,17.5
30.654,19.9
30.656,19.2
30.658,14.7
30.66,6.48
30.662,-2.88
30.664,-9
30.666,-10.1
30.668,-4.16
30.67,3.43
30.672,10.4
30.674,13.7
30.676,13.6
30.678,8.59
30.68,0.941
30.682,-9.38
30.684,-13.7
30.686,-13.8
30.688,-7.79
30.69,0.877
30.692,8.14
30.694,12.2
30.696,13
30.698,8.2
30.7,1.13
30.702,-8.11
30.704,-13.8
30.706,-13.5
30.708,-7.02
30.71,1.45
30.712,8.9
30.714,13
30.716,12.9
30.718,8.84
30.72,1.51
30.722,-7.53
30.724,-13
30.726,-13.1
30.728,-6.07
30.73,2.72
30.732,9.86
30.734,14.1
30.736,15.3
30.738,11.1
30.74,4.57
30.742,-3.71
30.744,-7.15
30.746,-5.11
30.748,5.08
30.75,17.7
30.752,28.9
30.754,36.9
30.756,41
30.758,40.9
30.76,36.8
30.762,31.1
30.764,28.5
30.766,30.7
30.768,40.3
30.77,50.6
30.772,59.4
30.774,64.1
30.776,64.5
30.778,59.5
30.78,51.7
30.782,40.3
30.784,33.5
30.786,31.7
30.788,36.7
30.79,43.9
30.792,49.3
30.794,51.7
30.796,50
30.798,43.1
30.8,34.1
30.802,22
30.804,15
30.806,14
30.808,20.1
30.81,28.8
30.812,36.2
30.814,40.1
30.816,40.2
30.818,35.5
30.82,27.5
30.822,18
30.824,12.9
30.826,13.2
30.828,21.6
30.83,31.7
30.832,40.5
30.834,45.8
30.836,45.9
30.838,42.2
30.84,35.2
30.842,24.9
30.844,19.4
30.846,19.9
30.848,26.9
30.85,36.5
30.852,43.4
30.854,46.5
30.856,45.7
30.858,39.2
30.86,29.9
30.862,17.1
30.864,8.65
30.866,6.1
30.868,10.1
30.87,15.2
30.872,19.2
30.874,18.8
30.876,13.7
30.878,4.44
30.88,-8.3
30.882,-23
30.884,-32.3
30.886,-36.6
30.888,-32.3
30.89,-26.5
30.892,-22
30.894,-19.2
30.896,-20.1
30.898,-24
30.9,-29.6
30.902,-37.5
30.904,-41.4
30.906,-39
30.908,-31.1
30.91,-20.5
30.912,-11.8
30.914,-5.81
30.916,-3.2
30.918,-5.05
30.92,-9.76
30.922,-15.8
30.924,-18.4
30.926,-15.2
30.928,-5.56
30.93,5.21
30.932,15
30.934,21.5
30.936,24.6
30.938,24.1
30.94,20.3
30.942,14.9
30.944,13.1
30.946,16.1
30.948,24.8
30.95,35.2
30.952,42.9
30.954,47.3
30.956,47.3
30.958,42.7
30.96,35.3
30.962,25.2
30.964,19.1
30.966,18.8
30.968,24.4
30.97,32.1
30.972,37.8
30.974,40.4
30.976,39.2
30.978,33.1
30.98,24.3
30.982,13.7
30.984,7.57
30.986,6.74
30.988,13.7
30.99,21.7
30.992,28.5
30.994,31.5
30.996,31.3
30.998,26
31,18.1
31.002,7.25
31.004,1.26
31.006,1.26
31.008,8.65
31.01,18.6
31.012,26.4
31.014,30.2
31.016,30.2
31.018,25
31.02,17.3
31.022,6.55
31.024,1.2
31.026,1.9
31.028,10.1
31.03,20.5
31.032,28.9
31.034,32.9
31.036,33.1
31.038,27.6
31.04,18.5
31.042,7.12
31.044,0.367
31.046,-0.779
31.048,5.66
31.05,14.3
31.052,19.9
31.054,22.7
31.056,20.9
31.058,14.3
31.06,5.4
31.062,-6.13
31.064,-11.5
31.066,-8.87
31.068,0.877
31.07,12
31.072,21
31.074,24.2
31.076,22.2
31.078,14.6
31.08,3.62
31.082,-10.4
31.084,-18.4
31.086,-19.6
31.088,-13.8
31.09,-6.7
31.092,-0.779
31.094,3.62
31.096,4.32
31.098,0.113
31.1,-6.58
31.102,-16.6
31.104,-21
31.106,-20.3
31.108,-12.4
31.11,-2.95
31.112,4.32
31.114,8.9
31.116,9.41
31.118,4.83
31.12,-1.8
31.122,-10.8
31.124,-15.2
31.126,-13.3
31.128,-6.07
31.13,3.43
31.132,11
31.134,14.4
31.136,14.8
31.138,10.6
31.14,3.81
31.142,-4.47
31.144,-8.93
31.146,-7.53
31.148,-0.652
31.15,7.95
31.152,14.8
31.154,18.5
31.156,18
31.158,14.6
31.16,8.4
31.162,0.113
31.164,-3.01
31.166,-1.99
31.168,5.4
31.17,14.4
31.172,21.4
31.174,25.4
31.176,25.8
31.178,21.8
31.18,16.3
31.182,8.52
31.184,5.72
31.186,7.63
31.188,16.5
31.19,26.8
31.192,35.2
31.194,40.3
31.196,41.9
31.198,39
31.2,32.4
31.202,22.7
31.204,16.4
31.206,13.6
31.208,15.2
31.21,16.4
31.212,16.4
31.214,11.1
31.216,-0.779
31.218,-9.19
31.22,-17.7
31.222,-29.3
31.224,-32.4
31.226,-29.6
31.228,-18.1
31.23,-6.64
31.232,3.11
31.234,10.3
31.236,13.2
31.238,8.2
31.24,0.495
31.242,-9.51
31.244,-13.8
31.246,-13
31.248,-6.83
31.25,-0.907
31.252,2.53
31.254,0.813
31.256,-4.6
31.258,-13.7
31.26,-24.1
31.262,-33.9
31.264,-36.6
31.266,-31.2
31.268,-17.5
31.27,0.0488
31.272,14.8
31.274,25.1
31.276,29.9
31.278,27.4
31.28,19.7
31.282,7.06
31.284,-1.54
31.286,-4.22
31.288,0.431
31.29,9.8
31.292,19
31.294,23.2
31.296,25.4
31.298,21.6
31.3,13.2
31.302,1
31.304,-6.7
31.306,-7.66
31.308,-1.42
31.31,8.14
31.312,16.1
31.314,21.1
31.316,21.3
31.318,16.8
31.32,9.16
31.322,-1.86
31.324,-7.72
31.326,-9.25
31.328,-5.56
31.33,0.176
31.332,2.34
31.334,2.02
31.336,-1.48
31.338,-8.74
31.34,-16.7
31.342,-25.8
31.344,-29.8
31.346,-29
31.348,-22.6
31.35,-13.7
31.352,-6.9
31.354,-4.47
31.356,-5.18
31.358,-10.3
31.36,-17.7
31.362,-26.5
31.364,-30.3
31.366,-29.5
31.368,-22.7
31.37,-14.9
31.372,-9.51
31.374,-6.7
31.376,-8.04
31.378,-12.9
31.38,-20.2
31.382,-29.8
31.384,-33.4
31.386,-31.7
31.388,-24.8
31.39,-15.9
31.392,-9.25
31.394,-5.75
31.396,-5.43
31.398,-8.11
31.4,-12.8
31.402,-18.6
31.404,-18.7
31.406,-12.7
31.408,-0.971
31.41,12.7
31.412,25
31.414,33.1
31.416,37.2
31.418,37.1
31.42,33.6
31.422,27.1
31.424,23.2
31.426,23
31.428,25.8
31.43,28.2
31.432,26.3
31.434,20.9
31.436,11.3
31.438,-1.67
31.44,-14.9
31.442,-29.1
31.444,-35.8
31.446,-35.9
31.448,-29.3
31.45,-19.7
31.452,-9.89
31.454,-2.18
31.456,3.49
31.458,5.4
31.46,5.02
31.462,3.11
31.464,5.46
31.466,11.7
31.468,22.6
31.47,33.1
31.472,41.4
31.474,45.9
31.476,46.3
31.478,42.5
31.48,35.9
31.482,28.3
31.484,24.8
31.486,25.1
31.488,30.8
31.49,37.1
31.492,41
31.494,42
31.496,39.9
31.498,34.2
31.5,26.3
31.502,16.1
31.504,10.7
31.506,9.41
31.508,12.7
31.51,16.4
31.512,18.7
31.514,18.5
31.516,15.6
31.518,9.54
31.52,1.39
31.522,-7.6
31.524,-12.2
31.526,-12.9
31.528,-8.93
31.53,-4.09
31.532,-1.03
31.534,-0.525
31.536,-2.75
31.538,-7.98
31.54,-15.2
31.542,-23.4
31.544,-27.7
31.546,-27.5
31.548,-23.1
31.55,-18
31.552,-15
31.554,-13.3
31.556,-15
31.558,-19.3
31.56,-25.4
31.562,-32.4
31.564,-35.4
31.566,-33.8
31.568,-28.1
31.57,-21.6
31.572,-17.2
31.574,-15.2
31.576,-15.8
31.578,-19.3
31.58,-24.5
31.582,-30.9
31.584,-33.1
31.586,-32.1
31.588,-26.6
31.59,-19.6
31.592,-15.2
31.594,-12.6
31.596,-12.9
31.598,-16.6
31.6,-21.6
31.602,-28.2
31.604,-30.9
31.606,-29.8
31.608,-25.1
31.61,-18.4
31.612,-14.2
31.614,-12.6
31.616,-13.3
31.618,-17.5
31.62,-23.5
31.622,-30.5
31.624,-33.5
31.626,-32.1
31.628,-25.7
31.63,-18.5
31.632,-12.9
31.634,-9.95
31.636,-9.89
31.638,-12.6
31.64,-17.3
31.642,-23.4
31.644,-24.6
31.646,-21.9
31.648,-15.2
31.65,-6.83
31.652,-0.333
31.654,3.55
31.656,4.64
31.658,1.9
31.66,-2.05
31.662,-7.72
31.664,-9.44
31.666,-6.39
31.668,1.07
31.67,9.22
31.672,15.7
31.674,18.3
31.676,18.5
31.678,14.4
31.68,8.08
31.682,0.176
31.684,-3.26
31.686,-2.37
31.688,3.04
31.69,9.61
31.692,13.7
31.694,14.5
31.696,12
31.698,5.46
31.7,-2.95
31.702,-14.2
31.704,-19.4
31.706,-19.8
31.708,-15.6
31.71,-9.38
31.712,-4.67
31.714,-3.52
31.716,-3.84
31.718,-7.66
31.72,-12.3
31.722,-17.3
31.724,-15.2
31.726,-6.58
31.728,8.08
31.73,24.4
31.732,38.9
31.734,49.2
31.736,53.8
31.738,52.4
31.74,46
31.742,33.8
31.744,24.6
31.746,17.1
31.748,12.8
31.75,9.99
31.752,5.66
31.754,1.26
31.756,-4.03
31.758,-9.32
31.76,-14.8
31.762,-21.2
31.764,-22.3
31.766,-17.6
31.768,-8.49
31.77,1.71
31.772,10.1
31.774,13.6
31.776,14.4
31.778,11.2
31.78,4.89
31.782,-2.5
31.784,-4.47
31.786,-1.93
31.788,5.78
31.79,14
31.792,19.6
31.794,23.4
31.796,22.9
31.798,18.3
31.8,11.8
31.802,2.47
31.804,-0.27
31.806,2.6
31.808,11.3
31.81,21.6
31.812,28.5
31.814,32
31.816,32
31.818,27.3
31.82,20.7
31.822,12.6
31.824,10.5
31.826,13.2
31.828,21.7
31.83,30.6
31.832,37
31.834,39.8
31.836,39.3
31.838,35.9
31.84,30.2
31.842,22.7
31.844,21.3
31.846,24.3
31.848,32.5
31.85,42
31.852,48.9
31.854,53.1
31.856,53.7
31.858,49.9
31.86,44.5
31.862,36.8
31.864,34.3
31.866,36.1
31.868,42
31.87,47.6
31.872,49.5
31.874,46.4
31.876,38.7
31.878,25.7
31.88,9.16
31.882,-8.87
31.884,-21.7
31.886,-26.3
31.888,-21.1
31.89,-9.44
31.892,5.46
31.894,21.1
31.896,32.7
31.898,37.6
31.9,35.1
31.902,28
31.904,24.2
31.906,23.9
31.908,26.3
31.91,31.4
31.912,33.2
31.914,31.6
31.916,27.5
31.918,19.5
31.92,9.73
31.922,-0.525
31.924,-4.79
31.926,-2.37
31.928,6.23
31.93,17.3
31.932,25.4
31.934,28.4
31.936,25.8
31.938,17.8
31.94,5.72
31.942,-9.7
31.944,-19.8
31.946,-23.7
31.948,-19.3
31.95,-9.44
31.952,1.13
31.954,10.8
31.956,18.5
31.958,22.6
31.96,23.4
31.962,21.3
31.964,19.5
31.966,18.5
31.968,18.8
31.97,19.4
31.972,14.6
31.974,7.31
31.976,0.113
31.978,-6.13
31.98,-13.3
31.982,-21
31.984,-24.2
31.986,-21.9
31.988,-13.6
31.99,-5.05
31.992,0.622
31.994,3.17
31.996,1.32
31.998,-4.09
32,-11.7
32.002,-20.2
32.004,-23.5
32.006,-21.7
32.008,-16.5
32.01,-9.57
32.012,-5.05
32.014,-3.52
32.016,-4.47
32.018,-8.87
32.02,-14.9
32.022,-22.7
32.024,-25.6
32.026,-23.1
32.028,-16.5
32.03,-8.74
32.032,-3.65
32.034,-1.1
32.036,-2.44
32.038,-7.21
32.04,-14.4
32.042,-22
32.044,-24.5
32.046,-22.1
32.048,-15.2
32.05,-7.41
32.052,-3.33
32.054,-2.31
32.056,-4.09
32.058,-9.38
32.06,-16.4
32.062,-24
32.064,-26.3
32.066,-22.1
32.068,-13.1
32.07,-1.99
32.072,7.06
32.074,13.9
32.076,17.4
32.078,17.8
32.08,16
32.082,13.6
32.084,15.7
32.086,21.8
32.088,31.7
32.09,40.7
32.092,45.4
32.094,45.5
32.096,40.6
32.098,30.6
32.1,17.3
32.102,2.28
32.104,-7.28
32.106,-12.2
32.108,-12.2
32.11,-11.1
32.112,-10.8
32.114,-12.6
32.116,-16.5
32.118,-23.8
32.12,-32.1
32.122,-39.8
32.124,-42.6
32.126,-39.1
32.128,-30.5
32.13,-21.2
32.132,-13.3
32.134,-10.1
32.136,-13.2
32.138,-14.7
32.14,-20.3
32.142,-25.2
32.144,-24.4
32.146,-18.9
32.148,-9.38
32.15,1.96
32.152,10.1
32.154,13.8
32.156,14.4
32.158,10.8
32.16,6.17
32.162,-0.0786
32.164,-1.74
32.166,1.26
32.168,7.18
32.17,15.4
32.172,22
32.174,24.9
32.176,24.5
32.178,19.9
32.18,12.7
32.182,5.4
32.184,3.3
32.186,5.91
32.188,13.8
32.19,21.6
32.192,27.3
32.194,29.8
32.196,28.7
32.198,23.9
32.2,17.4
32.202,9.92
32.204,7.69
32.206,10.9
32.208,17.9
32.21,25.7
32.212,32
32.214,35
32.216,34.8
32.218,30.6
32.22,23.7
32.222,17.7
32.224,16
32.226,19
32.228,26.4
32.23,33.3
32.232,38.7
32.234,41.1
32.236,40
32.238,35.7
32.24,29.5
32.242,22.9
32.244,22
32.246,24.5
32.248,31.6
32.25,39
32.252,44.5
32.254,46.9
32.256,46.3
32.258,42.2
32.26,35.9
32.262,30.2
32.264,27.7
32.266,30.8
32.268,37.9
32.27,45.2
32.272,50.8
32.274,53.2
32.276,51.8
32.278,47.7
32.28,41.8
32.282,35.9
32.284,35.9
32.286,39.9
32.288,49
32.29,57.8
32.292,63.8
32.294,66.5
32.296,65
32.298,59.7
32.3,52.5
32.302,45
32.304,41.4
32.306,44.4
32.308,50.4
32.31,57.6
32.312,62.4
32.314,64
32.316,62.7
32.318,57.6
32.32,50.4
32.322,43.2
32.324,41
32.326,43.9
32.328,51.5
32.33,59.2
32.332,64.4
32.334,66.7
32.336,65.1
32.338,60.1
32.34,53
32.342,45.4
32.344,42.9
32.346,45.7
32.348,53
32.35,60.6
32.352,65.9
32.354,67.1
32.356,65.4
32.358,59.4
32.36,50.5
32.362,41.8
32.364,37.3
32.366,38.6
32.368,44.8
32.37,50.1
32.372,53.4
32.374,52.9
32.376,47.1
32.378,38
32.38,25.3
32.382,12.3
32.384,4.51
32.386,1.96
32.388,3.81
32.39,6.67
32.392,7.31
32.394,5.34
32.396,0.686
32.398,-7.41
32.4,-15.9
32.402,-22.9
32.404,-24.2
32.406,-17.8
32.408,-5.37
32.41,8.14
32.412,20.6
32.414,29.8
32.416,35.5
32.418,38.1
32.42,36.6
32.422,33.9
32.424,34.4
32.426,38.1
32.428,44.3
32.43,48.2
32.432,48
32.434,42.2
32.436,32.4
32.438,18.7
32.44,4.19
32.442,-10.5
32.444,-19.1
32.446,-20.5
32.448,-15.6
32.45,-8.04
32.452,-0.588
32.454,3.04
32.456,4.32
32.458,2.34
32.46,-1.48
32.462,-5.24
32.464,-4.22
32.466,0.813
32.468,9.99
32.47,18.6
32.472,25.5
32.474,30.1
32.476,30.7
32.478,28.7
32.48,24.2
32.482,19.5
32.484,19
32.486,22.9
32.488,30.1
32.49,38.1
32.492,42.9
32.494,44.6
32.496,43.1
32.498,37.4
32.5,29.7
32.502,23.1
32.504,20.1
32.506,22.7
32.508,29.2
32.51,35
32.512,40.1
32.514,42.2
32.516,40.3
32.518,36.4
32.52,29.6
32.522,23.2
32.524,20.7
32.526,21.5
32.528,26.4
32.53,30.7
32.532,33
32.534,32.2
32.536,27.8
32.538,19.5
32.54,9.67
32.542,-1.03
32.544,-6.39
32.546,-6.07
32.548,-1.86
32.55,3.81
32.552,9.54
32.554,13.7
32.556,16.4
32.558,16.4
32.56,14.4
32.562,10.3
32.564,8.97
32.566,12
32.568,19.7
32.57,27.8
32.572,33.4
32.574,34.6
32.576,32
32.578,26.6
32.58,18.6
32.582,9.16
32.584,3.36
32.586,2.85
32.588,8.52
32.59,15.1
32.592,18.3
32.594,18.8
32.596,15.5
32.598,8.78
32.6,1.26
32.602,-5.05
32.604,-4.79
32.606,0.941
32.608,10.4
32.61,17.6
32.612,21.2
32.614,17.4
32.616,8.46
32.618,-5.3
32.62,-20.8
32.622,-34.9
32.624,-40.2
32.626,-36.5
32.628,-25.5
32.63,-11.3
32.632,1.32
32.634,12.5
32.636,19.8
32.638,23.2
32.64,23.6
32.642,21.5
32.644,21.8
32.646,24.6
32.648,29
32.65,30.8
32.652,29.1
32.654,22.9
32.656,13.6
32.658,1.83
32.66,-11.7
32.662,-21
32.664,-24
32.666,-22.3
32.668,-16.2
32.67,-10.3
32.672,-5.81
32.674,-2.56
32.676,-3.9
32.678,-9.51
32.68,-17.1
32.682,-24.9
32.684,-28
32.686,-25.8
32.688,-19.9
32.69,-12.9
32.692,-8.17
32.694,-7.6
32.696,-9.64
32.698,-14.5
32.7,-21.9
32.702,-29
32.704,-32.3
32.706,-29.1
32.708,-22.7
32.71,-16.8
32.712,-12.4
32.714,-10.5
32.716,-13.1
32.718,-18.2
32.72,-25.1
32.722,-31.6
32.724,-33.7
32.726,-30.9
32.728,-24.2
32.73,-17.5
32.732,-13.3
32.734,-11.8
32.736,-13.6
32.738,-18.9
32.74,-25.8
32.742,-31.8
32.744,-34
32.746,-29.8
32.748,-22.1
32.75,-14
32.752,-7.21
32.754,-3.65
32.756,-2.88
32.758,-4.79
32.76,-8.81
32.762,-11
32.764,-8.68
32.766,-1.48
32.768,10.3
32.77,21.1
32.772,29.6
32.774,35.2
32.776,36
32.778,33.4
32.78,28.5
32.782,23.7
32.784,22.5
32.786,26.6
32.788,32.7
32.79,38.1
32.792,40.8
32.794,39.6
32.796,34.6
32.798,26.1
32.8,15.1
32.802,4.89
32.804,-0.971
32.806,-1.74
32.808,1.32
32.81,4.25
32.812,5.53
32.814,3.04
32.816,-2.95
32.818,-11.3
32.82,-21.9
32.822,-31.9
32.824,-36.5
32.826,-36.3
32.828,-31.6
32.83,-26.4
32.832,-23.5
32.834,-22.9
32.836,-26
32.838,-32
32.84,-39.6
32.842,-46.6
32.844,-48.7
32.846,-44.7
32.848,-36.9
32.85,-29
32.852,-23.1
32.854,-20.5
32.856,-21.4
32.858,-26.1
32.86,-32.7
32.862,-38
32.864,-39.1
32.866,-34.6
32.868,-25.8
32.87,-17.7
32.872,-12
32.874,-9.06
32.876,-10.5
32.878,-14.4
32.88,-21
32.882,-26.8
32.884,-27.2
32.886,-22.9
32.888,-14.7
32.89,-6.07
32.892,-0.779
32.894,1.9
32.896,1.64
32.898,-2.37
32.9,-8.17
32.902,-13.3
32.904,-14
32.906,-8.93
32.908,-0.907
32.91,7.06
32.912,13
32.914,15.8
32.916,15.1
32.918,11.7
32.92,6.17
32.922,1.51
32.924,1.58
32.926,6.42
32.928,15.2
32.93,23.9
32.932,29.6
32.934,33
32.936,32
32.938,27.4
32.94,20.5
32.942,14.6
32.944,13.6
32.946,18
32.948,26
32.95,34
32.952,39.5
32.954,41.3
32.956,39.2
32.958,33.5
32.96,25.3
32.962,18.8
32.964,16.9
32.966,21.9
32.968,30.6
32.97,38.8
32.972,45
32.974,47.4
32.976,45.9
32.978,41.2
32.98,33.1
32.982,25.9
32.984,23.6
32.986,27.1
32.988,35.2
32.99,43.1
32.992,47.7
32.994,48.7
32.996,45.9
32.998,39.9
33,31.2
33.002,23.9
33.004,20.9
33.006,24.3
33.008,31.8
33.01,38.7
33.012,43.2
33.014,43.6
33.016,40.4
33.018,33.1
33.02,23.3
33.022,15
33.024,11.8
33.026,15
33.028,22.2
33.03,29.4
33.032,33.3
33.034,34.1
33.036,30.5
33.038,22.9
33.04,13.3
33.042,4.19
33.044,0.24
33.046,2.53
33.048,8.65
33.05,14.3
33.052,16.7
33.054,15
33.056,9.67
33.058,-0.397
33.06,-13.7
33.062,-24.9
33.064,-30
33.066,-28.1
33.068,-21
33.07,-13.6
33.072,-8.62
33.074,-5.88
33.076,-6.96
33.078,-10.8
33.08,-16.4
33.082,-18.5
33.084,-13.8
33.086,-1.86
33.088,14.5
33.09,31.1
33.092,44
33.094,52.5
33.096,55.9
33.098,54.2
33.1,48.9
33.102,43.9
33.104,41.7
33.106,44.3
33.108,48.8
33.11,50.8
33.112,49.4
33.114,43.7
33.116,33.8
33.118,21
33.12,5.72
33.122,-6.58
33.124,-13.7
33.126,-15.1
33.128,-11
33.13,-4.86
33.132,-0.971
33.134,1.58
33.136,0.622
33.138,-3.9
33.14,-9.83
33.142,-14.2
33.144,-14.3
33.146,-9
33.148,-1.03
33.15,6.87
33.152,12.1
33.154,14.8
33.156,14.1
33.158,9.99
33.16,3.81
33.162,-0.525
33.164,-1.29
33.166,3.36
33.168,11.6
33.17,19.1
33.172,24.6
33.174,27.1
33.176,25.9
33.178,21.3
33.18,15.6
33.182,10.2
33.184,8.97
33.186,13
33.188,18.8
33.19,24.1
33.192,25.7
33.194,22.5
33.196,16.5
33.198,6.23
33.2,-4.79
33.202,-12.2
33.204,-13.4
33.206,-7.09
33.208,6.17
33.21,19.2
33.212,28
33.214,31.8
33.216,28.2
33.218,17.6
33.22,4.06
33.222,-5.18
33.224,-8.93
33.226,-6.58
33.228,-0.27
33.23,5.34
33.232,7.95
33.234,7.95
33.236,4.25
33.238,-1.67
33.24,-8.36
33.242,-12.9
33.244,-11.2
33.246,-2.12
33.248,10.4
33.25,21.1
33.252,28.1
33.254,30.3
33.256,27.4
33.258,21.2
33.26,12
33.262,5.53
33.264,4.89
33.266,10.5
33.268,20.6
33.27,28.3
33.272,30.9
33.274,28.7
33.276,21.3
33.278,10.6
33.28,-4.03
33.282,-15.6
33.284,-19.3
33.286,-13.6
33.288,-3.39
33.29,7.25
33.292,14.8
33.294,16.7
33.296,14.2
33.298,7.82
33.3,-1.03
33.302,-8.11
33.304,-10.4
33.306,-5.88
33.308,3.74
33.31,13.2
33.312,18.1
33.314,19.6
33.316,16.2
33.318,9.03
33.32,-1.1
33.322,-9.51
33.324,-12.6
33.326,-9.25
33.328,-2.44
33.33,4.44
33.332,7.5
33.334,8.71
33.336,5.4
33.338,-1.16
33.34,-10.1
33.342,-17.3
33.344,-18.9
33.346,-14.5
33.348,-6.64
33.35,1
33.352,5.91
33.354,7.38
33.356,4.83
33.358,-1.16
33.36,-9.89
33.362,-16
33.364,-17.8
33.366,-13.3
33.368,-4.92
33.37,2.98
33.372,7.57
33.374,9.16
33.376,6.23
33.378,0.431
33.38,-8.11
33.382,-14.5
33.384,-16.3
33.386,-11.2
33.388,-2.5
33.39,5.66
33.392,11.1
33.394,13.4
33.396,12
33.398,7.12
33.4,0.304
33.402,-4.03
33.404,-3.58
33.406,3.62
33.408,15.4
33.41,26.2
33.412,34.8
33.414,40.1
33.416,40.8
33.418,37.8
33.42,32.4
33.422,28.5
33.424,29.1
33.426,35.9
33.428,46
33.43,55.4
33.432,60.7
33.434,62.7
33.436,59.4
33.438,51.8
33.44,41.3
33.442,32.5
33.444,28.3
33.446,31.2
33.448,37.7
33.45,43.5
33.452,46
33.454,45.2
33.456,39.8
33.458,31
33.46,19.7
33.462,10.8
33.464,7.38
33.466,10.4
33.468,17.8
33.47,24.3
33.472,27.3
33.474,28
33.476,23.6
33.478,16
33.48,6.8
33.482,-0.716
33.484,-3.33
33.486,1.58
33.488,9.41
33.49,16.9
33.492,21.9
33.494,22.4
33.496,19
33.498,12.4
33.5,2.98
33.502,-3.52
33.504,-5.43
33.506,-1.23
33.508,7.63
33.51,14.5
33.512,19.2
33.514,20.6
33.516,17
33.518,10.5
33.52,1.58
33.522,-6.39
33.524,-9.25
33.526,-6.45
33.528,-0.461
33.53,7.57
33.532,11.6
33.534,12.3
33.536,9.61
33.538,2.53
33.54,-9.13
33.542,-18.9
33.544,-23
33.546,-20.5
33.548,-12.9
33.55,-6.32
33.552,-2.37
33.554,-2.24
33.556,-7.53
33.558,-17.5
33.56,-27.8
33.562,-34.9
33.564,-37
33.566,-33.1
33.568,-25.3
33.57,-18.1
33.572,-14
33.574,-11.9
33.576,-13.5
33.578,-18
33.58,-23.7
33.582,-27.3
33.584,-26.5
33.586,-18.7
33.588,-9.57
33.59,-0.716
33.592,5.4
33.594,7.82
33.596,6.67
33.598,2.6
33.6,-3.97
33.602,-7.79
33.604,-8.17
33.606,-2.05
33.608,5.97
33.61,13.9
33.612,19.1
33.614,21.3
33.616,19.5
33.618,14.4
33.62,7.89
33.622,2.72
33.624,2.34
33.626,6.61
33.628,13.5
33.63,19.9
33.632,23
33.634,23.7
33.636,20.3
33.638,14.2
33.64,5.66
33.642,-0.588
33.644,-3.14
33.646,0.113
33.648,6.74
33.65,11.8
33.652,15.3
33.654,15.8
33.656,12.3
33.658,6.93
33.66,-1.1
33.662,-6.83
33.664,-8.3
33.666,-3.58
33.668,3.62
33.67,10.8
33.672,15.1
33.674,16.6
33.676,14.8
33.678,9.73
33.68,3.49
33.682,-0.27
33.684,-0.843
33.686,5.59
33.688,13.9
33.69,22
33.692,27.4
33.694,30
33.696,29.3
33.698,24.8
33.7,18.9
33.702,15.3
33.704,15.3
33.706,20.9
33.708,29.1
33.71,36.5
33.712,40.8
33.714,42.8
33.716,40.6
33.718,35.4
33.72,28.3
33.722,23.2
33.724,22.3
33.726,27.2
33.728,34.6
33.73,41.3
33.732,45.5
33.734,46.8
33.736,44.4
33.738,38.7
33.74,30.8
33.742,25.6
33.744,24.7
33.746,29.4
33.748,36.8
33.75,43.1
33.752,47.1
33.754,47.6
33.756,43.6
33.758,37.3
33.76,27.7
33.762,20.2
33.764,17.8
33.766,21.3
33.768,27.9
33.77,33.8
33.772,36.7
33.774,36.7
33.776,32.4
33.778,24.2
33.78,14.1
33.782,6.17
33.784,3.17
33.786,7.69
33.788,15
33.79,20.9
33.792,23.7
33.794,23
33.796,17.5
33.798,8.65
33.8,-3.26
33.802,-12.9
33.804,-16.8
33.806,-14.2
33.808,-7.79
33.81,-1.67
33.812,1.07
33.814,1.45
33.816,-2.56
33.818,-9
33.82,-16.7
33.822,-23
33.824,-24.4
33.826,-17.9
33.828,-9.32
33.83,-0.652
33.832,4.13
33.834,6.04
33.836,3.55
33.838,-2.56
33.84,-11.6
33.842,-17.9
33.844,-19.1
33.846,-13.8
33.848,-4.54
33.85,3.3
33.852,8.14
33.854,9.67
33.856,6.04
33.858,-0.27
33.86,-8.74
33.862,-14.9
33.864,-15.9
33.866,-10.7
33.868,-2.37
33.87,5.4
33.872,8.84
33.874,9.41
33.876,5.78
33.878,-0.716
33.88,-9.57
33.882,-14.8
33.884,-15.8
33.886,-9.51
33.888,-1.61
33.89,5.59
33.892,10.1
33.894,11.8
33.896,8.2
33.898,2.66
33.9,-5.43
33.902,-10.7
33.904,-11.5
33.906,-6.77
33.908,0.367
33.91,7.63
33.912,11.8
33.914,13.7
33.916,11.8
33.918,6.99
33.92,1.26
33.922,-2.75
33.924,-2.12
33.926,4.25
33.928,12.6
33.93,20.3
33.932,25.5
33.934,27.8
33.936,26.4
33.938,22.9
33.94,16.5
33.942,13.3
33.944,13.4
33.946,19
33.948,27.6
33.95,34.7
33.952,39.1
33.954,40
33.956,37.1
33.958,31.7
33.96,23.7
33.962,17.3
33.964,14.8
33.966,19
33.968,24.5
33.97,30.1
33.972,32
33.974,30.6
33.976,25.8
33.978,17.8
33.98,8.01
33.982,0.75
33.984,-1.8
33.986,1.77
33.988,8.14
33.99,13
33.992,15.8
33.994,15.7
33.996,12.2
33.998,6.67
34,-1.54
34.002,-6.83
34.004,-7.72
34.006,-3.14
34.008,3.11
34.01,9.22
34.012,12.5
34.014,13
34.016,10.2
34.018,4.38
34.02,-3.07
34.022,-8.04
34.024,-9.64
34.026,-4.98
34.028,1.07
34.03,6.55
34.032,9.73
34.034,10.3
34.036,6.67
34.038,1.51
34.04,-6
34.042,-11.1
34.044,-11.8
34.046,-7.72
34.048,-0.716
34.05,5.46
34.052,9.54
34.054,11.3
34.056,9.67
34.058,5.4
34.06,-0.525
34.062,-3.39
34.064,-1.54
34.066,5.46
34.068,14.2
34.07,21.4
34.072,25.5
34.074,25.5
34.076,20.5
34.078,10.9
34.08,-2.37
34.082,-13.5
34.084,-21.7
34.086,-24.2
34.088,-22.2
34.09,-20.5
34.092,-19.1
34.094,-19.6
34.096,-22.1
34.098,-26.7
34.1,-33.5
34.102,-37.2
34.104,-36.8
34.106,-30.3
34.108,-21.5
34.11,-13.5
34.112,-8.23
34.114,-7.02
34.116,-9.57
34.118,-15.4
34.12,-23
34.122,-28
34.124,-28.9
34.126,-24
34.128,-17
34.13,-11
34.132,-7.53
34.134,-6.96
34.136,-10.2
34.138,-16.3
34.14,-24.7
34.142,-30
34.144,-31.3
34.146,-27.4
34.148,-20.5
34.15,-14.7
34.152,-12.3
34.154,-11.7
34.156,-15.6
34.158,-22.4
34.16,-30.7
34.162,-36.9
34.164,-38.9
34.166,-34.5
34.168,-27.8
34.17,-22.2
34.172,-18.3
34.174,-18.1
34.176,-21
34.178,-26.7
34.18,-34.4
34.182,-38.9
34.184,-39.6
34.186,-35.2
34.188,-27.7
34.19,-21.9
34.192,-18.4
34.194,-17.2
34.196,-20.1
34.198,-25.9
34.2,-33.2
34.202,-38.1
34.204,-38.9
34.206,-33.8
34.208,-27.1
34.21,-20.7
34.212,-17.3
34.214,-16.8
34.216,-20.3
34.218,-25.9
34.22,-34.2
34.222,-39.4
34.224,-40.4
34.226,-35.8
34.228,-28.2
34.23,-22.2
34.232,-18.6
34.234,-18
34.236,-21.6
34.238,-27.2
34.24,-35.4
34.242,-40.9
34.244,-41.7
34.246,-37
34.248,-29.3
34.25,-22.6
34.252,-19.4
34.254,-18.4
34.256,-21.6
34.258,-27.5
34.26,-35.6
34.262,-40.9
34.264,-42
34.266,-36.5
34.268,-29.1
34.27,-22.5
34.272,-18.7
34.274,-17.7
34.276,-20.8
34.278,-26.4
34.28,-34.5
34.282,-39.3
34.284,-39.5
34.286,-34.5
34.288,-26.4
34.29,-19.5
34.292,-15.8
34.294,-14.8
34.296,-17.8
34.298,-23.8
34.3,-31.5
34.302,-37.1
34.304,-37.5
34.306,-31.7
34.308,-23.5
34.31,-16.5
34.312,-12
34.314,-10.6
34.316,-12.9
34.318,-18.3
34.32,-25.9
34.322,-29.6
34.324,-29.3
34.326,-22.6
34.328,-13.1
34.33,-4.6
34.332,1.58
34.334,4.83
34.336,3.62
34.338,0.559
34.34,-3.77
34.342,-6.13
34.344,-3.33
34.346,6.23
34.348,17.4
34.35,28.8
34.352,36
34.354,40.7
34.356,40
34.358,36
34.36,29.6
34.362,25.3
34.364,24.6
34.366,30.2
34.368,37.8
34.37,43.4
34.372,45.2
34.374,42.8
34.376,35.2
34.378,23.7
34.38,9.16
34.382,-2.5
34.384,-9.13
34.386,-9.38
34.388,-6.39
34.39,-4.22
34.392,-4.79
34.394,-7.6
34.396,-13.8
34.398,-23
34.4,-33.5
34.402,-40.6
34.404,-42.2
34.406,-36.5
34.408,-27.4
34.41,-19.4
34.412,-14.4
34.414,-13.2
34.416,-16.3
34.418,-23.1
34.42,-33.6
34.422,-39.7
34.424,-39.7
34.426,-32.9
34.428,-22.2
34.43,-12.9
34.432,-7.21
34.434,-5.49
34.436,-8.42
34.438,-14.7
34.44,-22.4
34.442,-26.6
34.444,-24.4
34.446,-13.5
34.448,0.622
34.45,14.2
34.452,25.3
34.454,32.9
34.456,36.7
34.458,37.9
34.46,36.1
34.462,38
34.464,43.6
34.466,55.1
34.468,67.1
34.47,75.5
34.472,77.8
34.474,74.3
34.476,63.4
34.478,47.5
34.48,29.4
34.482,13.8
34.484,4.57
34.486,3.36
34.488,6.67
34.49,12.6
34.492,16.7
34.494,18.1
34.496,16
34.498,10.9
34.5,3.17
34.502,-1.99
