0,-6.83
0.002,-9.89
0.004,-10.1
0.006,-10.1
0.008,-13.6
0.01,-19.8
0.012,-28.7
0.014,-41.4
0.016,-54.5
0.018,-66.4
0.02,-69.7
0.022,-66.7
0.024,-57.9
0.026,-48.6
0.028,-41
0.03,-36.8
0.032,-36.5
0.034,-40.5
0.036,-47
0.038,-54.5
0.04,-55.9
0.042,-53.1
0.044,-45.3
0.046,-36.6
0.048,-31
0.05,-28.9
0.052,-30.7
0.054,-36.1
0.056,-44
0.058,-52.7
0.06,-55.9
0.062,-54.1
0.064,-46.1
0.066,-37.2
0.068,-31
0.07,-28.9
0.072,-31.7
0.074,-38.2
0.076,-47.3
0.078,-56.8
0.08,-60.4
0.082,-59.1
0.084,-51.9
0.086,-43.3
0.088,-38.2
0.09,-36.5
0.092,-39
0.094,-45.3
0.096,-54
0.098,-61.8
0.1,-64.2
0.102,-61.5
0.104,-53.1
0.106,-44.1
0.108,-37.8
0.11,-35.8
0.112,-37.5
0.114,-43
0.116,-51
0.118,-60
0.12,-62.8
0.122,-59.8
0.124,-51.2
0.126,-41.9
0.128,-35.1
0.13,-32.2
0.132,-33.3
0.134,-38.2
0.136,-46.5
0.138,-54.7
0.14,-56.6
0.142,-53
0.144,-43.4
0.146,-33.8
0.148,-26.4
0.15,-22.6
0.152,-23
0.154,-27.8
0.156,-35.8
0.158,-44.5
0.16,-46.9
0.162,-42.6
0.164,-32.3
0.166,-21.4
0.168,-13.1
0.17,-9.44
0.172,-9.7
0.174,-14.2
0.176,-22.3
0.178,-29.3
0.18,-30.9
0.182,-25.8
0.184,-14.9
0.186,-3.01
0.188,6.29
0.19,11.5
0.192,12.2
0.194,8.71
0.196,2.22
0.198,-3.84
0.2,-5.3
0.202,0.622
0.204,11.7
0.206,22.7
0.208,31.1
0.21,34.5
0.212,33.5
0.214,26.4
0.216,14.6
0.218,2.34
0.22,-4.92
0.222,-6
0.224,-1.54
0.226,3.43
0.228,4.95
0.23,2.34
0.232,-3.39
0.234,-14
0.236,-26.7
0.238,-38.9
0.24,-44.2
0.242,-42.4
0.244,-34.2
0.246,-24.4
0.248,-16.6
0.25,-12.1
0.252,-11.2
0.254,-14.7
0.256,-20.3
0.258,-25.8
0.26,-26.2
0.262,-19.6
0.264,-7.47
0.266,6.29
0.268,16.4
0.27,21.8
0.272,22.7
0.274,18.3
0.276,10.7
0.278,3.04
0.28,-0.461
0.282,1.77
0.284,9.16
0.286,17.7
0.288,23.2
0.29,24.3
0.292,22
0.294,14.4
0.296,4.95
0.298,-4.22
0.3,-8.42
0.302,-5.49
0.304,2.72
0.306,11.8
0.308,18.3
0.31,20.8
0.312,19.8
0.314,14.5
0.316,6.8
0.318,-0.652
0.32,-2.82
0.322,1.64
0.324,10.8
0.326,20.6
0.328,26.9
0.33,29.6
0.332,29.1
0.334,23.4
0.336,15.4
0.338,6.67
0.34,4.06
0.342,7.44
0.344,15
0.346,23.9
0.348,29.1
0.35,31.3
0.352,29.5
0.354,23
0.356,14.4
0.358,5.4
0.36,2.22
0.362,5.08
0.364,12.6
0.366,21.4
0.368,26.3
0.37,30.1
0.372,26.8
0.374,20.7
0.376,12.3
0.378,4.32
0.38,1.83
0.382,5.15
0.384,12.6
0.386,21
0.388,27.3
0.39,29.7
0.392,28
0.394,22.4
0.396,13.7
0.398,5.53
0.4,2.85
0.402,5.46
0.404,13.7
0.406,22.3
0.408,28.2
0.41,30.2
0.412,28.3
0.414,23
0.416,14.2
0.418,5.66
0.42,3.17
0.422,5.46
0.424,13.7
0.426,22.3
0.428,28.3
0.43,30.7
0.432,28.8
0.434,23.1
0.436,14.5
0.438,6.36
0.44,3.3
0.442,6.04
0.444,13.7
0.446,22
0.448,27.6
0.45,29.5
0.452,27.6
0.454,22
0.456,13.1
0.458,4.83
0.46,1.51
0.462,4.51
0.464,12.6
0.466,20.9
0.468,26.9
0.47,29.1
0.472,27.3
0.474,21.6
0.476,12.3
0.478,4
0.48,1.07
0.482,4
0.484,12.4
0.486,20.9
0.488,26.9
0.49,29.5
0.492,27.5
0.494,21.5
0.496,12.9
0.498,4.38
0.5,1.58
0.502,4.76
0.504,13
0.506,21.5
0.508,27.8
0.51,29.8
0.512,28
0.514,22.3
0.516,13.9
0.518,5.53
0.52,2.53
0.522,5.72
0.524,13.7
0.526,22.7
0.528,29
0.53,31.7
0.532,30
0.534,23.6
0.536,14.3
0.538,5.91
0.54,3.04
0.542,5.53
0.544,13.4
0.546,22.2
0.548,27.4
0.55,29.2
0.552,27.6
0.554,21.7
0.556,13.7
0.558,4.95
0.56,1.64
0.562,4.89
0.564,12.7
0.566,21.6
0.568,27
0.57,28.7
0.572,26.7
0.574,20.6
0.576,11.8
0.578,3.17
0.58,-0.0149
0.582,3.49
0.584,10.9
0.586,19.7
0.588,25.2
0.59,27.1
0.592,25
0.594,18.8
0.596,9.73
0.598,1.51
0.6,-1.67
0.602,1.51
0.604,9.1
0.606,17.5
0.608,23.6
0.61,25.4
0.612,23.4
0.614,17
0.616,7.63
0.618,-0.0149
0.62,-3.14
0.622,-0.142
0.624,7.5
0.626,16
0.628,22.2
0.63,23.7
0.632,22
0.634,15.1
0.636,7.06
0.638,-1.54
0.64,-5.11
0.642,-1.86
0.644,5.97
0.646,14.8
0.648,20.4
0.65,22.6
0.652,20.5
0.654,14.1
0.656,5.66
0.658,-3.39
0.66,-6.39
0.662,-3.01
0.664,4.57
0.666,13.7
0.668,18.8
0.67,19.9
0.672,17.5
0.674,10.1
0.676,0.304
0.678,-9.7
0.68,-14.4
0.682,-13.3
0.684,-7.79
0.686,-1.54
0.688,0.113
0.69,-2.18
0.692,-8.62
0.694,-20
0.696,-33.7
0.698,-47.9
0.7,-56.3
0.702,-59
0.704,-56
0.706,-51.7
0.708,-49.9
0.71,-50.9
0.712,-53.6
0.714,-59.4
0.716,-65.4
0.718,-68.8
0.72,-64.9
0.722,-52.8
0.724,-35.2
0.726,-16.1
0.728,-0.461
0.73,8.84
0.732,12.1
0.734,7.63
0.736,-2.95
0.738,-16.6
0.74,-30.1
0.742,-39.4
0.744,-44.9
0.746,-48.2
0.748,-50.7
0.75,-53.5
0.752,-55.6
0.754,-60
0.756,-64.9
0.758,-69.7
0.76,-68.6
0.762,-62.3
0.764,-51.9
0.766,-42.1
0.768,-35.1
0.77,-32.8
0.772,-34.5
0.774,-41.1
0.776,-49.2
0.778,-58.6
0.78,-62.6
0.782,-60.7
0.784,-54.7
0.786,-48.2
0.788,-45.1
0.79,-45.1
0.792,-48.6
0.794,-56
0.796,-64.2
0.798,-71.9
0.8,-73
0.802,-68.9
0.804,-60.5
0.806,-52.4
0.808,-47
0.81,-44.7
0.812,-46.4
0.814,-52.9
0.816,-60.5
0.818,-68.8
0.82,-71.1
0.822,-67.7
0.824,-60.5
0.826,-52.2
0.828,-47.3
0.83,-45.1
0.832,-46.9
0.834,-52.5
0.836,-60.1
0.838,-67.7
0.84,-69.8
0.842,-66.5
0.844,-58.9
0.846,-51.2
0.848,-46.2
0.85,-44.1
0.852,-45.8
0.854,-51.6
0.856,-59.3
0.858,-66.5
0.86,-68.9
0.862,-65.4
0.864,-58
0.866,-50
0.868,-44.7
0.87,-42.8
0.872,-44.9
0.874,-50.9
0.876,-59
0.878,-66.3
0.88,-68.8
0.882,-65.6
0.884,-57.9
0.886,-49.5
0.888,-44.2
0.89,-42.1
0.892,-44.3
0.894,-50.4
0.896,-58.1
0.898,-66.1
0.9,-68.1
0.902,-64.8
0.904,-56.8
0.906,-48.1
0.908,-43
0.91,-40.6
0.912,-43
0.914,-48.4
0.916,-56
0.918,-64.2
0.92,-66.1
0.922,-62.9
0.924,-54.3
0.926,-45.3
0.928,-39.5
0.93,-36.9
0.932,-38.5
0.934,-44
0.936,-51.2
0.938,-58.5
0.94,-60
0.942,-55.4
0.944,-46.8
0.946,-37.1
0.948,-30.3
0.95,-26.6
0.952,-27.2
0.954,-31
0.956,-37.2
0.958,-42.7
0.96,-42.4
0.962,-36.3
0.964,-24.9
0.966,-13.1
0.968,-3.84
0.97,2.02
0.972,3.68
0.974,1.83
0.976,-2.37
0.978,-6.32
0.98,-4.79
0.982,1.96
0.984,12.9
0.986,23
0.988,30
0.99,32.5
0.992,30.6
0.994,23.7
0.996,13.2
0.998,2.41
1,-4.09
1.002,-6.77
1.004,-5.56
1.006,-4.35
1.008,-6.58
1.01,-12.6
1.012,-22.3
1.014,-34.4
1.016,-48.1
1.018,-59.3
1.02,-63.7
1.022,-60.5
1.024,-50.7
1.026,-39.5
1.028,-28.3
1.03,-18.6
1.032,-11.9
1.034,-7.41
1.036,-6.07
1.038,-4.28
1.04,0.686
1.042,8.59
1.044,18
1.046,25
1.048,30.4
1.05,30.9
1.052,27.6
1.054,20.6
1.056,10.4
1.058,1.39
1.06,-2.24
1.062,-0.0786
1.064,6.61
1.066,13.1
1.068,18.2
1.07,20.1
1.072,18.7
1.074,14.4
1.076,7.44
1.078,1.07
1.08,0.176
1.082,4.57
1.084,13.4
1.086,20.7
1.088,25.4
1.09,27.1
1.092,24.4
1.094,18.5
1.096,9.99
1.098,2.72
1.1,0.0488
1.102,3.11
1.104,10.2
1.106,17.9
1.108,22.4
1.11,24
1.112,22
1.114,15.9
1.116,7.82
1.118,0.622
1.12,-1.8
1.122,1.51
1.124,8.46
1.126,15.6
1.128,20.7
1.13,22.9
1.132,21
1.134,15.4
1.136,6.67
1.138,-0.588
1.14,-2.75
1.142,0.431
1.144,7.82
1.146,15.1
1.148,20.1
1.15,22
1.152,19.6
1.154,14.2
1.156,5.66
1.158,-1.74
1.16,-4.35
1.162,-0.779
1.164,7.06
1.166,14.3
1.168,19.6
1.17,21.6
1.172,19.2
1.174,13.9
1.176,5.4
1.178,-1.42
1.18,-3.65
1.182,-0.206
1.184,7.95
1.186,15.4
1.188,21
1.19,22.7
1.192,20.8
1.194,15.3
1.196,7.06
1.198,-0.142
1.2,-2.44
1.202,0.75
1.204,8.71
1.206,16.2
1.208,21.8
1.21,23.6
1.212,21.3
1.214,15.7
1.216,7.12
1.218,0.24
1.22,-2.24
1.222,1.26
1.224,9.48
1.226,17.4
1.228,23.4
1.23,25
1.232,23
1.234,17.3
1.236,8.65
1.238,1.2
1.24,-1.23
1.242,2.53
1.244,10.7
1.246,19
1.248,25.2
1.25,26.7
1.252,24.2
1.254,18.4
1.256,9.41
1.258,1.58
1.26,-0.843
1.262,2.85
1.264,11.5
1.266,19.9
1.268,26.2
1.27,28.1
1.272,25.6
1.274,19.3
1.276,10.2
1.278,2.28
1.28,-0.206
1.282,3.55
1.284,11.8
1.286,20.6
1.288,26.4
1.29,28.2
1.292,26.2
1.294,19.7
1.296,10.6
1.298,2.72
1.3,0.24
1.302,4.38
1.304,12.9
1.306,21.3
1.308,27.4
1.31,28.7
1.312,26.7
1.314,20.1
1.316,11.1
1.318,3.11
1.32,-0.0149
1.322,4.32
1.324,12.7
1.326,20.9
1.328,26.9
1.33,28.4
1.332,26
1.334,19.4
1.336,10.2
1.338,2.09
1.34,-0.461
1.342,3.43
1.344,12
1.346,20.4
1.348,26.6
1.35,28.3
1.352,26.1
1.354,20
1.356,10.9
1.358,3.04
1.36,0.622
1.362,4.64
1.364,12.5
1.366,20.1
1.368,25.6
1.37,27.3
1.372,25
1.374,18.3
1.376,9.29
1.378,0.941
1.38,-1.93
1.382,1.58
1.384,9.73
1.386,17.5
1.388,23.3
1.39,24.7
1.392,22.2
1.394,15.3
1.396,6.36
1.398,-1.54
1.4,-4.28
1.402,-0.206
1.404,7.06
1.406,15.2
1.408,20.8
1.41,22.2
1.412,20.1
1.414,12.9
1.416,4
1.418,-4.03
1.42,-7.02
1.422,-3.2
1.424,4.38
1.426,12.2
1.428,17.6
1.43,18.7
1.432,16.3
1.434,8.27
1.436,-1.61
1.438,-10.6
1.44,-14.4
1.442,-11.9
1.444,-4.16
1.446,3.74
1.448,8.08
1.45,7.82
1.452,3.74
1.454,-6.26
1.456,-18.4
1.458,-29.5
1.46,-34.9
1.462,-34.7
1.464,-29.7
1.466,-25.2
1.468,-24
1.47,-27
1.472,-33.9
1.474,-45.9
1.476,-58.6
1.478,-70.8
1.48,-76.9
1.482,-76.7
1.484,-71.7
1.486,-65.8
1.488,-62.3
1.49,-60.9
1.492,-61.3
1.494,-64.9
1.496,-68.2
1.498,-70
1.5,-65.6
1.502,-54.1
1.504,-38.1
1.506,-22.2
1.508,-9.83
1.51,-1.67
1.512,1.83
1.514,-0.588
1.516,-7.09
1.518,-15.9
1.52,-21.7
1.522,-25
1.524,-27.5
1.526,-30.9
1.528,-37.4
1.53,-46.2
1.532,-56
1.534,-67.3
1.536,-75.9
1.538,-81.9
1.54,-80.7
1.542,-74.3
1.544,-64.1
1.546,-54.3
1.548,-47.6
1.55,-44.7
1.552,-45.5
1.554,-50.3
1.556,-57.2
1.558,-64.1
1.56,-66.1
1.562,-62.5
1.564,-55.6
1.566,-48.8
1.568,-44.9
1.57,-43.5
1.572,-46
1.574,-52.2
1.576,-60
1.578,-67.3
1.58,-69.5
1.582,-66.8
1.584,-60.6
1.586,-53.5
1.588,-48.7
1.59,-46.9
1.592,-48.8
1.594,-53.8
1.596,-60.3
1.598,-67
1.6,-68.2
1.602,-64.8
1.604,-58.2
1.606,-51.3
1.608,-47.5
1.61,-45.6
1.612,-48.1
1.614,-53
1.616,-59.8
1.618,-66.5
1.62,-68.1
1.622,-65
1.624,-57.7
1.626,-51
1.628,-46.1
1.63,-44.6
1.632,-46.7
1.634,-52.2
1.636,-59.9
1.638,-66.6
1.64,-68.3
1.642,-64.9
1.644,-57.5
1.646,-50.2
1.648,-45.1
1.65,-43.3
1.652,-45.3
1.654,-50.5
1.656,-57.8
1.658,-64.3
1.66,-66.1
1.662,-62.1
1.664,-54.4
1.666,-46.5
1.668,-40.9
1.67,-39
1.672,-40.6
1.674,-45.3
1.676,-51.8
1.678,-57.8
1.68,-58.6
1.682,-53.7
1.684,-44.5
1.686,-34.4
1.688,-27.4
1.69,-22.1
1.692,-20.6
1.694,-21.5
1.696,-24.4
1.698,-25.9
1.7,-22.4
1.702,-13.5
1.704,-0.461
1.706,12.9
1.708,21.8
1.71,27.1
1.712,27.7
1.714,22.9
1.716,14.6
1.718,5.21
1.72,-0.971
1.722,-3.71
1.724,-4.22
1.726,-5.88
1.728,-10.1
1.73,-17.8
1.732,-28.4
1.734,-40.8
1.736,-53.2
1.738,-62.1
1.74,-63.2
1.742,-55.8
1.744,-41.6
1.746,-24.7
1.748,-8.93
1.75,4.06
1.752,12.9
1.754,16
1.756,14.4
1.758,9.99
1.76,8.33
1.762,11.5
1.764,18.6
1.766,25
1.768,28
1.77,28
1.772,23.1
1.774,15.5
1.776,5.72
1.778,-3.01
1.78,-6.77
1.782,-5.18
1.784,0.622
1.786,6.61
1.788,9.73
1.79,10.6
1.792,6.87
1.794,0.176
1.796,-7.98
1.798,-15.5
1.8,-17.8
1.802,-14.3
1.804,-7.02
1.806,0.622
1.808,5.66
1.81,7.69
1.812,5.91
1.814,0.813
1.816,-5.81
1.818,-11.4
1.82,-11.1
1.822,-6.58
1.824,2.85
1.826,11.8
1.828,19
1.83,22.3
1.832,21
1.834,15.6
1.836,7.95
1.838,1.58
1.84,-0.333
1.842,2.41
1.844,8.71
1.846,15.3
1.848,19.4
1.85,20.5
1.852,17.1
1.854,11.2
1.856,3.3
1.858,-3.65
1.86,-5.75
1.862,-2.37
1.864,5.4
1.866,13.4
1.868,17.8
1.87,20.1
1.872,20.3
1.874,15.1
1.876,7.25
1.878,0.686
1.88,-1.29
1.882,2.28
1.884,10.2
1.886,17.6
1.888,22.2
1.89,24.2
1.892,22
1.894,16.7
1.896,9.1
1.898,2.28
1.9,0.431
1.902,4.06
1.904,12.2
1.906,19.9
1.908,25
1.91,26.9
1.912,24.8
1.914,19.7
1.916,11.6
1.918,4.95
1.92,3.04
1.922,6.29
1.924,15.1
1.926,22.7
1.928,27.6
1.93,29.7
1.932,27.2
1.934,21.8
1.936,13.6
1.938,6.61
1.94,4.64
1.942,8.65
1.944,16.7
1.946,24.8
1.948,29.6
1.95,31.4
1.952,29
1.954,23.4
1.956,14.6
1.958,7.63
1.96,5.66
1.962,9.41
1.964,17.7
1.966,26.1
1.968,30.8
1.97,32.6
1.972,30.1
1.974,24.2
1.976,15.4
1.978,7.69
1.98,5.85
1.982,9.73
1.984,18.2
1.986,26.4
1.988,32
1.99,34
1.992,31.4
1.994,24.8
1.996,15.5
1.998,7.44
2,5.34
2.002,9.22
2.004,17.8
2.006,26.2
2.008,31.5
2.01,33.2
2.012,30.4
2.014,23.7
2.016,14
2.018,6.04
2.02,3.43
2.022,7.25
2.024,16.6
2.026,25.1
2.028,30.8
2.03,32.4
2.032,29.6
2.034,23.3
2.036,13.3
2.038,4.95
2.04,2.47
2.042,6.87
2.044,15.9
2.046,24.7
2.048,30.4
2.05,32.3
2.052,29.5
2.054,22.7
2.056,12.9
2.058,4.7
2.06,2.41
2.062,6.42
2.064,15.9
2.066,25
2.068,30.6
2.07,32.9
2.072,29.4
2.074,23
2.076,13.2
2.078,4.89
2.08,1.83
2.082,6.17
2.084,14.8
2.086,23.3
2.088,28.7
2.09,30.2
2.092,27.2
2.094,20.3
2.096,10.4
2.098,1.96
2.1,-0.588
2.102,3.81
2.104,12.7
2.106,20.9
2.108,26.7
2.11,28.7
2.112,26
2.114,19
2.116,8.71
2.118,0.367
2.12,-2.31
2.122,2.22
2.124,11.5
2.126,20.5
2.128,26.6
2.13,28.2
2.132,25.3
2.134,18.1
2.136,7.63
2.138,-0.907
2.14,-3.33
2.142,0.941
2.144,10.1
2.146,19
2.148,24.3
2.15,25.7
2.152,21.8
2.154,13.9
2.156,2.72
2.158,-6.19
2.16,-10.3
2.162,-6.77
2.164,0.431
2.166,7.18
2.168,10.4
2.17,9.35
2.172,2.66
2.174,-7.98
2.176,-22.2
2.178,-34.9
2.18,-42.3
2.182,-43.7
2.184,-40.5
2.186,-37.5
2.188,-37
2.19,-40.1
2.192,-47.5
2.194,-57.5
2.196,-69.8
2.198,-78.3
2.2,-80.5
2.202,-73.4
2.204,-58.1
2.206,-41.5
2.208,-26.1
2.21,-14.5
2.212,-6.45
2.214,-4.09
2.216,-6.58
2.218,-10.3
2.22,-12
2.222,-11.1
2.224,-9.89
2.226,-12.9
2.228,-20.5
2.23,-32.8
2.232,-47.2
2.234,-61.8
2.236,-73.7
2.238,-80.6
2.24,-80.9
2.242,-73.7
2.244,-62.6
2.246,-51.6
2.248,-43.8
2.25,-40.1
2.252,-40.7
2.254,-45.1
2.256,-52.4
2.258,-58.1
2.26,-60
2.262,-55
2.264,-46
2.266,-37.4
2.268,-31.4
2.27,-30.3
2.272,-32.6
2.274,-39.2
2.276,-48.4
2.278,-55.8
2.28,-59
2.282,-55.6
2.284,-48.6
2.286,-41.9
2.288,-37.8
2.29,-37.7
2.292,-41.2
2.294,-48.9
2.296,-58.2
2.298,-66.1
2.3,-69.5
2.302,-66.3
2.304,-59.2
2.306,-51.9
2.308,-47
2.31,-46.1
2.312,-47.9
2.314,-53.5
2.316,-61.2
2.318,-67.7
2.32,-69.2
2.322,-64.6
2.324,-56.3
2.326,-48.8
2.328,-43
2.33,-41.7
2.332,-43.8
2.334,-50.2
2.336,-58.6
2.338,-65.4
2.34,-67.8
2.342,-64.1
2.344,-55.9
2.346,-47.9
2.348,-42.5
2.35,-41
2.352,-43.1
2.354,-49.5
2.356,-58
2.358,-64.9
2.36,-67
2.362,-63.3
2.364,-54.2
2.366,-46.1
2.368,-40.5
2.37,-39.3
2.372,-41.6
2.374,-47.5
2.376,-56.3
2.378,-64
2.38,-66.2
2.382,-61.4
2.384,-52.7
2.386,-44.5
2.388,-38.8
2.39,-36.9
2.392,-39.5
2.394,-45.3
2.396,-54.6
2.398,-61.3
2.4,-63.5
2.402,-58.9
2.404,-49.3
2.406,-40.3
2.408,-33.3
2.41,-30.7
2.412,-31.6
2.414,-35.8
2.416,-42.8
2.418,-47.5
2.42,-46.4
2.422,-38.1
2.424,-25.1
2.426,-12.1
2.428,-1.54
2.43,5.27
2.432,7.89
2.434,7.12
2.436,3.3
2.438,0.813
2.44,2.79
2.442,10.7
2.444,22.4
2.446,32.3
2.448,38.5
2.45,39
2.452,35.5
2.454,26.7
2.456,14
2.458,2.22
2.46,-6.39
2.462,-7.79
2.464,-6.07
2.466,-4.92
2.468,-6.64
2.47,-12
2.472,-20.5
2.474,-31.8
2.476,-44.5
2.478,-54
2.48,-57.4
2.482,-52
2.484,-42
2.486,-30.6
2.488,-20.3
2.49,-12.8
2.492,-7.98
2.494,-6.45
2.496,-7.6
2.498,-6.7
2.5,-1.35
2.502,9.41
2.504,22.7
2.506,33.9
2.508,41.1
2.51,43
2.512,40.3
2.514,33.1
2.516,23.4
2.518,15.2
2.52,11.8
2.522,15.4
2.524,22.3
2.526,29.5
2.528,33.8
2.53,35
2.532,32.4
2.534,26.3
2.536,17.4
2.538,11.1
2.54,9.22
2.542,14.1
2.544,22.4
2.546,30.3
2.548,35.3
2.55,36
2.552,33.9
2.554,27
2.556,18.2
2.558,10.8
2.56,8.59
2.562,12.6
2.564,20.1
2.566,27.6
2.568,32.1
2.57,33.2
2.572,30.8
2.574,24.6
2.576,15.7
2.578,8.84
2.58,6.17
2.582,10.4
2.584,17.9
2.586,25.1
2.588,30.2
2.59,31.5
2.592,29
2.594,22.4
2.596,13.7
2.598,7.25
2.6,5.02
2.602,8.71
2.604,16
2.606,23.9
2.608,28.8
2.61,30.4
2.612,28
2.614,22
2.616,13.9
2.618,6.93
2.62,4.95
2.622,8.71
2.624,16.6
2.626,24.3
2.628,29.5
2.63,30.9
2.632,28.6
2.634,22.1
2.636,14.2
2.638,6.8
2.64,4.95
2.642,8.65
2.644,16.7
2.646,25.2
2.648,29.7
2.65,31.2
2.652,28.8
2.654,22.4
2.656,14.2
2.658,7.31
2.66,4.83
2.662,8.97
2.664,16.8
2.666,24.8
2.668,30.1
2.67,31.1
2.672,28.8
2.674,22.7
2.676,14.3
2.678,6.93
2.68,5.02
2.682,9.22
2.684,17.2
2.686,25.5
2.688,30.6
2.69,31.7
2.692,29.2
2.694,23
2.696,14.4
2.698,7.18
2.7,4.89
2.702,9.48
2.704,16.9
2.706,25.5
2.708,30.4
2.71,31.5
2.712,29
2.714,22.3
2.716,13.7
2.718,6.04
2.72,3.68
2.722,7.82
2.724,15.8
2.726,24.5
2.728,29.7
2.73,31.3
2.732,28.5
2.734,21.9
2.736,12.9
2.738,5.21
2.74,2.6
2.742,7.06
2.744,15.4
2.746,24.5
2.748,29.3
2.75,30.9
2.752,28.1
2.754,21
2.756,11.6
2.758,3.3
2.76,0.813
2.762,5.66
2.764,14.1
2.766,23.2
2.768,28.7
2.77,30.2
2.772,28
2.774,20.6
2.776,10.8
2.778,2.47
2.78,0.0488
2.782,4.7
2.784,13.7
2.786,22.9
2.788,28.1
2.79,30
2.792,27.5
2.794,20.2
2.796,10.4
2.798,1.71
2.8,-0.716
2.802,4.06
2.804,13.2
2.806,22.7
2.808,28.3
2.81,30.3
2.812,27.8
2.814,19.5
2.816,8.65
2.818,-0.779
2.82,-3.33
2.822,1.96
2.824,12.3
2.826,22.4
2.828,28.3
2.83,30.6
2.832,27.6
2.834,19.2
2.836,8.97
2.838,-0.461
2.84,-2.63
2.842,3.3
2.844,12.4
2.846,21.6
2.848,27.2
2.85,29
2.852,26.1
2.854,18.7
2.856,8.9
2.858,0.367
2.86,-1.93
2.862,2.53
2.864,11.6
2.866,20.4
2.868,25.7
2.87,27.4
2.872,24.3
2.874,16.6
2.876,7.12
2.878,-1.23
2.88,-3.58
2.882,0.367
2.884,8.14
2.886,15.7
2.888,19.6
2.89,20.4
2.892,15.9
2.894,8.08
2.896,-2.63
2.898,-12.2
2.9,-16.1
2.902,-14.6
2.904,-10.2
2.906,-5.3
2.908,-4.16
2.91,-6.45
2.912,-14
2.914,-25.1
2.916,-38.7
2.918,-51.1
2.92,-58.2
2.922,-58.7
2.924,-55.1
2.926,-50.9
2.928,-49.1
2.93,-49.3
2.932,-52.5
2.934,-58.2
2.936,-64.2
2.938,-67.5
2.94,-63.3
2.942,-51.6
2.944,-35.1
2.946,-18.4
2.948,-3.97
2.95,6.48
2.952,10.4
2.954,8.4
2.956,1.39
2.958,-7.6
2.96,-15.6
2.962,-21.8
2.964,-25.8
2.966,-31.3
2.968,-39.5
2.97,-47.9
2.972,-56.7
2.974,-64.8
2.976,-71.9
2.978,-76
2.98,-73.9
2.982,-66.3
2.984,-55
2.986,-43.8
2.988,-36.2
2.99,-32.2
2.992,-32.3
2.994,-35.9
2.996,-42.3
2.998,-48.4
3,-49.6
3.002,-45.6
3.004,-37.5
3.006,-30.4
3.008,-26.2
3.01,-24.9
3.012,-28.4
3.014,-35.3
3.016,-44.9
3.018,-53
3.02,-57
3.022,-53.8
3.024,-47.7
3.026,-41.3
3.028,-37.5
3.03,-37.7
3.032,-41.9
3.034,-49.5
3.036,-58.2
3.038,-65.6
3.04,-67.9
3.042,-64.2
3.044,-56.7
3.046,-49.1
3.048,-44.9
3.05,-43.7
3.052,-45.5
3.054,-51.9
3.056,-60.4
3.058,-67.7
3.06,-69.1
3.062,-64.4
3.064,-56.1
3.066,-47.3
3.068,-42.3
3.07,-40.3
3.072,-42.8
3.074,-49.5
3.076,-58
3.078,-66.7
3.08,-68.7
3.082,-64
3.084,-55.4
3.086,-46.6
3.088,-41.6
3.09,-39.9
3.092,-42.6
3.094,-49.1
3.096,-57.5
3.098,-65.6
3.1,-67.4
3.102,-62.7
3.104,-54.3
3.106,-45.6
3.108,-40
3.11,-38.2
3.112,-41.2
3.114,-47.4
3.116,-56.7
3.118,-64
3.12,-65.7
3.122,-60.8
3.124,-52.3
3.126,-43.2
3.128,-37.8
3.13,-35.4
3.132,-37.2
3.134,-43.4
3.136,-51
3.138,-57.5
3.14,-57.9
3.142,-51.7
3.144,-41.1
3.146,-30.3
3.148,-22
3.15,-16.5
3.152,-14.9
3.154,-17
3.156,-20.4
3.158,-22.4
3.16,-18.7
3.162,-9.51
3.164,3.81
3.166,17.2
3.168,26.2
3.17,32.3
3.172,32
3.174,27.6
3.176,19.8
3.178,12.4
3.18,8.71
3.182,10.2
3.184,14.1
3.186,16.6
3.188,15.3
3.19,10.4
3.192,0.686
3.194,-13.2
3.196,-29
3.198,-43.4
3.2,-51.1
3.202,-51.4
3.204,-46.8
3.206,-40.7
3.208,-36.5
3.21,-33.8
3.212,-33.3
3.214,-35.8
3.216,-39.1
3.218,-39.7
3.22,-34.7
3.222,-23.2
3.224,-9.25
3.226,5.4
3.228,15.8
3.23,22.9
3.232,24.8
3.234,22.3
3.236,16.6
3.238,11.6
3.24,11
3.242,15.3
3.244,22.5
3.246,30.1
3.248,34.2
3.25,35.3
3.252,32.2
3.254,26.1
3.256,17.3
3.258,10.2
3.26,7.38
3.262,10.8
3.264,17.4
3.266,24.3
3.268,28.7
3.27,30.2
3.272,27.6
3.274,22
3.276,13.7
3.278,7.31
3.28,5.21
3.282,9.86
3.284,17.1
3.286,25
3.288,29.7
3.29,31.5
3.292,28.6
3.294,22.4
3.296,14
3.298,6.93
3.3,4.19
3.302,8.46
3.304,15.8
3.306,22.7
3.308,27.1
3.31,28.3
3.312,25.9
3.314,19.4
3.316,11.4
3.318,4.89
3.32,2.85
3.322,6.74
3.324,14.7
3.326,22.1
3.328,26.8
3.33,28.5
3.332,26.3
3.334,20.5
3.336,12.7
3.338,6.04
3.34,4.32
3.342,8.01
3.344,15.7
3.346,23
3.348,28
3.35,29.1
3.352,27.4
3.354,21.6
3.356,14.1
3.358,7.5
3.36,5.27
3.362,9.41
3.364,17
3.366,24.9
3.368,29.6
3.37,31.1
3.372,29.4
3.374,23
3.376,15.6
3.378,8.46
3.38,6.36
3.382,10.5
3.384,18.3
3.386,25.7
3.388,30.6
3.39,31.7
3.392,29.6
3.394,23.4
3.396,15.7
3.398,8.65
3.4,6.42
3.402,10.5
3.404,17.9
3.406,25.7
3.408,30.4
3.41,31.8
3.412,29.9
3.414,23.6
3.416,15.7
3.418,9.16
3.42,7.06
3.422,10.8
3.424,18.8
3.426,26.7
3.428,31.7
3.43,33.2
3.432,31.1
3.434,24.8
3.436,16.8
3.438,10.2
3.44,8.27
3.442,12
3.444,19.8
3.446,27.8
3.448,32.7
3.45,33.9
3.452,31.3
3.454,25.3
3.456,16.9
3.458,10.1
3.46,7.82
3.462,11.9
3.464,19.9
3.466,27.6
3.468,32.4
3.47,34
3.472,31.3
3.474,25
3.476,16.5
3.478,8.84
3.48,6.29
3.482,10.5
3.484,18.3
3.486,26.7
3.488,31.8
3.49,33.4
3.492,30.5
3.494,24.3
3.496,15.3
3.498,7.57
3.5,5.27
3.502,9.35
3.504,18
3.506,26.4
3.508,31.5
3.51,33.1
3.512,30.8
3.514,23.7
3.516,15
3.518,7.63
3.52,4.89
3.522,9.41
3.524,17.5
3.526,26.2
3.528,31.6
3.53,33.2
3.532,30.6
3.534,24.1
3.536,15.1
3.538,7.76
3.54,5.15
3.542,9.73
3.544,18
3.546,26.9
3.548,32.2
3.55,33.9
3.552,31.2
3.554,24.5
3.556,15.1
3.558,8.01
3.56,5.4
3.562,9.61
3.564,17.1
3.566,25.8
3.568,30.8
3.57,31.8
3.572,29
3.574,22.8
3.576,14.1
3.578,6.93
3.58,4.38
3.582,8.65
3.584,16.8
3.586,25
3.588,30.1
3.59,31.2
3.592,29
3.594,22.2
3.596,13.9
3.598,6.67
3.6,4.13
3.602,8.01
3.604,15.7
3.606,23.6
3.608,28.3
3.61,29.1
3.612,26.5
3.614,19.4
3.616,10.8
3.618,3.23
3.62,-0.206
3.622,2.66
3.624,8.97
3.626,15.3
3.628,18.1
3.63,16.6
3.632,11.6
3.634,2.47
3.636,-9.51
3.638,-20.8
3.64,-27.7
3.642,-29.4
3.644,-27.9
3.646,-26.1
3.648,-26.9
3.65,-31.3
3.652,-38.2
3.654,-47.9
3.656,-58.8
3.658,-66.5
3.66,-67.7
3.662,-60.7
3.664,-48.1
3.666,-32.8
3.668,-19
3.67,-7.21
3.672,0.559
3.674,4.13
3.676,3.49
3.678,0.941
3.68,-0.206
3.682,0.176
3.684,0.0488
3.686,-4.47
3.688,-13.6
3.69,-26.7
3.692,-41.5
3.694,-55.8
3.696,-66.4
3.698,-72.5
3.7,-72.1
3.702,-63.9
3.704,-52.3
3.706,-40.7
3.708,-31.8
3.71,-27
3.712,-27.5
3.714,-34
3.716,-43
3.718,-50.3
3.72,-52.7
3.722,-48.9
3.724,-40.2
3.726,-32.1
3.728,-26.7
3.73,-26.6
3.732,-30.7
3.734,-38.9
3.736,-49.6
3.738,-58.8
3.74,-62.6
3.742,-60
3.744,-53
3.746,-46.2
3.748,-41.9
3.75,-41.6
3.752,-45.4
3.754,-52.9
3.756,-61.6
3.758,-68.9
3.76,-70.8
3.762,-65.8
3.764,-56.9
3.766,-48.1
3.768,-42.6
3.77,-40.9
3.772,-43.3
3.774,-50.4
3.776,-60.2
3.778,-68.4
3.78,-71.6
3.782,-66.9
3.784,-57.8
3.786,-49.2
3.788,-43.1
3.79,-41.4
3.792,-43.7
3.794,-50.9
3.796,-60.4
3.798,-68.1
3.8,-70.4
3.802,-65.6
3.804,-56.8
3.806,-48.1
3.808,-42.5
3.81,-41.3
3.812,-43.5
3.814,-50.5
3.816,-59.1
3.818,-66.8
3.82,-69.1
3.822,-64.9
3.824,-56.4
3.826,-48.1
3.828,-42.7
3.83,-41.1
3.832,-43.4
3.834,-50.1
3.836,-59.1
3.838,-67
3.84,-69.5
3.842,-64.8
3.844,-56.6
3.846,-47.9
3.848,-42.6
3.85,-40.9
3.852,-42.8
3.854,-49.9
3.856,-58.8
3.858,-66.1
3.86,-68.3
3.862,-63.9
3.864,-55.6
3.866,-47
3.868,-41
3.87,-39.2
3.872,-40.7
3.874,-46.6
3.876,-54.4
3.878,-60.7
3.88,-61.4
3.882,-55.6
3.884,-45.9
3.886,-35.4
3.888,-27.5
3.89,-22.7
3.892,-21.5
3.894,-24.5
3.896,-29.6
3.898,-33
3.9,-31.2
3.902,-22.5
3.904,-10.1
3.906,2.6
3.908,12.5
3.91,18.8
3.912,20.9
3.914,18
3.916,12.7
3.918,7.63
3.92,6.93
3.922,12.2
3.924,19.9
3.926,27.1
3.928,30.5
3.93,29.9
3.932,24
3.934,13.2
3.936,0.176
3.938,-13.1
3.94,-22.3
3.942,-25.1
3.944,-24.2
3.946,-22.8
3.948,-23.4
3.95,-26.9
3.952,-32.6
3.954,-41.9
3.956,-51.7
3.958,-59.8
3.96,-61.8
3.962,-56.6
3.964,-46
3.966,-33.7
3.968,-22.5
3.97,-14.7
3.972,-9.64
3.974,-8.23
3.976,-8.23
3.978,-7.41
3.98,-3.14
3.982,6.1
3.984,17.9
3.986,28.6
3.988,34.5
3.99,35.7
3.992,33.7
3.994,26.6
3.996,17.6
3.998,9.67
4,6.61
4.002,9.73
4.004,16.4
4.006,23.9
4.008,28.8
4.01,30.1
4.012,27.6
4.014,22
4.016,14.1
4.018,7.5
4.02,5.66
4.022,10.2
4.024,18.3
4.026,25.5
4.028,30.8
4.03,32.1
4.032,29.7
4.034,22.5
4.036,10.4
4.038,6.74
4.04,4.7
4.042,8.65
4.044,16.4
4.046,24.2
4.048,29.5
4.05,31.1
4.052,28.9
4.054,22.7
4.056,14.1
4.058,6.87
4.06,4.13
4.062,7.82
4.064,15.8
4.066,23.6
4.068,28.7
4.07,29.9
4.072,28.1
4.074,21.8
4.076,13.2
4.078,6.17
4.08,3.55
4.082,7.5
4.084,15.6
4.086,23.4
4.088,29
4.09,30.5
4.092,28.7
4.094,22.5
4.096,13.6
4.098,6.17
4.1,3.94
4.102,7.57
4.104,16.2
4.106,24.1
4.108,29.5
4.11,31.5
4.112,29.1
4.114,22.7
4.116,14
4.118,6.36
4.12,3.68
4.122,8.01
4.124,16.4
4.126,24.6
4.128,30
4.13,31.8
4.132,29.9
4.134,23
4.136,13.7
4.138,5.08
4.14,2.02
4.142,5.72
4.144,15.5
4.146,24.5
4.148,30.8
4.15,32.8
4.152,30.1
4.154,22.5
4.156,12.2
4.158,3.3
4.16,-0.779
4.162,4.64
4.164,14.9
4.166,24.4
4.168,31.2
4.17,32.8
4.172,30.4
4.174,23
4.176,13
4.178,4.38
4.18,1.71
4.182,6.36
4.184,16.1
4.186,25.2
4.188,31.5
4.19,33.4
4.192,30.7
4.194,23.5
4.196,13.3
4.198,4.19
4.2,1.13
4.202,5.4
4.204,15.7
4.206,25.5
4.208,32.1
4.21,33.6
4.212,30.9
4.214,23.4
4.216,13.2
4.218,4.13
4.22,1.07
4.222,5.85
4.224,15.6
4.226,25.5
4.228,31.8
4.23,33.4
4.232,30.7
4.234,23.9
4.236,13.9
4.238,5.15
4.24,2.15
4.242,6.1
4.244,15.8
4.246,25.6
4.248,31.7
4.25,33.2
4.252,30.6
4.254,23.7
4.256,14.3
4.258,5.59
4.26,2.98
4.262,6.99
4.264,16.2
4.266,25.3
4.268,31.3
4.27,33.3
4.272,30.4
4.274,23.9
4.276,14.1
4.278,6.1
4.28,3.36
4.282,7.12
4.284,16
4.286,24.9
4.288,30.8
4.29,32.4
4.292,29.8
4.294,23.3
4.296,14
4.298,6.29
4.3,3.87
4.302,7.95
4.304,16.4
4.306,24
4.308,29.7
4.31,31.5
4.312,28.8
4.314,22.5
4.316,14
4.318,6.48
4.32,4.13
4.322,7.82
4.324,16
4.326,23.3
4.328,28.8
4.33,31.2
4.332,28.3
4.334,21.1
4.336,13.9
4.338,6.17
4.34,3.04
4.342,6.17
4.344,13
4.346,19.6
4.348,24.2
4.35,25.1
4.352,21.5
4.354,14.3
4.356,4.51
4.358,-4.54
4.36,-8.62
4.362,-7.85
4.364,-2.31
4.366,2.53
4.368,4.57
4.37,2.72
4.372,-3.65
4.374,-13.7
4.376,-27.2
4.378,-39.6
4.38,-47.2
4.382,-49.1
4.384,-46.3
4.386,-43.6
4.388,-42.7
4.39,-44.5
4.392,-48.9
4.394,-56
4.396,-63.7
4.398,-68.7
4.4,-66.7
4.402,-58
4.404,-42.9
4.406,-26.2
4.408,-11.7
4.41,-0.397
4.412,6.17
4.414,7.38
4.416,2.98
4.418,-2.75
4.42,-7.34
4.422,-10.1
4.424,-11.9
4.426,-16.8
4.428,-25.1
4.43,-34.9
4.432,-46.1
4.434,-58.2
4.436,-67.6
4.438,-74.1
4.44,-73.1
4.442,-66.4
4.444,-55.3
4.446,-44.6
4.448,-36.3
4.45,-32.1
4.452,-32.3
4.454,-35.7
4.456,-43
4.458,-49.8
4.46,-51.9
4.462,-49.4
4.464,-43
4.466,-37.2
4.468,-33.7
4.47,-33.9
4.472,-37.6
4.474,-44.9
4.476,-54.9
4.478,-63.4
4.48,-67.2
4.482,-65.8
4.484,-59.3
4.486,-53.3
4.488,-48.1
4.49,-45.4
4.492,-46.8
4.494,-52.2
4.496,-59.3
4.498,-66.6
4.5,-68.8
4.502,-65.5
4.504,-57.5
4.506,-49.9
4.508,-45.3
4.51,-43.5
4.512,-46.1
4.514,-51.4
4.516,-59.1
4.518,-66.6
4.52,-68.3
4.522,-64.7
4.524,-56.9
4.526,-49.4
4.528,-44.3
4.53,-42.6
4.532,-44.7
4.534,-50.3
4.536,-57.9
4.538,-65.3
4.54,-67.4
4.542,-64.4
4.544,-56.1
4.546,-47.9
4.548,-42.8
4.55,-41
4.552,-43.5
4.554,-48.9
4.556,-57.1
4.558,-64.9
4.56,-67.1
4.562,-63.4
4.564,-55.6
4.566,-47.4
4.568,-42.1
4.57,-40
4.572,-42.5
4.574,-48.4
4.576,-56.3
4.578,-64.3
4.58,-66.2
4.582,-63.1
4.584,-54.7
4.586,-46.1
4.588,-40.5
4.59,-38
4.592,-40.1
4.594,-45.4
4.596,-53
4.598,-59.7
4.6,-60.1
4.602,-54.7
4.604,-44.4
4.606,-33.7
4.608,-24.9
4.61,-19.2
4.612,-17.6
4.614,-19.5
4.616,-23.5
4.618,-26.6
4.62,-23.8
4.622,-15.5
4.624,-2.5
4.626,10.8
4.628,20.5
4.63,26.2
4.632,27
4.634,22.7
4.636,15.5
4.638,8.4
4.64,5.21
4.642,6.61
4.644,10.9
4.646,15.1
4.648,15.1
4.65,10.9
4.652,2.02
4.654,-11.2
4.656,-26.3
4.658,-40.7
4.66,-49.5
4.662,-51.4
4.664,-48.4
4.666,-43.1
4.668,-39.5
4.67,-38.2
4.672,-39.3
4.674,-43
4.676,-48.1
4.678,-50.3
4.68,-46.2
4.682,-35.6
4.684,-20.6
4.686,-4.79
4.688,7.89
4.69,17.2
4.692,20.9
4.694,19.5
4.696,15
4.698,9.22
4.7,7.25
4.702,9.99
4.704,17.4
4.706,25
4.708,29
4.71,30.7
4.712,27.8
4.714,20.9
4.716,11.8
4.718,4
4.72,1.45
4.722,4.7
4.724,12.3
4.726,20.8
4.728,26.1
4.73,28.7
4.732,27.2
4.734,21.5
4.736,13.9
4.738,6.67
4.74,4.89
4.742,8.46
4.744,15.5
4.746,22.9
4.748,28.1
4.75,29.6
4.752,28
4.754,22.2
4.756,14.5
4.758,6.8
4.76,4.51
4.762,7.38
4.764,14.3
4.766,22.1
4.768,26.7
4.77,28.8
4.772,26.2
4.774,20.2
4.776,12
4.778,4.06
4.78,1.51
4.782,4.76
4.784,11.8
4.786,19.7
4.788,24.5
4.79,26
4.792,24.4
4.794,18.8
4.796,10.8
4.798,2.92
4.8,1.9
4.802,4.32
4.804,12
4.806,19.9
4.808,24.9
4.81,27.5
4.812,25.1
4.814,19.5
4.816,12
4.818,3.87
4.82,2.09
4.822,5.46
4.824,12.8
4.826,21
4.828,26.2
4.83,28
4.832,26.6
4.834,20.6
4.836,12.5
4.838,5.15
4.84,2.6
4.842,6.1
4.844,13.7
4.846,21.6
4.848,26.7
4.85,29.1
4.852,27.4
4.854,21.2
4.856,12.7
4.858,4.89
4.86,2.92
4.862,6.04
4.864,14
4.866,21.8
4.868,27
4.87,29.2
4.872,27.1
4.874,21.3
4.876,12.7
4.878,4.95
4.88,3.04
4.882,6.36
4.884,14
4.886,21.7
4.888,27.2
4.89,29.6
4.892,27.4
4.894,21.5
4.896,13.2
4.898,5.02
4.9,2.6
4.902,6.1
4.904,13.9
4.906,22.4
4.908,27.6
4.91,29.7
4.912,28
4.914,21.6
4.916,13
4.918,5.08
4.92,2.34
4.922,5.97
4.924,13.8
4.926,22.5
4.928,28.1
4.93,30.1
4.932,28.3
4.934,21.6
4.936,13
4.938,4.7
4.94,2.34
4.942,5.46
4.944,13.7
4.946,22.6
4.948,28.7
4.95,31.1
4.952,29
4.954,22.5
4.956,13.2
4.958,4.19
4.96,1.45
4.962,5.08
4.964,13.4
4.966,22.7
4.968,28.7
4.97,30.9
4.972,28.5
4.974,22.1
4.976,12.3
4.978,2.85
4.98,-0.0786
4.982,3.3
4.984,12.9
4.986,22.4
4.988,28.7
4.99,31
4.992,28.6
4.994,21.8
4.996,12.9
4.998,3.74
5,1.45
5.002,4.64
5.004,13
5.006,22.3
5.008,27.8
5.01,30.4
5.012,28.2
5.014,21.5
5.016,12.6
5.018,4.06
5.02,0.941
5.022,4.57
5.024,13.2
5.026,21.9
5.028,27.8
5.03,29.6
5.032,27.5
5.034,21.2
5.036,13
5.038,4.38
5.04,1.77
5.042,4.7
5.044,13.1
5.046,22.2
5.048,27.2
5.05,29.1
5.052,27.3
5.054,21.3
5.056,12.7
5.058,4.89
5.06,2.28
5.062,5.02
5.064,12.5
5.066,20.2
5.068,25.3
5.07,26.8
5.072,24.8
5.074,18.7
5.076,10.4
5.078,2.6
5.08,-0.461
5.082,2.41
5.084,9.48
5.086,17.1
5.088,21.9
5.09,23.4
5.092,20.8
5.094,14.6
5.096,5.97
5.098,-2.75
5.1,-6
5.102,-4.35
5.104,1.39
5.106,7.25
5.108,10.3
5.11,9.8
5.112,4.64
5.114,-3.84
5.116,-15.2
5.118,-26.9
5.12,-34.4
5.122,-36.3
5.124,-34.8
5.126,-32.3
5.128,-33.6
5.13,-37.4
5.132,-43.8
5.134,-52.8
5.136,-62.8
5.138,-71.9
5.14,-74.2
5.142,-69.6
5.144,-58.7
5.146,-44.7
5.148,-32.7
5.15,-21.8
5.152,-13.6
5.154,-9.32
5.156,-7.79
5.158,-8.55
5.16,-6.64
5.162,-3.33
5.164,1.32
5.166,2.6
5.168,-1.99
5.17,-11.7
5.172,-26.1
5.174,-43.3
5.176,-59.3
5.178,-72.8
5.18,-75.9
5.182,-72.1
5.184,-62.4
5.186,-51.4
5.188,-42.1
5.19,-36.2
5.192,-34.8
5.194,-37.1
5.196,-42.2
5.198,-47.5
5.2,-48.2
5.202,-44.1
5.204,-35.9
5.206,-28
5.208,-22.6
5.21,-21.3
5.212,-23.7
5.214,-29.9
5.216,-37.9
5.218,-46.7
5.22,-50.3
5.222,-48.8
5.224,-43.5
5.226,-37.1
5.228,-34
5.23,-33.7
5.232,-37.1
5.234,-44.2
5.236,-52.6
5.238,-62.2
5.24,-65.9
5.242,-63.3
5.244,-56.3
5.246,-48.9
5.248,-43.9
5.25,-40.9
5.252,-42.8
5.254,-48.2
5.256,-55.6
5.258,-63.2
5.26,-65.6
5.262,-62.3
5.264,-55.1
5.266,-46.8
5.268,-42
5.27,-39.8
5.272,-41.5
5.274,-47.2
5.276,-54.7
5.278,-63.2
5.28,-65.6
5.282,-63
5.284,-55.4
5.286,-48
5.288,-42.3
5.29,-40.3
5.292,-42.2
5.294,-48
5.296,-56
5.298,-64.3
5.3,-66.8
5.302,-64
5.304,-56.6
5.306,-47.7
5.308,-42.6
5.31,-40.3
5.312,-41.8
5.314,-47.7
5.316,-55.3
5.318,-63.9
5.32,-66
5.322,-63.1
5.324,-55.3
5.326,-46.3
5.328,-40.3
5.33,-37.2
5.332,-38.5
5.334,-43.8
5.336,-51
5.338,-58.9
5.34,-60.5
5.342,-56.6
5.344,-48.6
5.346,-39.7
5.348,-33.2
5.35,-30.3
5.352,-30.9
5.354,-35.9
5.356,-43
5.358,-51
5.36,-52.8
5.362,-48.8
5.364,-40.3
5.366,-30.5
5.368,-24.2
5.37,-21
5.372,-20.8
5.374,-25.8
5.376,-32.3
5.378,-39.3
5.38,-40.7
5.382,-36.5
5.384,-27.5
5.386,-17.9
5.388,-11
5.39,-7.79
5.392,-8.11
5.394,-12.8
5.396,-20
5.398,-27.8
5.4,-29.6
5.402,-26.3
5.404,-18.4
5.406,-9.51
5.408,-3.9
5.41,-1.8
5.412,-3.46
5.414,-9.25
5.416,-17.7
5.418,-25.9
5.42,-28.7
5.422,-26.1
5.424,-18.7
5.426,-10.5
5.428,-4.92
5.43,-3.2
5.432,-4.35
5.434,-10.3
5.436,-17.3
5.438,-25.9
5.44,-27.8
5.442,-24.5
5.444,-15.9
5.446,-6.13
5.448,0.75
5.45,4.83
5.452,5.4
5.454,2.28
5.456,-3.33
5.458,-8.3
5.46,-8.23
5.462,-2.56
5.464,7.76
5.466,18.2
5.468,26.5
5.47,29.9
5.472,28.9
5.474,22.7
5.476,13
5.478,1.77
5.48,-6.13
5.482,-9.95
5.484,-10.3
5.486,-11.5
5.488,-15.4
5.49,-23.3
5.492,-33
5.494,-44.8
5.496,-55.3
5.498,-63.1
5.5,-60.8
5.502,-49.3
5.504,-30.3
5.506,-7.98
5.508,10.9
5.51,23.4
5.512,27.8
5.514,22.2
5.516,14.4
5.518,5.53
5.52,0.877
5.522,2.02
5.524,7.25
5.526,12.9
5.528,16.9
5.53,16.6
5.532,13.2
5.534,5.27
5.536,-4.35
5.538,-13.7
5.54,-18.4
5.542,-16.5
5.544,-9.76
5.546,-1.93
5.548,4.89
5.55,7.18
5.552,6.61
5.554,2.22
5.556,-4.98
5.558,-11.6
5.56,-13.3
5.562,-8.81
5.564,0.622
5.566,10.3
5.568,18.2
5.57,22
5.572,22.3
5.574,18.2
5.576,12.1
5.578,4.51
5.58,2.09
5.582,5.66
5.584,13.7
5.586,22
5.588,28.3
5.59,30.7
5.592,29.4
5.594,23.4
5.596,15.3
5.598,6.93
5.6,3.87
5.602,6.42
5.604,14
5.606,21.6
5.608,27.9
5.61,29.4
5.612,27.8
5.614,22.4
5.616,13.8
5.618,5.78
5.62,2.28
5.622,4.76
5.624,12
5.626,19.8
5.628,25.7
5.63,26.6
5.632,25.1
5.634,19.4
5.636,10.8
5.638,1.83
5.64,-2.05
5.642,-0.27
5.644,6.42
5.646,13.9
5.648,18.8
5.65,19.6
5.652,16.6
5.654,9.8
5.656,-0.0786
5.658,-10.6
5.66,-15.3
5.662,-14.4
5.664,-8.11
5.666,-1.35
5.668,3.43
5.67,3.81
5.672,0.941
5.674,-5.81
5.676,-15.2
5.678,-25.6
5.68,-29.8
5.682,-28.2
5.684,-20.5
5.686,-12.5
5.688,-5.75
5.69,-4.22
5.692,-5.56
5.694,-10.5
5.696,-18.7
5.698,-26
5.7,-28.5
5.702,-24.5
5.704,-14.7
5.706,-4.16
5.708,4.13
5.71,8.2
5.712,8.65
5.714,4.38
5.716,-2.12
5.718,-9.57
5.72,-10.7
5.722,-6.26
5.724,4.25
5.726,14.8
5.728,23
5.73,26.8
5.732,26.7
5.734,21.9
5.736,13.6
5.738,5.21
5.74,1.32
5.742,3.62
5.744,11.6
5.746,20.5
5.748,26.4
5.75,29
5.752,27
5.754,21.1
5.756,12.2
5.758,3.36
5.76,-0.0149
5.762,2.28
5.764,10.6
5.766,19.2
5.768,25.6
5.77,28.1
5.772,26.6
5.774,21.3
5.776,12.6
5.778,4.64
5.78,1.45
5.782,3.62
5.784,11.5
5.786,19.3
5.788,25.7
5.79,27.5
5.792,26
5.794,20.5
5.796,12
5.798,3.49
5.8,0.495
5.802,2.66
5.804,9.8
5.806,17.6
5.808,23
5.81,25
5.812,22.7
5.814,17
5.816,8.65
5.818,-0.397
5.82,-4.73
5.822,-4.54
5.824,0.75
5.826,5.91
5.828,7.95
5.83,6.93
5.832,1.2
5.834,-8.17
5.836,-20.7
5.838,-33.9
5.84,-41.8
5.842,-46.1
5.844,-45.1
5.846,-43.1
5.848,-42.3
5.85,-44.2
5.852,-47.9
5.854,-53.8
5.856,-60.3
5.858,-65
5.86,-62.3
5.862,-52.3
5.864,-35.3
5.866,-17.1
5.868,-0.652
5.87,11.3
5.872,16.6
5.874,14.4
5.876,5.78
5.878,-8.74
5.88,-23
5.882,-35.6
5.884,-43.4
5.886,-49.5
5.888,-52.1
5.89,-52.6
5.892,-52.6
5.894,-54.1
5.896,-57
5.898,-60
5.9,-58.4
5.902,-52.3
5.904,-41.6
5.906,-31.5
5.908,-23.7
5.91,-19.4
5.912,-19.8
5.914,-23.9
5.916,-31.1
5.918,-39.3
5.92,-42.5
5.922,-41
5.924,-34.4
5.926,-27.7
5.928,-23.9
5.93,-22.4
5.932,-25
5.934,-30.9
5.936,-39.8
5.938,-49.2
5.94,-53.4
5.942,-52.7
5.944,-46.3
5.946,-38.4
5.948,-34
5.95,-32.4
5.952,-34.4
5.954,-40
5.956,-48.5
5.958,-57.5
5.96,-61.2
5.962,-60.2
5.964,-53.6
5.966,-46
5.968,-42.1
5.97,-40.2
5.972,-41.4
5.974,-45.9
5.976,-53.5
5.978,-62.1
5.98,-65.1
5.982,-63.6
5.984,-56.1
5.986,-47.9
5.988,-42
5.99,-39.3
5.992,-40.5
5.994,-45.8
5.996,-53.2
5.998,-61.8
6,-64.4
6.002,-63.2
6.004,-55.6
6.006,-47.4
6.008,-41.8
6.01,-39.3
6.012,-41
6.014,-46.3
6.016,-54.2
6.018,-62.9
6.02,-66.5
6.022,-64.6
6.024,-57.4
6.026,-48.4
6.028,-42.9
6.03,-40.8
6.032,-42.3
6.034,-47.3
6.036,-55.1
6.038,-64.3
6.04,-67.4
6.042,-65.5
6.044,-57.9
6.046,-49
6.048,-43.3
6.05,-40.5
6.052,-41.2
6.054,-46.1
6.056,-53.2
6.058,-61.4
6.06,-63.3
6.062,-61.3
6.064,-53.7
6.066,-44.2
6.068,-37.9
6.07,-34.7
6.072,-34.9
6.074,-38.8
6.076,-44.9
6.078,-52
6.08,-53.2
6.082,-50.2
6.084,-40.9
6.086,-30
6.088,-22.6
6.09,-17.2
6.092,-15.7
6.094,-17.6
6.096,-21.3
6.098,-27.1
6.1,-26.9
6.102,-21.9
6.104,-11.4
6.106,0.176
6.108,9.22
6.11,14.3
6.112,15.8
6.114,13
6.116,8.33
6.118,1
6.12,0.0488
6.122,3.36
6.124,11.1
6.126,20.6
6.128,26.9
6.13,29.7
6.132,28.6
6.134,23.4
6.136,16.3
6.138,6.61
6.14,2.72
6.142,2.47
6.144,6.55
6.146,12.1
6.148,14.3
6.15,12.5
6.152,6.42
6.154,-3.46
6.156,-15.7
6.158,-30.3
6.16,-39.5
6.162,-44
6.164,-42.8
6.166,-40.1
6.168,-38.5
6.17,-39.5
6.172,-42.3
6.174,-47.1
6.176,-52.2
6.178,-57.2
6.18,-53.9
6.182,-44.4
6.184,-28.3
6.186,-10.2
6.188,5.53
6.19,16.8
6.192,23.2
6.194,22.9
6.196,16.7
6.198,8.78
6.2,5.27
6.202,5.91
6.204,11.9
6.206,18.8
6.208,23.5
6.21,24.9
6.212,23
6.214,17.4
6.216,9.8
6.218,0.75
6.22,-3.01
6.222,-1.35
6.224,4.83
6.226,12.9
6.228,18.2
6.23,21.4
6.232,20.7
6.234,16.2
6.236,10.7
6.238,3.11
6.24,1.39
6.242,3.62
6.244,10.4
6.246,19.2
6.248,25
6.25,28.3
6.252,27.5
6.254,23.2
6.256,16.7
6.258,8.14
6.26,5.4
6.262,7.25
6.264,13.6
6.266,21.8
6.268,26.9
6.27,29.5
6.272,28.6
6.274,23.9
6.276,17.2
6.278,8.59
6.28,5.97
6.282,7.44
6.284,14
6.286,21.8
6.288,27
6.29,29.4
6.292,28.7
6.294,24.1
6.296,17.6
6.298,9.29
6.3,6.87
6.302,8.65
6.304,15.7
6.306,24.4
6.308,29.3
6.31,31.5
6.312,30.8
6.314,26.1
6.316,20.1
6.318,11.7
6.32,8.4
6.322,10.4
6.324,16.5
6.326,24.3
6.328,29.2
6.33,31.3
6.332,30.2
6.334,25.1
6.336,18.2
6.338,9.35
6.34,5.97
6.342,7.76
6.344,14
6.346,21.7
6.348,27.1
6.35,29
6.352,28.5
6.354,23.7
6.356,16.8
6.358,8.84
6.36,5.27
6.362,6.99
6.364,13.4
6.366,21.3
6.368,27.3
6.37,29.7
6.372,29
6.374,24.3
6.376,17.7
6.378,9.1
6.38,5.78
6.382,7.44
6.384,13.9
6.386,21.8
6.388,27.3
6.39,29.9
6.392,29.4
6.394,24.2
6.396,16.7
6.398,8.01
6.4,4.32
6.402,5.91
6.404,12.5
6.406,20.5
6.408,26.9
6.41,29
6.412,28.3
6.414,23.2
6.416,15.5
6.418,6.42
6.42,2.41
6.422,4.13
6.424,11.3
6.426,19.4
6.428,25.9
6.43,28.2
6.432,27.6
6.434,22.3
6.436,15
6.438,5.85
6.44,1.58
6.442,3.23
6.444,10.7
6.446,18.9
6.448,25.2
6.45,27.6
6.452,26.6
6.454,21.6
6.456,13.9
6.458,4.83
6.46,0.559
6.462,1.96
6.464,9.67
6.466,17.8
6.468,24.5
6.47,26.7
6.472,26
6.474,21.2
6.476,13.3
6.478,4
6.48,-0.27
6.482,1.26
6.484,9.29
6.486,17.1
6.488,23.4
6.49,26.2
6.492,25.2
6.494,19.9
6.496,12.5
6.498,3.36
6.5,-0.779
6.502,0.75
6.504,7.63
6.506,16
6.508,22.5
6.51,24.8
6.512,23.5
6.514,18.3
6.516,10.3
6.518,0.75
6.52,-3.46
6.522,-2.75
6.524,4
6.526,11.6
6.528,17.3
6.53,18.9
6.532,16.6
6.534,10.2
6.536,0.622
6.538,-10.4
6.54,-16.3
6.542,-18.4
6.544,-14.9
6.546,-11
6.548,-9.7
6.55,-11.7
6.552,-18
6.554,-28.7
6.556,-42.1
6.558,-56.8
6.56,-65.9
6.562,-68.9
6.564,-64.7
6.566,-58.1
6.568,-51.8
6.57,-47
6.572,-43.3
6.574,-41
6.576,-39.5
6.578,-38.1
6.58,-31.2
6.582,-20
6.584,-4.98
6.586,7.69
6.588,14.3
6.59,12.9
6.592,2.66
6.594,-16.1
6.596,-37.8
6.598,-60.9
6.6,-74.7
6.602,-78.6
6.604,-71.8
6.606,-60.7
6.608,-51
6.61,-44.2
6.612,-41.7
6.614,-43.6
6.616,-48.4
6.618,-56.3
6.62,-58.8
6.622,-56.5
6.624,-48.5
6.626,-39.2
6.628,-33.1
6.63,-31
6.632,-32.7
6.634,-39.3
6.636,-48.2
6.638,-59.2
6.64,-63.7
6.642,-62.3
6.644,-55.4
6.646,-47
6.648,-41.4
6.65,-38.4
6.652,-39.1
6.654,-44.5
6.656,-52.1
6.658,-62.7
6.66,-67.2
6.662,-66.4
6.664,-60.1
6.666,-51.2
6.668,-44.4
6.67,-42.1
6.672,-42.8
6.674,-48.1
6.676,-54.2
6.678,-62.8
6.68,-66.3
6.682,-65.1
6.684,-58.2
6.686,-49.7
6.688,-43.7
6.69,-41.1
6.692,-41.6
6.694,-46.1
6.696,-53.2
6.698,-62.3
6.7,-66.5
6.702,-65.3
6.704,-58.8
6.706,-50.3
6.708,-43.5
6.71,-40.9
6.712,-41.6
6.714,-46.5
6.716,-53.9
6.718,-63.4
6.72,-68.1
6.722,-67.3
6.724,-59.7
6.726,-50.9
6.728,-43.8
6.73,-40.9
6.732,-41
6.734,-46.6
6.736,-54.6
6.738,-64.4
6.74,-68.8
6.742,-67.5
6.744,-59.7
6.746,-50.3
6.748,-42.8
6.75,-39.6
6.752,-40
6.754,-45.5
6.756,-53.3
6.758,-63.1
6.76,-68
6.762,-66.8
6.764,-59.1
6.766,-49.4
6.768,-41.8
6.77,-37.9
6.772,-38.1
6.774,-43.2
6.776,-50.7
6.778,-60.5
6.78,-64.3
6.782,-61.9
6.784,-53.5
6.786,-42.3
6.788,-33.5
6.79,-28.5
6.792,-27
6.794,-31.1
6.796,-37.5
6.798,-46
6.8,-48.8
6.802,-44.9
6.804,-34.1
6.806,-22.1
6.808,-11.4
6.81,-5.49
6.812,-2.5
6.814,-4.67
6.816,-9.95
6.818,-17.2
6.82,-19.1
6.822,-14.9
6.824,-3.65
6.826,9.22
6.828,19.2
6.83,24.8
6.832,26.2
6.834,22.5
6.836,15.2
6.838,5.85
6.84,0.686
6.842,1.58
6.844,9.35
6.846,18.6
6.848,24.4
6.85,26.3
6.852,24.4
6.854,16.8
6.856,6.1
6.858,-7.15
6.86,-14.5
6.862,-17.6
6.864,-13.4
6.866,-7.72
6.868,-4.28
6.87,-4.54
6.872,-10
6.874,-20
6.876,-32.9
6.878,-47.5
6.88,-56.4
6.882,-59.3
6.884,-54.7
6.886,-48.2
6.888,-42.9
6.89,-40.3
6.892,-40.9
6.894,-44.8
6.896,-50.3
6.898,-56.3
6.9,-55.8
6.902,-47.7
6.904,-32.4
6.906,-15.1
6.908,0.941
6.91,13.4
6.912,19.9
6.914,20
6.916,15.3
6.918,6.04
6.92,0.877
6.922,2.15
6.924,9.16
6.926,17.8
6.928,24.2
6.93,26
6.932,25.2
6.934,19.4
6.936,10.8
6.938,0.622
6.94,-3.65
6.942,-2.88
6.944,5.85
6.946,16.1
6.948,23.9
6.95,28.7
6.952,28.5
6.954,23
6.956,15
6.958,4.38
6.96,-0.843
6.962,0.622
6.964,8.33
6.966,18
6.968,25.5
6.97,29.5
6.972,28.9
6.974,23.4
6.976,15.7
6.978,5.59
6.98,0.495
6.982,1.07
6.984,9.1
6.986,19.2
6.988,26.4
6.99,30.8
6.992,30.6
6.994,25.2
6.996,17.1
6.998,6.36
7,1.51
7.002,2.15
7.004,10.1
7.006,19.9
7.008,27.8
7.01,31.9
7.012,31.4
7.014,25.9
7.016,17.4
7.018,6.8
7.02,1.51
7.022,2.28
7.024,10.1
7.026,19.9
7.028,27.5
7.03,31.8
7.032,31.3
7.034,25.7
7.036,17.4
7.038,6.36
7.04,1.2
7.042,2.34
7.044,10.1
7.046,20.2
7.048,27.6
7.05,31.4
7.052,31.2
7.054,25.5
7.056,18
7.058,6.93
7.06,0.813
7.062,2.02
7.064,9.92
7.066,20
7.068,27.6
7.07,31.1
7.072,31.2
7.074,25.9
7.076,18
7.078,7.38
7.08,2.34
7.082,3.36
7.084,10.4
7.086,20.8
7.088,28.6
7.09,32.4
7.092,32.4
7.094,26.9
7.096,19.5
7.098,8.9
7.1,3.62
7.102,4.57
7.104,11.8
7.106,21.3
7.108,29.3
7.11,32.9
7.112,32.3
7.114,27.3
7.116,19.9
7.118,9.67
7.12,4.32
7.122,4.83
7.124,12.4
7.126,21.6
7.128,29.1
7.13,32.8
7.132,32.5
7.134,27.4
7.136,19.6
7.138,9.61
7.14,4.51
7.142,5.72
7.144,13.4
7.146,22.8
7.148,30.2
7.15,33.3
7.152,33.5
7.154,27.8
7.156,20.2
7.158,10.1
7.16,5.15
7.162,5.85
7.164,13.1
7.166,22
7.168,29.3
7.17,32
7.172,32.5
7.174,27.3
7.176,19.1
7.178,8.65
7.18,2.72
7.182,2.79
7.184,10.7
7.186,20.2
7.188,28.3
7.19,31.5
7.192,32
7.194,26.4
7.196,17.5
7.198,6.87
7.2,0.622
7.202,1.32
7.204,9.29
7.206,18.3
7.208,26.6
7.21,29.4
7.212,29.7
7.214,24.3
7.216,16
7.218,6.1
7.22,0.113
7.222,-0.206
7.224,6.87
7.226,15.7
7.228,22.7
7.23,25.4
7.232,25
7.234,19
7.236,9.86
7.238,-1.29
7.24,-7.41
7.242,-9.25
7.244,-2.69
7.246,4.95
7.248,10.8
7.25,12.9
7.252,10.2
7.254,2.34
7.256,-8.87
7.258,-22.5
7.26,-32.1
7.262,-36.5
7.264,-32.8
7.266,-27.7
7.268,-24.5
7.27,-25.1
7.272,-29.9
7.274,-40
7.276,-52.6
7.278,-66.8
7.28,-75.5
7.282,-77.1
7.284,-70
7.286,-59.8
7.288,-49.4
7.29,-40.9
7.292,-34
7.294,-30.5
7.296,-28.7
7.298,-28
7.3,-22.9
7.302,-14.8
7.304,-2.18
7.306,7.44
7.308,11.1
7.31,7.06
7.312,-4.92
7.314,-24.2
7.316,-46.1
7.318,-66.9
7.32,-78
7.322,-78.4
7.324,-69.8
7.326,-57.8
7.328,-46.8
7.33,-39.5
7.332,-36.4
7.334,-38.4
7.336,-43.7
7.338,-52.3
7.34,-56.8
7.342,-56.7
7.344,-50.2
7.346,-42.1
7.348,-36.2
7.35,-34
7.352,-35.1
7.354,-40.8
7.356,-48.5
7.358,-58.6
7.36,-64.7
7.362,-65.8
7.364,-59.8
7.366,-51.7
7.368,-45.1
7.37,-42.5
7.372,-43.5
7.374,-47.7
7.376,-54.2
7.378,-63
7.38,-67.7
7.382,-67.5
7.384,-60.5
7.386,-51.6
7.388,-44.2
7.39,-40.5
7.392,-40.8
7.394,-45.3
7.396,-52.4
7.398,-61.8
7.4,-66.7
7.402,-66.6
7.404,-59.7
7.406,-51.2
7.408,-44
7.41,-40.8
7.412,-39.7
7.414,-44.8
7.416,-51.2
7.418,-60
7.42,-64.9
7.422,-65.2
7.424,-58.7
7.426,-50.2
7.428,-43.7
7.43,-39.3
7.432,-39.2
7.434,-43.8
7.436,-50.5
7.438,-59.8
7.44,-65
7.442,-65.1
7.444,-58.6
7.446,-50
7.448,-42.8
7.45,-38.9
7.452,-38.4
7.454,-42.7
7.456,-49.7
7.458,-58.8
7.46,-63.8
7.462,-64
7.464,-57.6
7.466,-48.5
7.468,-41.5
7.47,-37.4
7.472,-36.9
7.474,-40.9
7.476,-47.7
7.478,-57.2
7.48,-62.2
7.482,-62.1
7.484,-54.9
7.486,-45.8
7.488,-38.6
7.49,-34
7.492,-33
7.494,-35.4
7.496,-40.6
7.498,-48.4
7.5,-51.9
7.502,-49.5
7.504,-40.7
7.506,-29.5
7.508,-20
7.51,-13.5
7.512,-9.19
7.514,-9.95
7.516,-13.1
7.518,-18.4
7.52,-20.5
7.522,-16.4
7.524,-6.64
7.526,5.4
7.528,15.3
7.53,22.5
7.532,26.4
7.534,24.3
7.536,20.2
7.538,12.5
7.54,8.4
7.542,9.1
7.544,16
7.546,24.6
7.548,31.8
7.55,35
7.552,35
7.554,29.5
7.556,22
7.558,11.3
7.56,4.51
7.562,2.34
7.564,7.5
7.566,15
7.568,20.4
7.57,22
7.572,21.2
7.574,14.8
7.576,6.04
7.578,-5.3
7.58,-12.9
7.582,-15.7
7.584,-11
7.586,-4.35
7.588,0.75
7.59,2.92
7.592,1.26
7.594,-5.18
7.596,-14.3
7.598,-26
7.6,-34
7.602,-37
7.604,-32.8
7.606,-26.5
7.608,-21.6
7.61,-20.9
7.612,-22.9
7.614,-30.3
7.616,-39.9
7.618,-51.6
7.62,-59.6
7.622,-62.2
7.624,-56.8
7.626,-48.1
7.628,-39.6
7.63,-34.4
7.632,-30.9
7.634,-31.2
7.636,-32.4
7.638,-34.2
7.64,-32.1
7.642,-23.4
7.644,-8.36
7.646,8.97
7.648,22.9
7.65,31.5
7.652,33.6
7.654,28.1
7.656,21.5
7.658,11.6
7.66,5.02
7.662,4
7.664,8.4
7.666,16
7.668,22.8
7.67,25.8
7.672,25.5
7.674,20.8
7.676,13.6
7.678,4.7
7.68,-0.907
7.682,-0.206
7.684,6.99
7.686,16.6
7.688,25.9
7.69,30.9
7.692,32.9
7.694,30.1
7.696,24
7.698,15.1
7.7,9.29
7.702,8.84
7.704,14.6
7.706,22.7
7.708,29.5
7.71,33.2
7.712,33.8
7.714,29.2
7.716,23
7.718,14.4
7.72,8.84
7.722,8.46
7.724,14.5
7.726,22.8
7.728,30.4
7.73,33.5
7.732,33.8
7.734,30.1
7.736,23.4
7.738,14.8
7.74,9.41
7.742,9.1
7.744,14.8
7.746,22.5
7.748,30.2
7.75,33.8
7.752,34.4
7.754,31.3
7.756,24.6
7.758,16.4
7.76,11.3
7.762,10.1
7.764,16
7.766,23.5
7.768,30.6
7.77,34
7.772,34.7
7.774,30.9
7.776,24.3
7.778,16
7.78,10.5
7.782,9.92
7.784,15.8
7.786,23.5
7.788,30.2
7.79,33.9
7.792,34.4
7.794,30.8
7.796,24.1
7.798,15.8
7.8,10.6
7.802,9.67
7.804,15.6
7.806,23.2
7.808,30.1
7.81,33.9
7.812,34.2
7.814,30.6
7.816,24.2
7.818,15.3
7.82,9.86
7.822,9.1
7.824,15
7.826,22.7
7.828,29.5
7.83,33.1
7.832,33.4
7.834,28.6
7.836,20.4
7.838,14.6
7.84,9.29
7.842,7.95
7.844,13.9
7.846,22.1
7.848,28.4
7.85,32.6
7.852,33.2
7.854,29.2
7.856,22.7
7.858,13.7
7.86,8.08
7.862,6.93
7.864,12.5
7.866,20.4
7.868,27.1
7.87,31.1
7.872,31.3
7.874,28
7.876,21.8
7.878,13
7.88,7.44
7.882,6.48
7.884,11.8
7.886,19.6
7.888,26.2
7.89,30.2
7.892,30.9
7.894,27.1
7.896,20.6
7.898,11.4
7.9,6.17
7.902,5.21
7.904,10.5
7.906,18.5
7.908,25.4
7.91,29
7.912,29.7
7.914,25.9
7.916,19.1
7.918,10.1
7.92,4.32
7.922,3.23
7.924,8.71
7.926,17
7.928,24
7.93,27.7
7.932,28.8
7.934,25
7.936,18.7
7.938,10.1
7.94,4.19
7.942,3.36
7.944,7.95
7.946,15.7
7.948,22
7.95,25
7.952,25.2
7.954,20.9
7.956,13.2
7.958,4.06
7.96,-3.07
7.962,-5.37
7.964,-1.42
7.966,5.08
7.968,10.4
7.97,12.1
7.972,10.5
7.974,4
7.976,-5.88
7.978,-18.2
7.98,-27.4
7.982,-32.8
7.984,-32.3
7.986,-29.5
7.988,-27.5
7.99,-28.7
7.992,-32.4
7.994,-40.5
7.996,-50.5
7.998,-61.9
8,-69.5
8.002,-71.1
8.004,-64.7
8.006,-54.1
8.008,-41.9
8.01,-31.3
8.012,-22.1
8.014,-16.5
8.016,-13
8.018,-12.1
8.02,-11
8.022,-6.64
8.024,1.83
8.026,9.03
8.028,11.5
8.03,6.17
8.032,-4.73
8.034,-20.8
8.036,-40.7
8.038,-59.1
8.04,-70.8
8.042,-73
8.044,-66
8.046,-54.9
8.048,-44.7
8.05,-37.5
8.052,-34
8.054,-34.9
8.056,-39.6
8.058,-46.4
8.06,-50.9
8.062,-51.9
8.064,-46.6
8.066,-39.8
8.068,-33.2
8.07,-29.8
8.072,-30
8.074,-34
8.076,-41.4
8.078,-50.7
8.08,-56.1
8.082,-57.3
8.084,-52.6
8.086,-45.8
8.088,-39.5
8.09,-36.4
8.092,-37
8.094,-40.7
8.096,-47.7
8.098,-56.5
8.1,-63
8.102,-64.2
8.104,-58.8
8.106,-51
8.108,-44.3
8.11,-40
8.112,-38.8
8.114,-41.7
8.116,-47.4
8.118,-55.6
8.12,-60.9
8.122,-62.3
8.124,-57.2
8.126,-50.2
8.128,-43.5
8.13,-39.7
8.132,-38.9
8.134,-41.4
8.136,-47
8.138,-54.8
8.14,-59.6
8.142,-60.5
8.144,-55.3
8.146,-48.1
8.148,-41.7
8.15,-37.5
8.152,-36.4
8.154,-39.1
8.156,-44.8
8.158,-52.8
8.16,-58
8.162,-58.8
8.164,-54.7
8.166,-46.8
8.168,-40.4
8.17,-36.1
8.172,-35.5
8.174,-38.6
8.176,-44.2
8.178,-52.5
8.18,-57.9
8.182,-59.5
8.184,-54.6
8.186,-47
8.188,-40.5
8.19,-36.2
8.192,-35.4
8.194,-39.3
8.196,-44.6
8.198,-53.3
8.2,-58.5
8.202,-60.1
8.204,-56.1
8.206,-48.6
8.208,-42.3
8.21,-38.2
8.212,-37.3
8.214,-40.3
8.216,-46.1
8.218,-54.5
8.22,-59.7
8.222,-60.9
8.224,-57
8.226,-48.9
8.228,-42.3
8.23,-37.9
8.232,-36.8
8.234,-39.5
8.236,-45.1
8.238,-53.1
8.24,-58.4
8.242,-59.4
8.244,-54.2
8.246,-46.1
8.248,-38.8
8.25,-34.5
8.252,-33
8.254,-35.1
8.256,-40.3
8.258,-48.3
8.26,-53.4
8.262,-54.2
8.264,-49.4
8.266,-40.9
8.268,-33.5
8.27,-28.7
8.272,-27.1
8.274,-29.4
8.276,-33.8
8.278,-40.7
8.28,-44.6
8.282,-43.8
8.284,-37.3
8.286,-26.6
8.288,-16.9
8.29,-10.1
8.292,-5.49
8.294,-4.98
8.296,-7.41
8.298,-11.2
8.3,-13.1
8.302,-9.89
8.304,-1.74
8.306,8.78
8.308,19
8.31,25.9
8.312,29.6
8.314,28.6
8.316,24
8.318,17.1
8.32,11.6
8.322,9.8
8.324,12.5
8.326,18
8.328,21.5
8.33,20.8
8.332,16.9
8.334,8.46
8.336,-3.26
8.338,-17.4
8.34,-30.2
8.342,-38.3
8.344,-40.5
8.346,-38.8
8.348,-36.3
8.35,-35.3
8.352,-35.4
8.354,-37.2
8.356,-40.2
8.358,-42.6
8.36,-40.8
8.362,-33
8.364,-17.9
8.366,0.0488
8.368,16.8
8.37,28.7
8.372,33.7
8.374,31.7
8.376,25.5
8.378,17.4
8.38,10.6
8.382,7.18
8.384,9.54
8.386,14.8
8.388,19.9
8.39,22.3
8.392,22.1
8.394,18.5
8.396,12
8.398,4.13
8.4,-1.29
8.402,-2.31
8.404,2.98
8.406,11.1
8.408,19.4
8.41,24.8
8.412,27.6
8.414,26.6
8.416,21.9
8.418,15.7
8.42,10.9
8.422,9.41
8.424,13.6
8.426,20.9
8.428,27.6
8.43,31.6
8.432,32.4
8.434,30.4
8.436,24.1
8.438,16.4
8.44,10.8
8.442,9.22
8.444,14.2
8.446,22
8.448,28.8
8.45,33.2
8.452,34.7
8.454,32.8
8.456,27.6
8.458,20
8.46,14.3
8.462,12.3
8.464,16.6
8.466,24.3
8.468,30.8
8.47,35.3
8.472,36.2
8.474,33.6
8.476,27.9
8.478,19.7
8.48,13.7
8.482,11.7
8.484,15.3
8.486,23.6
8.488,30.6
8.49,35
8.492,36.8
8.494,33.7
8.496,27.1
8.498,18
8.5,11.5
8.502,10.1
8.504,14.3
8.506,22.7
8.508,30.2
8.51,35.1
8.512,36.6
8.514,33.8
8.516,28
8.518,19.2
8.52,12.2
8.522,10.3
8.524,14.3
8.526,22.6
8.528,29.8
8.53,34.2
8.532,35.6
8.534,32.1
8.536,26.6
8.538,17.5
8.54,10.9
8.542,9.35
8.544,13.2
8.546,21.5
8.548,28.7
8.55,32.9
8.552,34.5
8.554,31.9
8.556,25.7
8.558,17.5
8.56,11.3
8.562,9.41
8.564,13.9
8.566,21.2
8.568,28.5
8.57,32.8
8.572,33.9
8.574,30.2
8.576,20.5
8.578,14.1
8.58,7.06
8.582,4.13
8.584,9.92
8.586,22
8.588,28
8.59,32.2
8.592,33.5
8.594,28.7
8.596,23.1
8.598,15.8
8.6,9.16
8.602,7.69
8.604,12
8.606,19
8.608,26.4
8.61,30.6
8.612,31.8
8.614,29.9
8.616,23.6
8.618,15.8
8.62,9.1
8.622,6.93
8.624,11.1
8.626,18
8.628,25.3
8.63,29.6
8.632,30.7
8.634,28.1
8.636,22.2
8.638,14.6
8.64,7.69
8.642,5.72
8.644,9.29
8.646,16.4
8.648,23.5
8.65,27.7
8.652,28.6
8.654,25.9
8.656,19.5
8.658,11.8
8.66,5.08
8.662,2.53
8.664,5.72
8.666,11.8
8.668,17.8
8.67,21.2
8.672,21.2
8.674,18
8.676,10.8
8.678,1.51
8.68,-6.07
8.682,-10.1
8.684,-7.6
8.686,-2.75
8.688,1.77
8.69,3.49
8.692,1.83
8.694,-3.77
8.696,-12.8
8.698,-24.7
8.7,-35.1
8.702,-41.6
8.704,-42.1
8.706,-39.3
8.708,-36.5
8.71,-35.5
8.712,-37.5
8.714,-42.4
8.716,-50
8.718,-59.1
8.72,-65.2
8.722,-65.8
8.724,-59.7
8.726,-47.5
8.728,-34
8.73,-21.4
8.732,-11.1
8.734,-4.54
8.736,-1.16
8.738,-1.29
8.74,-1.8
8.742,0.495
8.744,4.76
8.746,9.73
8.748,10.4
8.75,5.02
8.752,-6.13
8.754,-21.5
8.756,-38.9
8.758,-55.6
8.76,-66.5
8.762,-68.7
8.764,-63
8.766,-53.3
8.768,-43
8.77,-34.8
8.772,-30.3
8.774,-30.2
8.776,-33.7
8.778,-39.2
8.78,-44.9
8.782,-46
8.784,-42.7
8.786,-37.2
8.788,-31.1
8.79,-28.2
8.792,-27.8
8.794,-31.2
8.796,-38.2
8.798,-46.4
8.8,-54
8.802,-56.5
8.804,-52.8
8.806,-46.7
8.808,-41.2
8.81,-37.7
8.812,-36.6
8.814,-38.9
8.816,-44.7
8.818,-52.4
8.82,-57.2
8.822,-58.2
8.824,-54.7
8.826,-48.8
8.828,-42.3
8.83,-38.2
8.832,-37.2
8.834,-38.6
8.836,-43.5
8.838,-49.9
8.84,-55.4
8.842,-57.3
8.844,-54.4
8.846,-48.3
8.848,-42.3
8.85,-38.4
8.852,-37.2
8.854,-38.5
8.856,-43.4
8.858,-49.8
8.86,-55.8
8.862,-57.4
8.864,-53.5
8.866,-47.8
8.868,-41.8
8.87,-37.5
8.872,-36.4
8.874,-37.9
8.876,-42.9
8.878,-49.6
8.88,-55.3
8.882,-57.5
8.884,-54.5
8.886,-48.2
8.888,-41.7
8.89,-37.2
8.892,-35.9
8.894,-38.1
8.896,-42.9
8.898,-49.8
8.9,-55.8
8.902,-57.8
8.904,-54.6
8.906,-48.2
8.908,-41.8
8.91,-37.1
8.912,-35.3
8.914,-37.4
8.916,-42.2
8.918,-49.4
8.92,-55.6
8.922,-57.4
8.924,-54.4
8.926,-47.4
8.928,-40.8
8.93,-36.3
8.932,-34.6
8.934,-36.4
8.936,-40.7
8.938,-47.8
8.94,-53.9
8.942,-55.4
8.944,-52.2
8.946,-44.9
8.948,-37.5
8.95,-32.5
8.952,-30.1
8.954,-30.7
8.956,-34.7
8.958,-40.9
8.96,-46.5
8.962,-47.4
8.964,-43.5
8.966,-36.3
8.968,-28.2
8.97,-22.9
8.972,-19.6
8.974,-19.6
8.976,-23
8.978,-28
8.98,-32.8
8.982,-32.5
8.984,-27.2
8.986,-18.7
8.988,-9.51
8.99,-2.44
8.992,2.09
8.994,3.68
8.996,1
8.998,-2.24
9,-5.69
9.002,-4.92
9.004,1.2
9.006,10.6
9.008,20.5
9.01,27.6
9.012,31.3
9.014,32
9.016,28.8
9.018,22.9
9.02,17.3
9.022,15.3
9.024,17.8
9.026,22.5
9.028,27.1
9.03,28.3
9.032,26.2
9.034,19.6
9.036,9.22
9.038,-3.52
9.04,-16.4
9.042,-25.6
9.044,-29.6
9.046,-30.7
9.048,-30
9.05,-30.7
9.052,-32.7
9.054,-35.6
9.056,-40.2
9.058,-45.2
9.06,-46.4
9.062,-41
9.064,-28.6
9.066,-11.7
9.068,5.53
9.07,20.4
9.072,29.6
9.074,32.8
9.076,29.7
9.078,22.5
9.08,16.4
9.082,12.5
9.084,14.1
9.086,18.5
9.088,23.2
9.09,26.4
9.092,26.5
9.094,23.6
9.096,18.4
9.098,11.1
9.1,5.02
9.102,3.43
9.104,6.87
9.106,14.7
9.108,22.2
9.11,28.7
9.112,31.8
9.114,32.4
9.116,29.4
9.118,23
9.12,16.8
9.122,14.6
9.124,16.9
9.126,23.4
9.128,30.1
9.13,35.2
9.132,36.9
9.134,35
9.136,30.1
9.138,23.4
9.14,16.9
9.142,15.3
9.144,17.7
9.146,24.1
9.148,31.5
9.15,36
9.152,38
9.154,36.5
9.156,31.3
9.158,24.5
9.16,17.3
9.162,14.8
9.164,17.6
9.166,24.8
9.168,32
9.17,37.1
9.172,39.1
9.174,38.1
9.176,33.1
9.178,26.5
9.18,19
9.182,16.4
9.184,19.3
9.186,25.7
9.188,33.2
9.19,38.3
9.192,39.9
9.194,38.8
9.196,33.7
9.198,25.7
9.2,19
9.202,15.9
9.204,18.5
9.206,24.8
9.208,31.9
9.21,37
9.212,38.1
9.214,37
9.216,31.9
9.218,24.3
9.22,17.3
9.222,14.2
9.224,16.6
9.226,23.6
9.228,30.3
9.23,35.8
9.232,37.4
9.234,35.9
9.236,30.9
9.238,23.2
9.24,16.2
9.242,13.7
9.244,16
9.246,23
9.248,30.1
9.25,35.1
9.252,37.4
9.254,35.8
9.256,30.9
9.258,23.8
9.26,16.9
9.262,14.6
9.264,16.2
9.266,23.2
9.268,29.9
9.27,34.2
9.272,36.4
9.274,34.6
9.276,29.4
9.278,22
9.28,14.1
9.282,11.7
9.284,13.9
9.286,20.8
9.288,28.8
9.29,34.9
9.292,36.7
9.294,35.2
9.296,30.2
9.298,22.7
9.3,15
9.302,12.5
9.304,14.8
9.306,21.1
9.308,29.1
9.31,33.6
9.312,35.7
9.314,34.3
9.316,29.4
9.318,22.3
9.32,13.8
9.322,11.1
9.324,13.7
9.326,20.2
9.328,28
9.33,33.1
9.332,35
9.334,33.4
9.336,28.1
9.338,20.6
9.34,12.9
9.342,9.86
9.344,12.3
9.346,18.5
9.348,26.4
9.35,31.5
9.352,33.8
9.354,32.6
9.356,27.5
9.358,20.1
9.36,11.6
9.362,8.59
9.364,10.8
9.366,17.6
9.368,25.2
9.37,30.8
9.372,32.4
9.374,31
9.376,25.7
9.378,18
9.38,10.2
9.382,6.8
9.384,8.78
9.386,15.8
9.388,23.4
9.39,28.5
9.392,30.4
9.394,28.7
9.396,22.9
9.398,13.9
9.4,5.15
9.402,1.32
9.404,2.41
9.406,9.03
9.408,16
9.41,20.6
9.412,21.2
9.414,18.2
9.416,10.4
9.418,-0.333
9.42,-12.4
9.422,-19.6
9.424,-21.8
9.426,-17.6
9.428,-13.5
9.43,-10.9
9.432,-13.2
9.434,-19.9
9.436,-30.7
9.438,-43.5
9.44,-58
9.442,-64.1
9.444,-65.3
9.446,-57.4
9.448,-47.7
9.45,-39.2
9.452,-33.1
9.454,-28.9
9.456,-27.5
9.458,-26.5
9.46,-25.8
9.462,-18.9
9.464,-7.21
9.466,7.38
9.468,20.7
9.47,27.5
9.472,26.8
9.474,19.2
9.476,3.23
9.478,-17.2
9.48,-38.2
9.482,-53.6
9.484,-60.4
9.486,-57.3
9.488,-49.3
9.49,-41.4
9.492,-36.6
9.494,-34.4
9.496,-36.1
9.498,-39.8
9.5,-45.4
9.502,-46.4
9.504,-43
9.506,-35.6
9.508,-28
9.51,-22.1
9.512,-20.5
9.514,-21.1
9.516,-24.4
9.518,-30.5
9.52,-36.9
9.522,-38.9
9.524,-37.2
9.526,-30.4
9.528,-23.5
9.53,-19.3
9.532,-17
9.534,-18.4
9.536,-23.3
9.538,-30.8
9.54,-38.4
9.542,-41.9
9.544,-41
9.546,-36.2
9.548,-30.4
9.55,-27.2
9.552,-26.9
9.554,-29.3
9.556,-34.5
9.558,-41.2
9.56,-49.9
9.562,-52.9
9.564,-52.2
9.566,-47
9.568,-39.8
9.57,-34.3
9.572,-31.6
9.574,-32
9.576,-35.5
9.578,-41.5
9.58,-48.1
9.582,-50.9
9.584,-49.6
9.586,-43.8
9.588,-36.7
9.59,-32.2
9.592,-30
9.594,-30.7
9.596,-34.9
9.598,-41.2
9.6,-48.3
9.602,-51.6
9.604,-50
9.606,-44.6
9.608,-37.5
9.61,-32.8
9.612,-30.7
9.614,-31.7
9.616,-36.5
9.618,-42.6
9.62,-50.3
9.622,-53
9.624,-51.5
9.626,-45.4
9.628,-38
9.63,-32.8
9.632,-30.9
9.634,-31.5
9.636,-36.1
9.638,-42.1
9.64,-50.2
9.642,-53.3
9.644,-51.7
9.646,-45.4
9.648,-38.8
9.65,-33.3
9.652,-31.6
9.654,-32.6
9.656,-36.7
9.658,-43.1
9.66,-50.7
9.662,-53.5
9.664,-51.4
9.666,-44.1
9.668,-36.2
9.67,-29.6
9.672,-26.2
9.674,-25.6
9.676,-28.1
9.678,-33.1
9.68,-38.9
9.682,-39.5
9.684,-35.6
9.686,-25.8
9.688,-15.3
9.69,-6.19
9.692,0.113
9.694,4.06
9.696,4.57
9.698,2.85
9.7,-0.716
9.702,1.07
9.704,6.61
9.706,17.3
9.708,28.3
9.71,36.6
9.712,41.2
9.714,41.5
9.716,37.5
9.718,30.8
9.72,20.9
9.722,15.2
9.724,12.6
9.726,14.3
9.728,16.2
9.73,15.1
9.732,11.9
9.734,4.95
9.736,-6.58
9.738,-19
9.74,-33.5
9.742,-41.4
9.744,-43.8
9.746,-40.4
9.748,-33.5
9.75,-28.1
9.752,-23.9
9.754,-20.8
9.756,-20
9.758,-18.7
9.76,-18.9
9.762,-13.3
9.764,-2.88
9.766,12
9.768,26.9
9.77,37.5
9.772,42.8
9.774,43.1
9.776,37.8
9.778,31.2
9.78,22.5
9.782,17.8
9.784,17.9
9.786,22.9
9.788,29.5
9.79,34.2
9.792,35.9
9.794,35.1
9.796,30
9.798,23.4
9.8,15.6
9.802,12.4
9.804,14.2
9.806,21.6
9.808,29.6
9.81,36.4
9.812,39.5
9.814,39.8
9.816,36.2
9.818,30
9.82,21.6
9.822,17.8
9.824,18.8
9.826,25
9.828,32.1
9.83,38
9.832,40.4
9.834,39.2
9.836,35.2
9.838,28.3
9.84,20.1
9.842,16.8
9.844,18
9.846,24.5
9.848,32.5
9.85,37.9
9.852,40.6
9.854,40.1
9.856,35.8
9.858,29.5
9.86,21.1
9.862,17.8
9.864,18.9
9.866,25.2
9.868,32.6
9.87,38.1
9.872,40.8
9.874,40
9.876,35.7
9.878,29.7
9.88,21.5
9.882,18.4
9.884,19.3
9.886,25.2
9.888,32.5
9.89,38.3
9.892,40.9
9.894,40.7
9.896,36.1
9.898,29.8
9.9,22
9.902,18.5
9.904,19.5
9.906,25.6
9.908,32.7
9.91,37.9
9.912,40.1
9.914,40.1
9.916,35.5
9.918,29.6
9.92,21.6
9.922,17.9
9.924,18.7
9.926,23.9
9.928,30.9
9.93,36.8
9.932,38.8
9.934,38.5
9.936,34.1
9.938,28.1
9.94,20.3
9.942,16.5
9.944,17.4
9.946,23.3
9.948,30.4
9.95,35.9
9.952,38.3
9.954,38.1
9.956,34.5
9.958,28.1
9.96,20.5
9.962,16.9
9.964,17.8
9.966,23.7
9.968,30.9
9.97,36.7
9.972,39.2
9.974,38.8
9.976,34.6
9.978,28.5
9.98,19.9
9.982,16.5
9.984,16.9
9.986,22.8
9.988,29.9
9.99,35.6
9.992,38.7
9.994,38.1
9.996,34.5
9.998,28.6
10,20.9
10.002,17.3
10.004,17.4
10.006,23.7
10.008,31
10.01,36.2
10.012,39.1
10.014,38.3
10.016,34.3
10.018,28.1
10.02,19.9
10.022,16.3
10.024,16.6
10.026,22.6
10.028,30.1
10.03,35.3
10.032,38.1
10.034,38.4
10.036,34.1
10.038,28
10.04,19.6
10.042,15.6
10.044,16.9
10.046,22.7
10.048,29.9
10.05,35.5
10.052,37.8
10.054,37.8
10.056,33.2
10.058,27.2
10.06,19.8
10.062,15.4
10.064,16
10.066,21.6
10.068,28.6
10.07,34.1
10.072,36.7
10.074,36.3
10.076,31.5
10.078,25.3
10.08,17.4
10.082,13
10.084,13.7
10.086,18.9
10.088,25.6
10.09,31.2
10.092,33.2
10.094,33.2
10.096,28.8
10.098,22.2
10.1,13.2
10.102,8.46
10.104,7.57
10.106,13.3
10.108,19.3
10.11,24.3
10.112,25.6
10.114,23.4
10.116,17.9
10.118,9.1
10.12,-1.29
10.122,-8.11
10.124,-10.7
10.126,-8.04
10.128,-4.28
10.13,-1.54
10.132,-2.18
10.134,-6.39
10.136,-14.4
10.138,-25.6
10.14,-38.6
10.142,-47.4
10.144,-51.2
10.146,-48.6
10.148,-44.1
10.15,-40.9
10.152,-39.5
10.154,-40.9
10.156,-44.9
10.158,-49.6
10.16,-55.4
10.162,-54.7
10.164,-47.9
10.166,-33.4
10.168,-15.8
10.17,0.559
10.172,13.3
10.174,21.5
10.176,22.3
10.178,17.3
10.18,6.04
10.182,-5.88
10.184,-16.4
10.186,-23.8
10.188,-30
10.19,-36.3
10.192,-41.9
10.194,-44.5
10.196,-49
10.198,-52.9
10.2,-58.4
10.202,-59.9
10.204,-56.7
10.206,-47.9
10.208,-38.4
10.21,-30.6
10.212,-26.6
10.214,-25.9
10.216,-28.7
10.218,-34.4
10.22,-42.1
10.222,-46.1
10.224,-45.4
10.226,-39.3
10.228,-32.3
10.23,-26.6
10.232,-24.2
10.234,-24.2
10.236,-28.1
10.238,-34.5
10.24,-42.4
10.242,-47.6
10.244,-47.5
10.246,-42.9
10.248,-36.6
10.25,-31.4
10.252,-29.1
10.254,-31.3
10.256,-35.2
10.258,-42.9
10.26,-51.6
10.262,-56.1
10.264,-57.1
10.266,-51.8
10.268,-45.4
10.27,-40.5
10.272,-36.4
10.274,-35.5
10.276,-38.5
10.278,-43.8
10.28,-51.7
10.282,-55.4
10.284,-55.2
10.286,-49.7
10.288,-42.6
10.29,-37
10.292,-33.7
10.294,-33.4
10.296,-37.3
10.298,-43.2
10.3,-52.1
10.302,-56
10.304,-56.3
10.306,-47.5
10.308,-42.4
10.31,-36.3
10.312,-32.6
10.314,-33
10.316,-36.6
10.318,-42.4
10.32,-50.8
10.322,-55.8
10.324,-55.6
10.326,-50.1
10.328,-41.5
10.33,-35.3
10.332,-31.6
10.334,-31.3
10.336,-35
10.338,-41.3
10.34,-49.5
10.342,-54.6
10.344,-54.6
10.346,-48.2
10.348,-40.9
10.35,-33.8
10.352,-30.2
10.354,-29.8
10.356,-33.3
10.358,-39.3
10.36,-47.5
10.362,-51.6
10.364,-51.2
10.366,-44
10.368,-35
10.37,-26.5
10.372,-22.1
10.374,-19.4
10.376,-21.2
10.378,-25.1
10.38,-32
10.382,-38.6
10.384,-36.9
10.386,-25.5
10.388,-11.4
10.39,1.39
10.392,9.29
10.394,11.9
10.396,7.82
10.398,14.3
10.4,10.4
10.402,8.59
10.404,11.1
10.406,21.5
10.408,33.7
10.41,34.8
10.412,39.7
10.414,36.7
10.416,26.8
10.418,13.7
10.42,-3.58
10.422,-16.3
10.424,-20.2
10.426,-28.6
10.428,-26.6
10.43,-28.6
10.432,-29.1
10.434,-31.6
10.436,-36.7
10.438,-41.6
10.44,-46
10.442,-44.8
10.444,-37.6
10.446,-23.3
10.448,-6.07
10.45,9.35
10.452,21.1
10.454,29.1
10.456,30.6
10.458,28
10.46,20.2
10.462,14.4
10.464,14.3
10.466,19.4
10.468,26.3
10.47,32.2
10.472,35.4
10.474,33.9
10.476,28.5
10.478,20.9
10.48,11.8
10.482,5.4
10.484,4.64
10.486,10.1
10.488,17.5
10.49,23.9
10.492,27.4
10.494,28.1
10.496,24.5
10.498,18.5
10.5,10.6
10.502,5.53
10.504,5.4
10.506,12
10.508,20.1
10.51,27.6
10.512,31.9
10.514,32.7
10.516,30.1
10.518,24
10.52,16.4
10.522,11.2
10.524,10.8
10.526,16.6
10.528,24.3
10.53,30.7
10.532,34.5
10.534,34.9
10.536,31.8
10.538,25.9
10.54,17.1
10.542,11.8
10.544,10.4
10.546,16
10.548,24.3
10.55,31.1
10.552,36
10.554,36.2
10.556,32.7
10.558,26.3
10.56,17.3
10.562,11.7
10.564,11.8
10.566,17.4
10.568,25.7
10.57,32.5
10.572,36.6
10.574,37.6
10.576,33.2
10.578,27.2
10.58,18.2
10.582,12.2
10.584,12
10.586,18.1
10.588,27
10.59,35
10.592,39.4
10.594,40.6
10.596,36.7
10.598,29.4
10.6,20.2
10.602,14.3
10.604,13.8
10.606,19.8
10.608,28
10.61,35.5
10.612,39
10.614,39.9
10.616,35.8
10.618,29
10.62,20.1
10.622,13.8
10.624,12.5
10.626,18.7
10.628,26.3
10.63,33.6
10.632,37.3
10.634,37.8
10.636,33.6
10.638,26.9
10.64,18
10.642,12.5
10.644,11.8
10.646,18
10.648,25.7
10.65,32.5
10.652,36.7
10.654,37.1
10.656,33.9
10.658,27.6
10.66,19
10.662,13.9
10.664,12.6
10.666,18.1
10.668,26.6
10.67,33.1
10.672,37.3
10.674,37.9
10.676,34.8
10.678,29.2
10.68,20.8
10.682,15.6
10.684,14.6
10.686,19.9
10.688,27.5
10.69,34.1
10.692,37.7
10.694,38.6
10.696,35.4
10.698,30.1
10.7,21.6
10.702,16.2
10.704,15.4
10.706,20.4
10.708,27.8
10.71,34.4
10.712,38.3
10.714,39.2
10.716,35.8
10.718,29.6
10.72,21.5
10.722,16.2
10.724,15.3
10.726,20.3
10.728,27.6
10.73,33.9
10.732,37.5
10.734,38.5
10.736,35.3
10.738,29
10.74,21.1
10.742,15.8
10.744,15
10.746,20
10.748,27.4
10.75,34.3
10.752,37.8
10.754,38.3
10.756,35.2
10.758,28.9
10.76,21
10.762,15.8
10.764,14.4
10.766,19.9
10.768,26.7
10.77,32.9
10.772,37.4
10.774,37.6
10.776,34.5
10.778,28.7
10.78,20.1
10.782,15.1
10.784,14.2
10.786,18.6
10.788,26
10.79,32.1
10.792,35.7
10.794,36.6
10.796,33.1
10.798,27.3
10.8,18.7
10.802,13.9
10.804,12.7
10.806,16.7
10.808,23.7
10.81,29
10.812,32.2
10.814,31.9
10.816,28
10.818,22.2
10.82,13.5
10.822,7.25
10.824,5.27
10.826,8.46
10.828,13.7
10.83,18
10.832,19.9
10.834,18.5
10.836,13.4
10.838,4.76
10.84,-5.3
10.842,-13.9
10.844,-18.2
10.846,-16.7
10.848,-14.5
10.85,-12.4
10.852,-13.7
10.854,-17.9
10.856,-24.8
10.858,-35.1
10.86,-46.3
10.862,-55.3
10.864,-59.3
10.866,-57
10.868,-51.3
10.87,-45
10.872,-39.3
10.874,-35
10.876,-32.5
10.878,-30.7
10.88,-29.3
10.882,-24.5
10.884,-15.7
10.886,-1.54
10.888,13.2
10.89,23.9
10.892,29.4
10.894,28.5
10.896,19.9
10.898,5.15
10.9,-14.7
10.902,-33.1
10.904,-47.2
10.906,-52.8
10.908,-52.1
10.91,-47.2
10.912,-43
10.914,-39
10.916,-38.6
10.918,-39.9
10.92,-43.6
10.922,-45.9
10.924,-44
10.926,-38
10.928,-29.8
10.93,-23.1
10.932,-19.4
10.934,-18
10.936,-20.7
10.938,-26.2
10.94,-34.2
10.942,-40.3
10.944,-42.8
10.946,-40.3
10.948,-36.1
10.95,-31.9
10.952,-30.8
10.954,-32.1
10.956,-37.1
10.958,-44.2
10.96,-51.9
10.962,-56.8
10.964,-58.3
10.966,-54
10.968,-47.1
10.97,-40.3
10.972,-36.2
10.974,-34.5
10.976,-37.3
10.978,-42
10.98,-49.4
10.982,-54.8
10.984,-56.1
10.986,-52.8
10.988,-46.6
10.99,-40.3
10.992,-36.4
10.994,-35.6
10.996,-37.8
10.998,-43.3
11,-50.5
11.002,-55.9
11.004,-57.5
11.006,-53.3
11.008,-46.8
11.01,-40.5
11.012,-36.2
11.014,-35.3
11.016,-38.1
11.018,-43.5
11.02,-51
11.022,-56.4
11.024,-58.2
11.026,-53.6
11.028,-46.3
11.03,-39.8
11.032,-35.4
11.034,-34.6
11.036,-37.3
11.038,-42.7
11.04,-50.3
11.042,-56
11.044,-57.4
11.046,-53
11.048,-44.8
11.05,-38
11.052,-33.1
11.054,-31.8
11.056,-34.5
11.058,-40.8
11.06,-49.1
11.062,-55.1
11.064,-56.8
11.066,-52.3
11.068,-44.9
11.07,-37.4
11.072,-33.3
11.074,-32
11.076,-34.7
11.078,-41.1
11.08,-49.3
11.082,-55.6
11.084,-56.8
11.086,-52.8
11.088,-44.3
11.09,-36
11.092,-31.2
11.094,-28.6
11.096,-31.2
11.098,-36.5
11.1,-44.9
11.102,-51.9
11.104,-52.6
11.106,-46.8
11.108,-36.4
11.11,-26.2
11.112,-19.3
11.114,-14.9
11.116,-14.4
11.118,-17.9
11.12,-22.6
11.122,-25.6
11.124,-23.1
11.126,-14
11.128,-1.1
11.13,11.5
11.132,20.4
11.134,25.4
11.136,26.4
11.138,22.6
11.14,16
11.142,10.9
11.144,9.92
11.146,14.6
11.148,22
11.15,27.3
11.152,29.6
11.154,26.1
11.156,18.8
11.158,6.93
11.16,-8.62
11.162,-21.8
11.164,-31
11.166,-33.2
11.168,-31.7
11.17,-29.8
11.172,-29
11.174,-31.7
11.176,-36.8
11.178,-44.1
11.18,-51.9
11.182,-56.7
11.184,-54.9
11.186,-45.1
11.188,-30.1
11.19,-14.1
11.192,-0.971
11.194,9.16
11.196,15
11.198,16.5
11.2,13.9
11.202,10.7
11.204,11.2
11.206,15.2
11.208,23.5
11.21,30.9
11.212,35.5
11.214,35.9
11.216,32.4
11.218,24.8
11.22,15.6
11.222,7.57
11.224,5.4
11.226,9.41
11.228,17.4
11.23,26
11.232,30.9
11.234,33.2
11.236,31.3
11.238,25.2
11.24,17.7
11.242,11
11.244,9.54
11.246,13.8
11.248,21.6
11.25,29.1
11.252,33.4
11.254,35
11.256,32.1
11.258,26.1
11.26,18.1
11.262,11.5
11.264,9.67
11.266,15
11.268,22.3
11.27,30.4
11.272,35.3
11.274,36.9
11.276,35
11.278,29
11.28,20.8
11.282,15
11.284,13.4
11.286,17.4
11.288,25.5
11.29,32.7
11.292,37.9
11.294,39.2
11.296,36.6
11.298,30.9
11.3,22.8
11.302,16.3
11.304,14.6
11.306,18.1
11.308,26.2
11.31,33.6
11.312,38
11.314,39.6
11.316,37.2
11.318,31.5
11.32,23.4
11.322,16.5
11.324,14.5
11.326,18.3
11.328,26
11.33,33.7
11.332,38.6
11.334,40.6
11.336,38
11.338,32
11.34,24.1
11.342,17.7
11.344,15.5
11.346,19.8
11.348,27.2
11.35,34.8
11.352,39.4
11.354,40.5
11.356,38.4
11.358,32.8
11.36,25
11.362,18.3
11.364,16.5
11.366,19.9
11.368,27.1
11.37,33.9
11.372,38.8
11.374,40
11.376,37.6
11.378,31.5
11.38,23.4
11.382,16.4
11.384,14
11.386,17.3
11.388,25.2
11.39,32.4
11.392,37.4
11.394,38.5
11.396,36.3
11.398,30.8
11.4,23
11.402,16.4
11.404,14.4
11.406,17.9
11.408,25.7
11.41,32.7
11.412,37.6
11.414,39.1
11.416,37.1
11.418,31.6
11.42,23.4
11.422,16.6
11.424,14.4
11.426,17.9
11.428,25.6
11.43,32.9
11.432,37.6
11.434,39.3
11.436,37.3
11.438,31
11.44,23.4
11.442,16.6
11.444,14.7
11.446,18.1
11.448,25.6
11.45,32.9
11.452,37.6
11.454,39.3
11.456,36.9
11.458,30.9
11.46,23.4
11.462,15.9
11.464,13.9
11.466,17
11.468,24.5
11.47,31.6
11.472,36
11.474,37.4
11.476,35
11.478,28.7
11.48,21.6
11.482,14.9
11.484,13.2
11.486,16.7
11.488,23.7
11.49,31.2
11.492,36.1
11.494,37.4
11.496,35.8
11.498,30.2
11.5,22.5
11.502,15.8
11.504,13.6
11.506,16.5
11.508,23.7
11.51,30.6
11.512,35.9
11.514,37
11.516,34.5
11.518,29
11.52,20.7
11.522,14.1
11.524,11.8
11.526,14.8
11.528,21.8
11.53,28.3
11.532,33
11.534,34.6
11.536,32.4
11.538,26.8
11.54,18.3
11.542,11.3
11.544,9.41
11.546,12.2
11.548,18.8
11.55,25.9
11.552,30.4
11.554,31.7
11.556,28.5
11.558,22.4
11.56,13.9
11.562,6.04
11.564,3.04
11.566,5.21
11.568,10.9
11.57,16.9
11.572,20.4
11.574,19.9
11.576,16
11.578,7.82
11.58,-2.75
11.582,-13.1
11.584,-19.3
11.586,-20
11.588,-17
11.59,-13.7
11.592,-14.1
11.594,-17.5
11.596,-24.4
11.598,-35.6
11.6,-48.2
11.602,-59.5
11.604,-65.7
11.606,-65.1
11.608,-59.2
11.61,-51.8
11.612,-44.4
11.614,-39.1
11.616,-35.3
11.618,-33.8
11.62,-32.9
11.622,-29.9
11.624,-21.5
11.626,-8.42
11.628,7.31
11.63,20.2
11.632,26.6
11.634,25.3
11.636,17.4
11.638,0.75
11.64,-20.7
11.642,-42.3
11.644,-56.3
11.646,-62
11.648,-56.8
11.65,-50.3
11.652,-43.5
11.654,-39.3
11.656,-38.4
11.658,-40.9
11.66,-45.7
11.662,-51.4
11.664,-51.4
11.666,-47.4
11.668,-39.2
11.67,-31
11.672,-26.3
11.674,-24.9
11.676,-27.7
11.678,-34.5
11.68,-42.9
11.682,-51.5
11.684,-54.9
11.686,-53.9
11.688,-47.9
11.69,-41.4
11.692,-38.5
11.694,-37.2
11.696,-38.8
11.698,-43.5
11.7,-49.9
11.702,-57
11.704,-58.7
11.706,-55.3
11.708,-47.9
11.71,-40.4
11.712,-35.2
11.714,-34
11.716,-35.6
11.718,-42.1
11.72,-49.8
11.722,-56.3
11.724,-58.2
11.726,-54.9
11.728,-47.7
11.73,-40.7
11.732,-35.4
11.734,-33.9
11.736,-35.6
11.738,-40.9
11.74,-48.4
11.742,-55.1
11.744,-57.9
11.746,-55.1
11.748,-48.1
11.75,-40.5
11.752,-35.6
11.754,-33.7
11.756,-35.3
11.758,-40.4
11.76,-47.9
11.762,-55.3
11.764,-57.4
11.766,-55.1
11.768,-47.5
11.77,-40.3
11.772,-34.9
11.774,-33
11.776,-34.9
11.778,-39.6
11.78,-47.4
11.782,-55.3
11.784,-57.5
11.786,-55.1
11.788,-47.9
11.79,-40.1
11.792,-34.7
11.794,-32.1
11.796,-33.7
11.798,-39.2
11.8,-46.5
11.802,-54.7
11.804,-57.4
11.806,-54.7
11.808,-47.6
11.81,-39.5
11.812,-33.7
11.814,-31.3
11.816,-32.4
11.818,-37.2
11.82,-44.2
11.822,-50.7
11.824,-51.9
11.826,-47
11.828,-37.6
11.83,-26.5
11.832,-17.4
11.834,-11.4
11.836,-7.79
11.838,-7.72
11.84,-10
11.842,-10.8
11.844,-7.47
11.846,1.96
11.848,14.9
11.85,28.7
11.852,37.6
11.854,40.8
11.856,39
11.858,32.2
11.86,21.1
11.862,7.69
11.864,-2.31
11.866,-9.13
11.868,-11.8
11.87,-14.5
11.872,-19.1
11.874,-24.8
11.876,-31.6
11.878,-38.4
11.88,-44.6
11.882,-47.7
11.884,-41.9
11.886,-28.6
11.888,-9.44
11.89,10.3
11.892,25.8
11.894,35.1
11.896,37
11.898,31.4
11.9,24.2
11.902,16
11.904,12.3
11.906,13
11.908,17.8
11.91,23.4
11.912,26
11.914,25.5
11.916,21.8
11.918,14.3
11.92,4.89
11.922,-5.69
11.924,-10.7
11.926,-10.4
11.928,-6.19
11.93,-0.525
11.932,3.17
11.934,3.55
11.936,1
11.938,-4.92
11.94,-13.6
11.942,-21.2
11.944,-24
11.946,-21.9
11.948,-15.1
11.95,-8.04
11.952,-2.69
11.954,-0.907
11.956,-1.99
11.958,-6.83
11.96,-13.6
11.962,-20.5
11.964,-22
11.966,-18.9
11.968,-10.7
11.97,-1.99
11.972,5.02
11.974,9.22
11.976,10.2
11.978,7.82
11.98,3.55
11.982,-1.48
11.984,-1.29
11.986,3.62
11.988,13
11.99,22.4
11.992,29.7
11.994,33.6
11.996,33.4
11.998,29.2
12,21.8
12.002,14.7
12.004,12.1
12.006,13.7
12.008,20.5
12.01,28.1
12.012,33.2
12.014,35.1
12.016,34.9
12.018,30.2
12.02,24
12.022,16.4
12.024,13.9
12.026,16.2
12.028,22.7
12.03,30.4
12.032,35.9
12.034,38.1
12.036,37.5
12.038,32.7
12.04,26.4
12.042,18.7
12.044,16
12.046,18.3
12.048,25
12.05,32.1
12.052,37.7
12.054,39.5
12.056,38.6
12.058,34.3
12.06,27.4
12.062,19.9
12.064,17.1
12.066,19.1
12.068,25.8
12.07,33.4
12.072,38.5
12.074,40.7
12.076,39.7
12.078,35
12.08,28.2
12.082,20.4
12.084,18
12.086,19.7
12.088,26.3
12.09,33.8
12.092,38.7
12.094,40.5
12.096,39.5
12.098,34.7
12.1,28.3
12.102,20.3
12.104,17.9
12.106,19.4
12.108,25.9
12.11,33.2
12.112,38.3
12.114,40.1
12.116,39.4
12.118,34.6
12.12,28
12.122,20.2
12.124,17.4
12.126,19.3
12.128,25.5
12.13,33.5
12.132,38.6
12.134,41.1
12.136,40.3
12.138,35.4
12.14,28.7
12.142,20.8
12.144,17.6
12.146,19.6
12.148,26.2
12.15,33.4
12.152,39.1
12.154,40.8
12.156,39.2
12.158,34.7
12.16,28
12.162,19.4
12.164,16
12.166,17.6
12.168,24.5
12.17,32.3
12.172,38
12.174,40.5
12.176,39.2
12.178,34.4
12.18,27.3
12.182,17.6
12.184,15.1
12.186,16.7
12.188,23.9
12.19,32.3
12.192,37.8
12.194,40.4
12.196,38.8
12.198,33.9
12.2,26.5
12.202,17.1
12.204,14.3
12.206,15.7
12.208,22.9
12.21,31.1
12.212,36.9
12.214,39.3
12.216,38.5
12.218,32.9
12.22,25.8
12.222,16.7
12.224,12.9
12.226,14.7
12.228,21.6
12.23,30.3
12.232,36.2
12.234,38.7
12.236,38.2
12.238,32.6
12.24,25
12.242,15.8
12.244,12
12.246,14.1
12.248,20.8
12.25,29.3
12.252,35.3
12.254,37.6
12.256,36.4
12.258,31
12.26,23.3
12.262,14.1
12.264,10.4
12.266,11.7
12.268,18.9
12.27,27.3
12.272,33.1
12.274,35.4
12.276,34.4
12.278,29
12.28,21.3
12.282,12.1
12.284,8.08
12.286,8.9
12.288,15.8
12.29,23.9
12.292,29.2
12.294,31.2
12.296,29.6
12.298,23.7
12.3,15.8
12.302,5.53
12.304,1.39
12.306,1.32
12.308,7.25
12.31,14.1
12.312,18.2
12.314,18.6
12.316,15.5
12.318,7.38
12.32,-3.33
12.322,-16.1
12.324,-23.8
12.326,-26.6
12.328,-24.4
12.33,-20.7
12.332,-19.7
12.334,-22.5
12.336,-27.7
12.338,-37.3
12.34,-48.3
12.342,-59.8
12.344,-65.1
12.346,-63.3
12.348,-54.4
12.35,-42.3
12.352,-29.9
12.354,-19.6
12.356,-11.3
12.358,-6
12.36,-3.58
12.362,-3.01
12.364,-0.779
12.366,4.51
12.368,12.7
12.37,18.4
12.372,18.8
12.374,11.7
12.376,-1.8
12.378,-20.7
12.38,-40.7
12.382,-58.8
12.384,-66
12.386,-64.4
12.388,-54.3
12.39,-42.4
12.392,-32.1
12.394,-25.4
12.396,-22.9
12.398,-24.7
12.4,-29.5
12.402,-37.4
12.404,-39.5
12.406,-37
12.408,-29.4
12.41,-20.5
12.412,-14.7
12.414,-11.9
12.416,-13.5
12.418,-20.3
12.42,-29
12.422,-40.1
12.424,-46.4
12.426,-46.8
12.428,-41.8
12.43,-35.4
12.432,-31.1
12.434,-29.8
12.436,-30.5
12.438,-35.6
12.44,-42.5
12.442,-52
12.444,-56.7
12.446,-55.6
12.448,-48.7
12.45,-40.2
12.452,-33.3
12.454,-30.9
12.456,-31.2
12.458,-35.8
12.46,-42.5
12.462,-50.6
12.464,-54.4
12.466,-53.3
12.468,-46.7
12.47,-39.1
12.472,-33.8
12.474,-30.8
12.476,-31.8
12.478,-36.5
12.48,-43.7
12.482,-52.5
12.484,-55.6
12.486,-54.7
12.488,-47.5
12.49,-39.9
12.492,-33.9
12.494,-31.6
12.496,-32.2
12.498,-36.8
12.5,-43.1
12.502,-51.7
12.504,-55.4
12.506,-54.6
12.508,-48.1
12.51,-40
12.512,-34.2
12.514,-31.4
12.516,-31.9
12.518,-36.6
12.52,-43.1
12.522,-52
12.524,-56.3
12.526,-55.1
12.528,-48.7
12.53,-40.2
12.532,-33.7
12.534,-31.4
12.536,-31.6
12.538,-36.3
12.54,-43
12.542,-51.2
12.544,-55.3
12.546,-54.4
12.548,-47.1
12.55,-38.2
12.552,-31.8
12.554,-28.2
12.556,-27.1
12.558,-30.8
12.56,-36.1
12.562,-42.5
12.564,-44.6
12.566,-40.8
12.568,-30.7
12.57,-18.8
12.572,-8.36
12.574,-0.461
12.576,4.38
12.578,5.02
12.58,3.17
12.582,-0.0786
12.584,1.26
12.586,6.61
12.588,17.4
12.59,28.1
12.592,36.1
12.594,39.3
12.596,37.4
12.598,30
12.6,18
12.602,2.22
12.604,-10.1
12.606,-18.7
12.608,-22.3
12.61,-23.3
12.612,-24.9
12.614,-27.2
12.616,-29.9
12.618,-34.5
12.62,-37.9
12.622,-40.7
12.624,-35.8
12.626,-24.9
12.628,-7.21
12.63,11.8
12.632,27.3
12.634,36.9
12.636,40.8
12.638,36.2
12.64,29.1
12.642,20.5
12.644,15.5
12.646,15.3
12.648,20.3
12.65,26.4
12.652,31.3
12.654,32.5
12.656,30.6
12.658,25.2
12.66,17
12.662,7.76
12.664,2.53
12.666,2.53
12.668,9.16
12.67,16.2
12.672,22.7
12.674,25.6
12.676,25.3
12.678,21.1
12.68,14.4
12.682,6.29
12.684,2.98
12.686,3.94
12.688,11.5
12.69,20.3
12.692,27.1
12.694,30.9
12.696,32
12.698,28.1
12.7,22.3
12.702,14.3
12.704,11.1
12.706,12.5
12.708,19.4
12.71,27.8
12.712,34.1
12.714,37
12.716,36.9
12.718,32.4
12.72,26
12.722,17.3
12.724,12.7
12.726,13.4
12.728,19.5
12.73,27.6
12.732,33.7
12.734,36.6
12.736,36.5
12.738,32.3
12.74,25.6
12.742,17.6
12.744,13.4
12.746,13.7
12.748,19.7
12.75,27
12.752,33.5
12.754,36.3
12.756,36.2
12.758,32.1
12.76,25.7
12.762,17.8
12.764,13.7
12.766,14.3
12.768,20.8
12.77,28.5
12.772,34.6
12.774,38.8
12.776,38.2
12.778,34.5
12.78,28.1
12.782,19.9
12.784,16
12.786,16.6
12.788,22.7
12.79,30.4
12.792,36.5
12.794,39.9
12.796,39.9
12.798,36.2
12.8,30.1
12.802,22
12.804,18.1
12.806,18.8
12.808,24.1
12.81,32
12.812,38
12.814,41
12.816,41.4
12.818,37.3
12.82,31.5
12.822,23.7
12.824,19.6
12.826,20.9
12.828,26
12.83,33.6
12.832,38.7
12.834,41.6
12.836,41.8
12.838,37.9
12.84,32.5
12.842,24.8
12.844,20.6
12.846,21.2
12.848,26.5
12.85,33.2
12.852,39.4
12.854,41.9
12.856,41.8
12.858,38.2
12.86,32.4
12.862,25
12.864,20.7
12.866,21.1
12.868,26.8
12.87,33.6
12.872,39.3
12.874,42.4
12.876,42.5
12.878,38.6
12.88,32.8
12.882,25.4
12.884,20.7
12.886,21
12.888,26.9
12.89,33.8
12.892,39.1
12.894,41.7
12.896,41.7
12.898,38.2
12.9,32.2
12.902,24.3
12.904,19.9
12.906,19.8
12.908,25.5
12.91,32.7
12.912,38.3
12.914,41.3
12.916,41.3
12.918,37.4
12.92,31.3
12.922,23.6
12.924,19.4
12.926,18.9
12.928,24.8
12.93,31.9
12.932,37.4
12.934,40.1
12.936,41.2
12.938,36.7
12.94,31
12.942,23.2
12.944,18.8
12.946,19.2
12.948,24.4
12.95,31.6
12.952,37.5
12.954,40.3
12.956,40.1
12.958,36.3
12.96,30.6
12.962,22.5
12.964,18.3
12.966,18.6
12.968,24.1
12.97,30.9
12.972,36.9
12.974,39.7
12.976,39.7
12.978,36.2
12.98,30.2
12.982,22.9
12.984,18.7
12.986,17.9
12.988,23.6
12.99,30.2
12.992,36.2
12.994,39.4
12.996,39.6
12.998,36
13,30.1
13.002,22
13.004,17.9
13.006,17.6
13.008,22.7
13.01,29.9
13.012,35.3
13.014,38.4
13.016,38.2
13.018,34.1
13.02,28.2
13.022,20.1
13.024,15.3
13.026,15
13.028,20
13.03,26.7
13.032,31.9
13.034,34.5
13.036,34.1
13.038,29.7
13.04,23.2
13.042,14.3
13.044,8.71
13.046,7.57
13.048,11.7
13.05,17.6
13.052,22.2
13.054,23.4
13.056,22.5
13.058,16.5
13.06,7.57
13.062,-3.26
13.064,-11.3
13.066,-15
13.068,-12.6
13.07,-9.38
13.072,-6.7
13.074,-8.36
13.076,-12.6
13.078,-21
13.08,-32.1
13.082,-44.5
13.084,-53.4
13.086,-57.2
13.088,-53.2
13.09,-46.8
13.092,-39.6
13.094,-34.1
13.096,-30.6
13.098,-29.4
13.1,-29.6
13.102,-30.7
13.104,-27.3
13.106,-18.9
13.108,-3.77
13.11,12.3
13.112,25
13.114,31.7
13.116,31.7
13.118,24.3
13.12,10.9
13.122,-7.6
13.124,-24.4
13.126,-38
13.128,-43.6
13.13,-44.2
13.132,-42.8
13.134,-40.7
13.136,-38.9
13.138,-41.2
13.14,-44.9
13.142,-50.7
13.144,-52.9
13.146,-50.4
13.148,-42
13.15,-32.2
13.152,-23.5
13.154,-19.2
13.156,-18.2
13.158,-21.9
13.16,-28.6
13.162,-38.2
13.164,-43.2
13.166,-42.8
13.168,-36.2
13.17,-27.9
13.172,-21.1
13.174,-18
13.176,-19.1
13.178,-23.6
13.18,-31.9
13.182,-42.4
13.184,-49
13.186,-50.5
13.188,-45.6
13.19,-38.9
13.192,-33.7
13.194,-31.4
13.196,-32
13.198,-37.2
13.2,-44.5
13.202,-54.1
13.204,-59.7
13.206,-59.4
13.208,-53
13.21,-44.3
13.212,-36.6
13.214,-32.5
13.216,-30.9
13.218,-34.7
13.22,-40.8
13.222,-49.3
13.224,-54.6
13.226,-54.6
13.228,-49.3
13.23,-41
13.232,-34.4
13.234,-30.9
13.236,-30.3
13.238,-34.7
13.24,-41.9
13.242,-51.1
13.244,-56.8
13.246,-57.5
13.248,-51.9
13.25,-44
13.252,-36.8
13.254,-33.3
13.256,-33
13.258,-36.6
13.26,-43.8
13.262,-52.4
13.264,-58.1
13.266,-58.8
13.268,-52.8
13.27,-44.4
13.272,-37.3
13.274,-33.1
13.276,-32.4
13.278,-36.1
13.28,-42.9
13.282,-51.8
13.284,-57.1
13.286,-57.5
13.288,-51
13.29,-42.6
13.292,-34.9
13.294,-30.8
13.296,-29.6
13.298,-32.7
13.3,-39
13.302,-47.4
13.304,-52.3
13.306,-52.2
13.308,-44.9
13.31,-34.7
13.312,-25.5
13.314,-18.7
13.316,-15.6
13.318,-16.8
13.32,-20.5
13.322,-26.4
13.324,-28.9
13.326,-25.9
13.328,-15.6
13.33,-2.24
13.332,9.86
13.334,18.7
13.336,24.2
13.338,24.1
13.34,20.9
13.342,14.5
13.344,10.9
13.346,11.3
13.348,18
13.35,25.9
13.352,32.4
13.354,33.9
13.356,30.7
13.358,22.3
13.36,9.35
13.362,-6.64
13.364,-20.6
13.366,-29.3
13.368,-31
13.37,-29.7
13.372,-27.9
13.374,-28
13.376,-30.1
13.378,-34.5
13.38,-40.8
13.382,-46.6
13.384,-47
13.386,-41
13.388,-26.5
13.39,-8.49
13.392,8.33
13.394,22
13.396,30.2
13.398,32.2
13.4,28.7
13.402,20.2
13.404,14.7
13.406,13.2
13.408,18
13.41,24.8
13.412,30.6
13.414,32.9
13.416,32.3
13.418,26.9
13.42,18.9
13.422,8.59
13.424,1.07
13.426,-1.16
13.428,3.43
13.43,10.9
13.432,17.4
13.434,21.6
13.436,22.1
13.438,18.3
13.44,11.9
13.442,2.98
13.444,-2.44
13.446,-3.33
13.448,3.36
13.45,13.3
13.452,22.5
13.454,28.3
13.456,31.2
13.458,29.4
13.46,23.7
13.462,15.7
13.464,10.6
13.466,10.3
13.468,16.6
13.47,25
13.472,32.9
13.474,37.1
13.476,38
13.478,34.1
13.48,26.8
13.482,17
13.484,10.8
13.486,9.92
13.488,16.4
13.49,26
13.492,33.9
13.494,38.9
13.496,39.3
13.498,34.6
13.5,29
13.502,20.1
13.504,14
13.506,13.2
13.508,18.7
13.51,27.3
13.512,34.9
13.514,39.2
13.516,40.4
13.518,37.1
13.52,30.9
13.522,21.8
13.524,15.7
13.526,14.9
13.528,20.3
13.53,28.7
13.532,36.4
13.534,40.8
13.536,41.7
13.538,38.5
13.54,31.8
13.542,22.7
13.544,16.9
13.546,15.4
13.548,21.3
13.55,29.4
13.552,37.1
13.554,40.9
13.556,41.5
13.558,38.5
13.56,31.8
13.562,23.6
13.564,18.1
13.566,17
13.568,22.3
13.57,30
13.572,36.6
13.574,41
13.576,41.5
13.578,38.8
13.58,32.6
13.582,24.6
13.584,19
13.586,17.8
13.588,22.7
13.59,30.3
13.592,36.9
13.594,41.4
13.596,42.1
13.598,39.2
13.6,33.4
13.602,25.1
13.604,19.4
13.606,18.4
13.608,23.2
13.61,30.8
13.612,37.8
13.614,41.6
13.616,42.7
13.618,39
13.62,33.2
13.622,25.1
13.624,19
13.626,17.9
13.628,22.5
13.63,29.9
13.632,36.7
13.634,40.7
13.636,41.6
13.638,38.7
13.64,32.2
13.642,23.9
13.644,18.1
13.646,16.2
13.648,21.8
13.65,29.1
13.652,36
13.654,40.5
13.656,41.7
13.658,38.3
13.66,32.3
13.662,24
13.664,17.8
13.666,16.4
13.668,21.3
13.67,28.9
13.672,35.9
13.674,40.2
13.676,41.1
13.678,37.8
13.68,31.8
13.682,23.5
13.684,17.7
13.686,16.1
13.688,20.5
13.69,28.5
13.692,35.5
13.694,39.7
13.696,41.1
13.698,37.6
13.7,31.8
13.702,23
13.704,17.3
13.706,15.8
13.708,20.5
13.71,28.3
13.712,35.3
13.714,39.5
13.716,40.6
13.718,37.4
13.72,31.1
13.722,23
13.724,16.2
13.726,14.8
13.728,19.4
13.73,26.7
13.732,33.7
13.734,37.4
13.736,38.3
13.738,35
13.74,28.2
13.742,19.8
13.744,12.6
13.746,10.8
13.748,15.1
13.75,22
13.752,28.6
13.754,32.1
13.756,32.4
13.758,28.7
13.76,21.3
13.762,12
13.764,5.02
13.766,2.15
13.768,5.72
13.77,11.5
13.772,16.5
13.774,19.4
13.776,18.3
13.778,13.6
13.78,5.34
13.782,-5.56
13.784,-14.2
13.786,-19.2
13.788,-18.3
13.79,-14.2
13.792,-11.5
13.794,-11.4
13.796,-14.4
13.798,-22.3
13.8,-32
13.802,-44.1
13.804,-54
13.806,-58.2
13.808,-56.5
13.81,-49.9
13.812,-42.8
13.814,-37.5
13.816,-33.2
13.818,-31.6
13.82,-31.1
13.822,-30.9
13.824,-27.9
13.826,-19.7
13.828,-6.32
13.83,8.78
13.832,21.5
13.834,28
13.836,28.6
13.838,22
13.84,7.44
13.842,-11.7
13.844,-30.9
13.846,-45.6
13.848,-52.1
13.85,-51.7
13.852,-46.4
13.854,-41.4
13.856,-37.8
13.858,-37.1
13.86,-39.6
13.862,-43.8
13.864,-46.6
13.866,-45.7
13.868,-40.2
13.87,-31.4
13.872,-24
13.874,-18.7
13.876,-17.3
13.878,-19.6
13.88,-25.6
13.882,-33.8
13.884,-40.2
13.886,-43.1
13.888,-40.5
13.89,-34.8
13.892,-30
13.894,-27.5
13.896,-27.1
13.898,-30.7
13.9,-37.1
13.902,-46.1
13.904,-52.8
13.906,-55.3
13.908,-51.9
13.91,-45.1
13.912,-38.8
13.914,-35.9
13.916,-35.4
13.918,-38.8
13.92,-43.5
13.922,-50.9
13.924,-56.3
13.926,-57.3
13.928,-53.7
13.93,-46.4
13.932,-39.3
13.934,-34.9
13.936,-33.3
13.938,-35.4
13.94,-41.2
13.942,-48.5
13.944,-54.7
13.946,-56.3
13.948,-53.2
13.95,-45.6
13.952,-38.6
13.954,-34.4
13.956,-33.2
13.958,-35.7
13.96,-41.6
13.962,-49.5
13.964,-55.8
13.966,-57.4
13.968,-53.1
13.97,-46.1
13.972,-38.9
13.974,-34.3
13.976,-32.9
13.978,-34.8
13.98,-41
13.982,-48.9
13.984,-55.1
13.986,-56.8
13.988,-53.2
13.99,-45.3
13.992,-38
13.994,-33.2
13.996,-31.7
13.998,-34.5
14,-39.8
14.002,-47.9
14.004,-54.1
14.006,-55.6
14.008,-52
14.01,-44.2
14.012,-36.7
14.014,-32.3
14.016,-30.7
14.018,-33.1
14.02,-38.4
14.022,-45.9
14.024,-51.6
14.026,-52.8
14.028,-47.9
14.03,-40.2
14.032,-31.7
14.034,-26.5
14.036,-23.1
14.038,-23.7
14.04,-27.2
14.042,-32.4
14.044,-35.9
14.046,-34.4
14.048,-26.9
14.05,-16
14.052,-4.28
14.054,4.57
14.056,10.6
14.058,13.5
14.06,12.3
14.062,9.54
14.064,7.57
14.066,9.67
14.068,16.3
14.07,25.5
14.072,33.1
14.074,37.6
14.076,37.8
14.078,33.8
14.08,24.3
14.082,12.2
14.084,-0.588
14.086,-9.57
14.088,-13.6
14.09,-14.3
14.092,-15.5
14.094,-17.9
14.096,-22.6
14.098,-29.6
14.1,-37.9
14.102,-46.7
14.104,-51.9
14.106,-50.7
14.108,-42
14.11,-27.4
14.112,-11.9
14.114,2.15
14.116,13.6
14.118,20.7
14.12,22.9
14.122,20.9
14.124,17.9
14.126,16.6
14.128,19.2
14.13,25.6
14.132,31.6
14.134,34.7
14.136,34.6
14.138,31.3
14.14,24.8
14.142,16
14.144,8.59
14.146,6.04
14.148,9.03
14.15,15.2
14.152,22.3
14.154,26.6
14.156,28.3
14.158,27.4
14.16,22.3
14.162,16.2
14.164,11
14.166,10.3
14.168,14.7
14.17,22.5
14.172,29.3
14.174,34.6
14.176,35.9
14.178,33.5
14.18,28.3
14.182,20.9
14.184,14.6
14.186,12.9
14.188,15.8
14.19,22.8
14.192,29.2
14.194,33.7
14.196,35
14.198,33.5
14.2,28
14.202,20.4
14.204,14.3
14.206,12.4
14.208,15.5
14.21,22.5
14.212,29.5
14.214,34.5
14.216,36.5
14.218,34.6
14.22,29.7
14.222,22.7
14.224,16.6
14.226,14.8
14.228,18.3
14.23,25.3
14.232,32
14.234,36.8
14.236,38.1
14.238,36.7
14.24,31.8
14.242,24.6
14.244,18.8
14.246,16.8
14.248,20.1
14.25,27
14.252,33.9
14.254,38.4
14.256,39.8
14.258,37.9
14.26,33.1
14.262,25.6
14.264,19.5
14.266,17.9
14.268,20.4
14.27,27.6
14.272,34.3
14.274,38.7
14.276,40.3
14.278,38.7
14.28,33.7
14.282,26.4
14.284,19.7
14.286,17.7
14.288,20.8
14.29,27.5
14.292,34.5
14.294,39.1
14.296,40.6
14.298,39
14.3,33.4
14.302,26.3
14.304,19.4
14.306,17.2
14.308,20.2
14.31,27.5
14.312,34.4
14.314,39.4
14.316,40.9
14.318,39.2
14.32,33.6
14.322,26.1
14.324,19.4
14.326,17.1
14.328,20.2
14.33,27.2
14.332,34.3
14.334,39.3
14.336,41
14.338,39.1
14.34,33.7
14.342,25.6
14.344,18.6
14.346,16.5
14.348,19.2
14.35,26.7
14.352,34
14.354,39.2
14.356,41
14.358,38.9
14.36,33.2
14.362,25.3
14.364,17.9
14.366,15.5
14.368,18.3
14.37,25.5
14.372,33.6
14.374,38.6
14.376,40.4
14.378,38.8
14.38,32.7
14.382,24.8
14.384,17.1
14.386,14.4
14.388,17.9
14.39,25.3
14.392,33.1
14.394,38.3
14.396,39.9
14.398,38.5
14.4,32.5
14.402,24.5
14.404,16.7
14.406,14.3
14.408,17.1
14.41,25
14.412,33
14.414,38
14.416,39.7
14.418,37.8
14.42,32.3
14.422,24.1
14.424,16.2
14.426,13.8
14.428,16.4
14.43,24.2
14.432,32.2
14.434,37.3
14.436,39.2
14.438,37.2
14.44,31.3
14.442,22.9
14.444,15
14.446,12.7
14.448,15.4
14.45,22.9
14.452,30.8
14.454,36.2
14.456,38.1
14.458,36
14.46,30.1
14.462,22.2
14.464,14.1
14.466,11.3
14.468,14.1
14.47,21.6
14.472,29.6
14.474,35.1
14.476,36.9
14.478,35
14.48,28.7
14.482,20.1
14.484,12.1
14.486,8.4
14.488,11
14.49,18.7
14.492,26.4
14.494,32.1
14.496,32.6
14.498,30
14.5,23
14.502,13.7
14.504,4.06
14.506,-0.588
14.508,0.304
14.51,5.59
14.512,10.2
14.514,12.5
14.516,10.6
14.518,4.83
14.52,-5.37
14.522,-18.5
14.524,-31.7
14.526,-40
14.528,-42.9
14.53,-40.5
14.532,-36.4
14.534,-35.1
14.536,-35.6
14.538,-38.6
14.54,-43.7
14.542,-48.9
14.544,-52.7
14.546,-48.5
14.548,-36.9
14.55,-19.4
14.552,-0.779
14.554,14.7
14.556,25
14.558,28.9
14.56,24.5
14.562,13.7
14.564,-1.54
14.566,-16.4
14.568,-27.2
14.57,-34
14.572,-38.5
14.574,-40
14.576,-40
14.578,-40.4
14.58,-44
14.582,-50.1
14.584,-54.7
14.586,-53.8
14.588,-47.7
14.59,-36.9
14.592,-25.9
14.594,-18.4
14.596,-14.5
14.598,-15.8
14.6,-20.3
14.602,-26.9
14.604,-35.2
14.606,-36.4
14.608,-33.8
14.61,-26.8
14.612,-19.3
14.614,-15.2
14.616,-14.2
14.618,-16.8
14.62,-23.5
14.622,-32.8
14.624,-42.7
14.626,-47.1
14.628,-46.1
14.63,-40.5
14.632,-34
14.634,-30
14.636,-29.6
14.638,-31.5
14.64,-38
14.642,-46.1
14.644,-54.7
14.646,-58.1
14.648,-56.6
14.65,-50.2
14.652,-41.5
14.654,-35.4
14.656,-33.5
14.658,-34.8
14.66,-40
14.662,-48.1
14.664,-55.1
14.666,-57.9
14.668,-55.9
14.67,-48.9
14.672,-41.4
14.674,-35.4
14.676,-33.7
14.678,-34.9
14.68,-40.5
14.682,-48.6
14.684,-56.5
14.686,-59.3
14.688,-57.2
14.69,-49.9
14.692,-41.8
14.694,-36.1
14.696,-34.2
14.698,-35.6
14.7,-40.7
14.702,-48
14.704,-56.1
14.706,-58.8
14.708,-56.1
14.71,-49.3
14.712,-40.8
14.714,-35.2
14.716,-33.2
14.718,-34.4
14.72,-39.6
14.722,-46.8
14.724,-54.2
14.726,-57.4
14.728,-55.1
14.73,-47.9
14.732,-39.4
14.734,-34.5
14.736,-32.1
14.738,-32.9
14.74,-37.6
14.742,-44.6
14.744,-51.9
14.746,-54.7
14.748,-51.7
14.75,-43.8
14.752,-35.2
14.754,-28.4
14.756,-24.9
14.758,-25.1
14.76,-27.7
14.762,-33.8
14.764,-38.9
14.766,-39.5
14.768,-34.2
14.77,-23.6
14.772,-12.5
14.774,-2.82
14.776,3.74
14.778,7.06
14.78,6.61
14.782,4.19
14.784,0.622
14.786,1.83
14.788,7.57
14.79,17.4
14.792,27.6
14.794,34.5
14.796,37.2
14.798,35.9
14.8,29.3
14.802,19.7
14.804,7.95
14.806,-0.27
14.808,-4.73
14.81,-5.37
14.812,-5.43
14.814,-7.72
14.816,-13.7
14.818,-21.7
14.82,-32.1
14.822,-43.3
14.824,-53.8
14.826,-57
14.828,-54
14.83,-43.5
14.832,-30.1
14.834,-17.5
14.836,-6.45
14.838,1.71
14.84,7.06
14.842,9.16
14.844,8.27
14.846,10.6
14.848,15.1
14.85,22.5
14.852,29.9
14.854,34.4
14.856,36.4
14.858,34.4
14.86,28.1
14.862,20.1
14.864,10.6
14.866,6.36
14.868,6.93
14.87,12.5
14.872,19.3
14.874,23.9
14.876,25
14.878,23.7
14.88,19
14.882,11.8
14.884,4.7
14.886,2.09
14.888,4.57
14.89,12.2
14.892,20.5
14.894,27.1
14.896,29.8
14.898,29.7
14.9,26
14.902,19.1
14.904,12.1
14.906,10.1
14.908,11.9
14.91,19
14.912,26.7
14.914,32.3
14.916,35
14.918,33.9
14.92,29.8
14.922,23.2
14.924,15
14.926,12.3
14.928,14
14.93,20.4
14.932,28.8
14.934,33.8
14.936,35.8
14.938,35.2
14.94,30.6
14.942,24.1
14.944,16.2
14.946,13.3
14.948,15.3
14.95,21.5
14.952,29.4
14.954,35.1
14.956,37.2
14.958,36.6
14.96,32.1
14.962,25.8
14.964,18
14.966,15.1
14.968,16.7
14.97,23.4
14.972,31
14.974,36.8
14.976,38.8
14.978,38.5
14.98,34.2
14.982,27.5
14.984,19.4
14.986,16.4
14.988,17.8
14.99,24.7
14.992,32.4
14.994,37.6
14.996,40
14.998,39.5
15,34.5
15.002,28.1
15.004,20
15.006,17
15.008,18.5
15.01,24.5
15.012,32.7
15.014,38.1
15.016,40.3
15.018,39.7
15.02,35
15.022,28.3
15.024,20.1
15.026,16.7
15.028,18.5
15.03,25
15.032,32.6
15.034,38.5
15.036,40.3
15.038,39.6
15.04,35.2
15.042,28.1
15.044,20
15.046,16
15.048,17.7
15.05,24.5
15.052,32.5
15.054,38.7
15.056,41.7
15.058,40.7
15.06,35.3
15.062,27.3
15.064,18.1
15.066,14.7
15.068,15.5
15.07,22.9
15.072,32.2
15.074,38.3
15.076,41.2
15.078,40.6
15.08,35.1
15.082,27.6
15.084,18.5
15.086,14.3
15.088,16.1
15.09,23.6
15.092,32
15.094,38.3
15.096,40.9
15.098,40
15.1,34.6
15.102,27.4
15.104,18.5
15.106,14.3
15.108,15.8
15.11,24.6
15.112,33.6
15.114,40.3
15.116,42.7
15.118,39.6
15.12,34.5
15.122,27.3
15.124,18
15.126,14.3
15.128,15.4
15.13,22.7
15.132,31.4
15.134,38.3
15.136,39.9
15.138,39.1
15.14,34.3
15.142,25.8
15.144,11
15.146,12.3
15.148,14.8
15.15,21.6
15.152,30.4
15.154,36.2
15.156,39.6
15.158,38.6
15.16,33.4
15.162,26
15.164,16.7
15.166,12.9
15.168,14.4
15.17,21.3
15.172,29.3
15.174,35.9
15.176,38.5
15.178,37.8
15.18,32.8
15.182,23.4
15.184,16.4
15.186,12.7
15.188,13.4
15.19,20.6
15.192,29
15.194,35.1
15.196,37.7
15.198,36.8
15.2,31.7
15.202,24.3
15.204,15.2
15.206,11.1
15.208,11.5
15.21,18
15.212,25.8
15.214,30.9
15.216,33.2
15.218,31.8
15.22,25.9
15.222,17.8
15.224,7.57
15.226,2.34
15.228,2.22
15.23,6.74
15.232,13
15.234,16.5
15.236,16.4
15.238,12.6
15.24,4.06
15.242,-6.64
15.244,-19.9
15.246,-28.8
15.248,-32.5
15.25,-31.4
15.252,-29.5
15.254,-28.3
15.256,-30.5
15.258,-34.7
15.26,-41.7
15.262,-50
15.264,-57.4
15.266,-59.1
15.268,-53.4
15.27,-38.9
15.272,-22
15.274,-5.43
15.276,9.1
15.278,19
15.28,22.2
15.282,19.2
15.284,10.4
15.286,1.26
15.288,-8.3
15.29,-15.6
15.292,-22.2
15.294,-29.4
15.296,-36.1
15.298,-39.8
15.3,-44.9
15.302,-48.9
15.304,-54.7
15.306,-55.1
15.308,-50.7
15.31,-41.5
15.312,-31.6
15.314,-24
15.316,-20.6
15.318,-20.3
15.32,-24.9
15.322,-32.2
15.324,-40.7
15.326,-45.8
15.328,-46
15.33,-40.7
15.332,-34.4
15.334,-30.2
15.336,-29.1
15.338,-31.7
15.34,-37.1
15.342,-43.6
15.344,-52.1
15.346,-56.5
15.348,-55.3
15.35,-48.4
15.352,-40.7
15.354,-34.9
15.356,-32.4
15.358,-32.4
15.36,-36.3
15.362,-42.8
15.364,-51
15.366,-54.7
15.368,-53.7
15.37,-48.1
15.372,-40.5
15.374,-35.2
15.376,-32.4
15.378,-33
15.38,-37.2
15.382,-42.9
15.384,-50.3
15.386,-54.6
15.388,-53.3
15.39,-47.3
15.392,-40.1
15.394,-34.4
15.396,-31.9
15.398,-32
15.4,-35.8
15.402,-42.2
15.404,-49.8
15.406,-53.3
15.408,-52.1
15.41,-46.5
15.412,-39.3
15.414,-34.1
15.416,-31.3
15.418,-31.8
15.42,-35.4
15.422,-41.4
15.424,-49.1
15.426,-53.2
15.428,-52.6
15.43,-46.6
15.432,-39.4
15.434,-34
15.436,-31.1
15.438,-31.3
15.44,-34.9
15.442,-41.1
15.444,-48.6
15.446,-52.5
15.448,-51.7
15.45,-45.4
15.452,-38.1
15.454,-31.6
15.456,-29
15.458,-28.9
15.46,-31.2
15.462,-36.8
15.464,-43.3
15.466,-46
15.468,-43.7
15.47,-35.7
15.472,-26.3
15.474,-16.8
15.476,-10.5
15.478,-7.09
15.48,-6.39
15.482,-7.92
15.484,-11.1
15.486,-9.89
15.488,-4.6
15.49,6.1
15.492,18
15.494,27.7
15.496,34.5
15.498,37.1
15.5,35.2
15.502,30.4
15.504,22.4
15.506,17.9
15.508,16
15.51,18.6
15.512,21.5
15.514,21
15.516,17.3
15.518,10.4
15.52,-1.35
15.522,-14.2
15.524,-28.9
15.526,-39.3
15.528,-43.6
15.53,-41
15.532,-35.6
15.534,-28.9
15.536,-24.1
15.538,-19.6
15.54,-17.1
15.542,-15.3
15.544,-13.8
15.546,-8.36
15.548,0.622
15.55,15.1
15.552,29.1
15.554,39.1
15.556,45.3
15.558,44.8
15.56,40.9
15.562,34.7
15.564,26
15.566,21.5
15.568,19.8
15.57,24.3
15.572,30.1
15.574,34.5
15.576,36.4
15.578,35
15.58,30.2
15.582,23.7
15.584,15.1
15.586,10.4
15.588,10.2
15.59,15.7
15.592,22.6
15.594,28.6
15.596,31.8
15.598,32.3
15.6,29
15.602,23.6
15.604,16.4
15.606,12.8
15.608,13.2
15.61,19.6
15.612,27.3
15.614,33.8
15.616,37.6
15.618,38
15.62,34.6
15.622,28.5
15.624,20.2
15.626,15.9
15.628,15.8
15.63,20.9
15.632,27.9
15.634,33.2
15.636,36.2
15.638,36.2
15.64,32.7
15.642,26.9
15.644,19.1
15.646,14.5
15.648,14.1
15.65,20.3
15.652,27.1
15.654,32.7
15.656,36
15.658,35.4
15.66,32.2
15.662,26.2
15.664,18.8
15.666,14.6
15.668,15.1
15.67,20.6
15.672,27.8
15.674,34.1
15.676,36.9
15.678,37.4
15.68,34.1
15.682,28
15.684,20.4
15.686,16.6
15.688,16.6
15.69,22.1
15.692,29.3
15.694,35
15.696,38
15.698,38
15.7,34.5
15.702,29.3
15.704,21.4
15.706,17.4
15.708,17.8
15.71,23.1
15.712,30.6
15.714,36
15.716,39
15.718,39.2
15.72,35.9
15.722,30.1
15.724,22.9
15.726,18.5
15.728,18.4
15.73,24.1
15.732,30.8
15.734,36.4
15.736,39.5
15.738,40.1
15.74,36.3
15.742,30.5
15.744,23
15.746,18.1
15.748,18.4
15.75,24.2
15.752,30.8
15.754,36.8
15.756,40.1
15.758,39.8
15.76,36.5
15.762,30.9
15.764,23
15.766,18
15.768,18.8
15.77,23.7
15.772,31.1
15.774,36.7
15.776,39.9
15.778,40.5
15.78,36.4
15.782,30.8
15.784,22.9
15.786,17.7
15.788,17.6
15.79,22.7
15.792,29.7
15.794,36
15.796,39.1
15.798,39.3
15.8,35.8
15.802,29.4
15.804,21.3
15.806,16.3
15.808,16.2
15.81,22.2
15.812,29.2
15.814,35.7
15.816,38.9
15.818,39
15.82,35.7
15.822,28.8
15.824,20.8
15.826,15.8
15.828,15.1
15.83,21.2
15.832,28.7
15.834,34.4
15.836,38.2
15.838,38.5
15.84,34.9
15.842,28.5
15.844,19.7
15.846,14.8
15.848,14.4
15.85,20.3
15.852,28
15.854,34.3
15.856,37.8
15.858,38.2
15.86,34
15.862,27.6
15.864,19.3
15.866,13.9
15.868,13.8
15.87,19.2
15.872,26.6
15.874,33.2
15.876,36.6
15.878,36.7
15.88,33.5
15.882,26.8
15.884,18.4
15.886,13
15.888,12.2
15.89,17.9
15.892,25.5
15.894,32.3
15.896,36.1
15.898,36.3
15.9,32.4
15.902,26
15.904,17.3
15.906,11.9
15.908,11.6
15.91,16.7
15.912,24.9
15.914,30.7
15.916,34.4
15.918,35.2
15.92,31.1
15.922,24.5
15.924,16
15.926,9.92
15.928,10.1
15.93,14.8
15.932,22.2
15.934,28.4
15.936,31.6
15.938,31.7
15.94,27.7
15.942,20.6
15.944,11.7
15.946,5.91
15.948,4.19
15.95,8.78
15.952,14.4
15.954,19.9
15.956,21.5
15.958,20.2
15.96,14.4
15.962,5.27
15.964,-6.39
15.966,-15
15.968,-20.1
15.97,-18.4
15.972,-14.9
15.974,-13
15.976,-14.2
15.978,-18.7
15.98,-27.4
15.982,-38.2
15.984,-50.7
15.986,-59.6
15.988,-62.6
15.99,-58.8
15.992,-51.3
15.994,-41.9
15.996,-34.2
15.998,-27.5
16,-24.2
16.002,-22.7
16.004,-21.5
16.006,-17.9
16.008,-9.32
16.01,4.19
16.012,17
16.014,25.7
16.016,26.9
16.018,20.7
16.02,6.55
16.022,-12.8
16.024,-34.8
16.026,-52.5
16.028,-61.9
16.03,-60.1
16.032,-52.2
16.034,-43
16.036,-36
16.038,-31.7
16.04,-31.7
16.042,-34.9
16.044,-41
16.046,-44.4
16.048,-43.4
16.05,-35.3
16.052,-26.3
16.054,-18.5
16.056,-14.8
16.058,-13.9
16.06,-18.6
16.062,-25.6
16.064,-35.1
16.066,-42.4
16.068,-44.4
16.07,-40.3
16.072,-33.8
16.074,-28.4
16.076,-26.4
16.078,-27.7
16.08,-32.4
16.082,-40.5
16.084,-49.1
16.086,-54.8
16.088,-55.4
16.09,-49.8
16.092,-42.3
16.094,-36.2
16.096,-33.1
16.098,-32.8
16.1,-35.6
16.102,-41.7
16.104,-50
16.106,-54.6
16.108,-55.3
16.11,-50.2
16.112,-42.4
16.114,-35.7
16.116,-32.1
16.118,-31.1
16.12,-34.5
16.122,-40.1
16.124,-48.4
16.126,-53.5
16.128,-54.4
16.13,-49.6
16.132,-42.1
16.134,-35.8
16.136,-31.9
16.138,-31.3
16.14,-34.5
16.142,-40.7
16.144,-48.1
16.146,-53.6
16.148,-54.6
16.15,-49.5
16.152,-42.1
16.154,-35.6
16.156,-32.1
16.158,-31.6
16.16,-34.4
16.162,-40.7
16.164,-48.4
16.166,-53.7
16.168,-54.7
16.17,-49.6
16.172,-42.3
16.174,-35.6
16.176,-32.1
16.178,-31.4
16.18,-34.7
16.182,-40.2
16.184,-48.4
16.186,-53.3
16.188,-54.2
16.19,-49.4
16.192,-41.1
16.194,-34
16.196,-29.8
16.198,-28.1
16.2,-30.4
16.202,-34.8
16.204,-41.3
16.206,-44.9
16.208,-43.5
16.21,-36.3
16.212,-26.6
16.214,-17
16.216,-9.95
16.218,-5.62
16.22,-4.92
16.222,-6.7
16.224,-10.4
16.226,-11.7
16.228,-9.06
16.23,-0.397
16.232,10.8
16.234,21.5
16.236,28.4
16.238,32.3
16.24,32.1
16.242,28.5
16.244,22.4
16.246,17.8
16.248,17.3
16.25,21.8
16.252,27.7
16.254,32
16.256,33
16.258,29.9
16.26,22.2
16.262,11.8
16.264,-1.86
16.266,-13.1
16.268,-20
16.27,-21.6
16.272,-20.5
16.274,-19.4
16.276,-20.5
16.278,-23.2
16.28,-29.4
16.282,-37.2
16.284,-46
16.286,-51.2
16.288,-51.4
16.29,-44.1
16.292,-33.7
16.294,-22.4
16.296,-12.6
16.298,-5.3
16.3,-1.1
16.302,0.176
16.304,-0.0786
16.306,2.02
16.308,6.55
16.31,16.6
16.312,27.7
16.314,35.7
16.316,39.9
16.318,39.9
16.32,36.8
16.322,30.6
16.324,21.8
16.326,15.5
16.328,13.5
16.33,18.1
16.332,24.6
16.334,30.9
16.336,34.5
16.338,35.8
16.34,33.2
16.342,27.4
16.344,19.8
16.346,14.6
16.348,14.1
16.35,19
16.352,26.5
16.354,33.2
16.356,36.9
16.358,38
16.36,34.9
16.362,28.8
16.364,21.1
16.366,14.7
16.368,13.3
16.37,18.1
16.372,25
16.374,32
16.376,36.2
16.378,36.9
16.38,34
16.382,28
16.384,19.9
16.386,14.1
16.388,12.5
16.39,17.3
16.392,24.9
16.394,31.8
16.396,37.3
16.398,38.5
16.4,36
16.402,30.2
16.404,22.5
16.406,16.7
16.408,15.6
16.41,20
16.412,27.5
16.414,34.9
16.416,38.8
16.418,40.1
16.42,37.1
16.422,31.5
16.424,23.7
16.426,18
16.428,16.4
16.43,21.1
16.432,28.7
16.434,35.3
16.436,39.9
16.438,41
16.44,38.7
16.442,32.4
16.444,24.6
16.446,19
16.448,17.4
16.45,22.1
16.452,29.3
16.454,36.3
16.456,40.1
16.458,41.5
16.46,38.8
16.462,33.1
16.464,25.5
16.466,19.5
16.468,18.4
16.47,22.3
16.472,29.3
16.474,36.4
16.476,40.3
16.478,41.2
16.48,38.7
16.482,32.7
16.484,25.4
16.486,19.5
16.488,17.8
16.49,22.3
16.492,29.5
16.494,36.4
16.496,41
16.498,41.8
16.5,39.2
16.502,33.2
16.504,25.4
16.506,19.5
16.508,17.9
16.51,21.8
16.512,29.8
16.514,36.3
16.516,40.6
16.518,41.9
16.52,39.1
16.522,33.4
16.524,25.3
16.526,18.8
16.528,17.3
16.53,20.9
16.532,28.8
16.534,35.6
16.536,39.9
16.538,41.7
16.54,38.7
16.542,32.4
16.544,24.1
16.546,17.5
16.548,15.7
16.55,20.1
16.552,27.8
16.554,35.2
16.556,39.7
16.558,41
16.56,38.5
16.562,31.7
16.564,23.6
16.566,17.3
16.568,15.1
16.57,19.7
16.572,27.4
16.574,34.6
16.576,39.4
16.578,40.4
16.58,37.8
16.582,31.7
16.584,22.8
16.586,16.4
16.588,14.4
16.59,18.7
16.592,26.7
16.594,34.5
16.596,39
16.598,40.3
16.6,37.4
16.602,30.9
16.604,22.7
16.606,15.8
16.608,14.3
16.61,18.5
16.612,26.4
16.614,34.3
16.616,38.8
16.618,40.1
16.62,37.3
16.622,30.7
16.624,22.4
16.626,15.8
16.628,13.6
16.63,17.8
16.632,25.7
16.634,32.6
16.636,37.2
16.638,38.3
16.64,35.4
16.642,28.8
16.644,20.2
16.646,13.6
16.648,11.3
16.65,14.8
16.652,22
16.654,28.5
16.656,32.5
16.658,33.1
16.66,29.3
16.662,22.5
16.664,13.7
16.666,5.08
16.668,2.09
16.67,4.7
16.672,10.4
16.674,16
16.676,18.1
16.678,17.1
16.68,12
16.682,3.3
16.684,-7.72
16.686,-17.9
16.688,-23.6
16.69,-23.2
16.692,-20
16.694,-17
16.696,-16.8
16.698,-19.8
16.7,-26.2
16.702,-36
16.704,-47.4
16.706,-56.6
16.708,-60.5
16.71,-57.7
16.712,-50.2
16.714,-42.1
16.716,-33.9
16.718,-27.3
16.72,-22.6
16.722,-23.6
16.724,-17.7
16.726,-14.4
16.728,-6.39
16.73,4.51
16.732,16
16.734,24.5
16.736,27.3
16.738,23.3
16.74,11.8
16.742,-6
16.744,-26.7
16.746,-45.9
16.748,-57
16.75,-59.1
16.752,-53.7
16.754,-45.3
16.756,-38
16.758,-33.2
16.76,-31.6
16.762,-33.8
16.764,-38.2
16.766,-41.6
16.768,-41.7
16.77,-36.9
16.772,-29
16.774,-22.4
16.776,-18
16.778,-17.7
16.78,-20.5
16.782,-26.7
16.784,-35.3
16.786,-42.6
16.788,-45.6
16.79,-44
16.792,-38.8
16.794,-33.9
16.796,-30.8
16.798,-31
16.8,-34.6
16.802,-41
16.804,-49.2
16.806,-55.2
16.808,-56.1
16.81,-52.5
16.812,-45.7
16.814,-39
16.816,-34.9
16.818,-33.5
16.82,-34.9
16.822,-40.2
16.824,-47.4
16.826,-53.2
16.828,-55.1
16.83,-51.9
16.832,-44.8
16.834,-39.1
16.836,-34.5
16.838,-33.2
16.84,-35.1
16.842,-40.2
16.844,-47
16.846,-52.7
16.848,-54.7
16.85,-51.2
16.852,-44.7
16.854,-38.1
16.856,-34
16.858,-32.4
16.86,-34.4
16.862,-39.3
16.864,-45.8
16.866,-52.1
16.868,-53.6
16.87,-50.5
16.872,-43.8
16.874,-36.9
16.876,-32.4
16.878,-31
16.88,-33
16.882,-38.2
16.884,-44.7
16.886,-51.2
16.888,-53.3
16.89,-49.6
16.892,-42.8
16.894,-35.9
16.896,-31.1
16.898,-29.3
16.9,-31
16.902,-36.1
16.904,-43.7
16.906,-50
16.908,-52
16.91,-48.6
16.912,-41.6
16.914,-34.6
16.916,-30
16.918,-28.5
16.92,-29.6
16.922,-35.1
16.924,-42.4
16.926,-48.9
16.928,-50.6
16.93,-47.6
16.932,-40.2
16.934,-33.2
16.936,-28.5
16.938,-26.8
16.94,-28.6
16.942,-33.3
16.944,-40.4
16.946,-46.7
16.948,-48.4
16.95,-44.9
16.952,-38.2
16.954,-30.7
16.956,-26.1
16.958,-24.4
16.96,-25.4
16.962,-30.3
16.964,-37.2
16.966,-43.6
16.968,-45.1
16.97,-41.7
16.972,-34.4
16.974,-26.5
16.976,-21
16.978,-18.8
16.98,-19.3
16.982,-23.9
16.984,-30
16.986,-35.7
16.988,-36.5
16.99,-32.9
16.992,-24.5
16.994,-16
16.996,-10.2
16.998,-7.34
17,-8.23
17.002,-12.1
17.004,-17.9
17.006,-23.4
17.008,-24.4
17.01,-19.9
17.012,-11.8
17.014,-2.82
17.016,3.3
17.018,6.87
17.02,7.44
17.022,4.19
17.024,-0.206
17.026,-4.67
17.028,-4.73
17.03,1.32
17.032,10.9
17.034,21.1
17.036,28.5
17.038,32.4
17.04,33.4
17.042,30.2
17.044,24.6
17.046,17.9
17.048,15.4
17.05,17.3
17.052,22.1
17.054,25.1
17.056,26.1
17.058,21.6
17.06,13
17.062,0.75
17.064,-14.4
17.066,-29.6
17.068,-40.1
17.07,-43.5
17.072,-41.7
17.074,-37
17.076,-33.3
17.078,-28.6
17.08,-23.2
17.082,-18.6
17.084,-14.1
17.086,-7.47
17.088,2.6
17.09,14.2
17.092,25
17.094,32
17.096,36.6
17.098,37.5
17.1,34.4
17.102,27
17.104,18
17.106,8.97
17.108,4.95
17.11,5.97
17.112,11.2
17.114,16.2
17.116,20.1
17.118,20.4
17.12,18.1
17.122,13.2
17.124,5.53
17.126,-0.525
17.128,-2.12
17.13,0.941
17.132,9.22
17.134,17.5
17.136,23.4
17.138,26.7
17.14,26.7
17.142,23.7
17.144,18.7
17.146,13.9
17.148,13.4
17.15,17.8
17.152,25.5
17.154,33.6
17.156,39.2
17.158,41.2
17.16,39.7
17.162,34.6
17.164,28
17.166,20.6
17.168,17.9
17.17,20.3
17.172,26.7
17.174,33.2
17.176,38.7
17.178,39.9
17.18,38.2
17.182,33.9
17.184,26.7
17.186,20.1
17.188,17.8
17.19,20.5
17.192,27.6
17.194,34.4
17.196,39.2
17.198,41.7
17.2,40.3
17.202,35.6
17.204,28.8
17.206,21.8
17.208,19.9
17.21,22.2
17.212,28.6
17.214,36.4
17.216,41
17.218,42.9
17.22,41.5
17.222,36.4
17.224,29.4
17.226,22.2
17.228,19.4
17.23,21.9
17.232,28.7
17.234,35.9
17.236,41.6
17.238,42.7
17.24,41.1
17.242,36.2
17.244,28.5
17.246,21.4
17.248,18.5
17.25,20.7
17.252,28.1
17.254,35
17.256,40.5
17.258,42.4
17.26,40.8
17.262,35.8
17.264,27.6
17.266,20.1
17.268,17.8
17.27,20.4
17.272,26.9
17.274,34.6
17.276,40.1
17.278,41.6
17.28,40.4
17.282,35
17.284,27.6
17.286,20.1
17.288,17.4
17.29,20.2
17.292,26.5
17.294,33.9
17.296,39.5
17.298,41
17.3,39.5
17.302,34.9
17.304,27.6
17.306,16.4
17.308,17.4
17.31,19.5
17.312,26.4
17.314,33.9
17.316,39.2
17.318,40.8
17.32,39
17.322,34.3
17.324,27.1
17.326,19.9
17.328,17.4
17.33,19.1
17.332,25.6
17.334,33.1
17.336,37.9
17.338,39.8
17.34,38.8
17.342,33.4
17.344,26.9
17.346,19.3
17.348,16.4
17.35,18.7
17.352,24.8
17.354,32
17.356,37.6
17.358,39.3
17.36,38.3
17.362,33.1
17.364,26
17.366,18.3
17.368,15.7
17.37,17.4
17.372,23.9
17.374,30.9
17.376,36.1
17.378,37.9
17.38,36.3
17.382,31.4
17.384,23.6
17.386,15.9
17.388,13.1
17.39,14.2
17.392,20.1
17.394,27.1
17.396,31.2
17.398,32.7
17.4,30.6
17.402,24.3
17.404,15.8
17.406,6.23
17.408,2.02
17.41,2.02
17.412,5.91
17.414,10.9
17.416,13.6
17.418,11.9
17.42,7.82
17.422,-1.16
17.424,-12.5
17.426,-25.4
17.428,-32.8
17.43,-35.6
17.432,-33.5
17.434,-29.6
17.436,-28
17.438,-29.8
17.44,-33.8
17.442,-40.8
17.444,-50.3
17.446,-57.5
17.448,-58.6
17.45,-53
17.452,-39.7
17.454,-23.7
17.456,-9.64
17.458,2.28
17.46,10.7
17.462,14.8
17.464,14.8
17.466,10.2
17.468,8.27
17.47,7.89
17.472,8.27
17.474,5.66
17.476,-1.99
17.478,-13.2
17.48,-26.4
17.482,-40.1
17.484,-51.7
17.486,-59.2
17.488,-60.6
17.49,-55.6
17.492,-45.3
17.494,-34.6
17.496,-26.3
17.498,-21.6
17.5,-20.6
17.502,-23.5
17.504,-29.5
17.506,-36.1
17.508,-38.5
17.51,-36.7
17.512,-30
17.514,-22.6
17.516,-17.5
17.518,-14.2
17.52,-14.6
17.522,-19.3
17.524,-25.2
17.526,-33.7
17.528,-36.6
17.53,-35.2
17.532,-29.5
17.534,-22.1
17.536,-17.2
17.538,-15.6
17.54,-17
17.542,-22.9
17.544,-30.5
17.546,-39.3
17.548,-43.7
17.55,-42.8
17.552,-37.6
17.554,-30.9
17.556,-26.6
17.558,-26
17.56,-28.2
17.562,-33.9
17.564,-41.9
17.566,-50.7
17.568,-54.2
17.57,-53
17.572,-46
17.574,-37.9
17.576,-31.9
17.578,-29.3
17.58,-30
17.582,-34.6
17.584,-41.2
17.586,-49.4
17.588,-52.4
17.59,-50.8
17.592,-44.4
17.594,-36.1
17.596,-31
17.598,-28.4
17.6,-28.7
17.602,-33.9
17.604,-40.6
17.606,-49.1
17.608,-52.5
17.61,-51.1
17.612,-44.6
17.614,-36.5
17.616,-30.9
17.618,-28.6
17.62,-29.6
17.622,-34.1
17.624,-41.6
17.626,-49.6
17.628,-53.5
17.63,-51.7
17.632,-44.4
17.634,-36.8
17.636,-31.3
17.638,-28.2
17.64,-29.3
17.642,-33.7
17.644,-40.9
17.646,-49.5
17.648,-52.7
17.65,-51
17.652,-44.3
17.654,-36.3
17.656,-30.5
17.658,-27.4
17.66,-28
17.662,-33.1
17.664,-39.8
17.666,-48.6
17.668,-51.8
17.67,-50
17.672,-43
17.674,-33.8
17.676,-27
17.678,-23.7
17.68,-24
17.682,-27.9
17.684,-34.6
17.686,-42.9
17.688,-44.9
17.69,-41.6
17.692,-32.1
17.694,-21
17.696,-11.5
17.698,-5.43
17.7,-2.63
17.702,-3.71
17.704,-7.21
17.706,-11.7
17.708,-10.3
17.71,-3.97
17.712,8.9
17.714,21.9
17.716,31.8
17.718,38
17.72,39.2
17.722,35.2
17.724,27.6
17.726,15.9
17.728,8.97
17.73,5.66
17.732,5.78
17.734,6.42
17.736,4
17.738,-2.31
17.74,-12
17.742,-24.4
17.744,-37
17.746,-49
17.748,-53.1
17.75,-48.7
17.752,-36.1
17.754,-18.8
17.756,-1.99
17.758,11.6
17.76,21.8
17.762,26.5
17.764,25.3
17.766,19.1
17.768,16.9
17.77,18.4
17.772,26.9
17.774,34.1
17.776,38
17.778,39.3
17.78,36.1
17.782,27.6
17.784,18.3
17.786,7.57
17.788,2.47
17.79,3.43
17.792,8.33
17.794,15.8
17.796,20.8
17.798,23
17.8,21.8
17.802,17.2
17.804,9.8
17.806,0.686
17.808,-2.63
17.81,0.813
17.812,8.01
17.814,17.4
17.816,25.3
17.818,29.1
17.82,30.6
17.822,28
17.824,23
17.826,16.1
17.828,13.8
17.83,15.8
17.832,23.3
17.834,31.6
17.836,37.8
17.838,41.1
17.84,40.4
17.842,35.7
17.844,28.8
17.846,20.3
17.848,16.7
17.85,17.8
17.852,24.4
17.854,32.2
17.856,37.7
17.858,40.9
17.86,40.6
17.862,35.9
17.864,29.4
17.866,20.6
17.868,16.9
17.87,18.3
17.872,25.2
17.874,33.5
17.876,39
17.878,42.2
17.88,41.6
17.882,37.3
17.884,30.6
17.886,22.7
17.888,18.7
17.89,19.9
17.892,26.1
17.894,33.8
17.896,39.9
17.898,42.6
17.9,42.2
17.902,38.1
17.904,31.5
17.906,23.1
17.908,19.7
17.91,20.4
17.912,26.9
17.914,34.5
17.916,40.1
17.918,42.6
17.92,42.2
17.922,38
17.924,31.7
17.926,23.7
17.928,19.9
17.93,20.9
17.932,27
17.934,34.8
17.936,40.1
17.938,42.4
17.94,42.4
17.942,38.1
17.944,31.9
17.946,24
17.948,20.4
17.95,21.1
17.952,27.3
17.954,34.5
17.956,40.4
17.958,42.6
17.96,42.2
17.962,38.3
17.964,31.8
17.966,23.6
17.968,20
17.97,20.6
17.972,27.1
17.974,34.3
17.976,39.9
17.978,42.7
17.98,42
17.982,38.1
17.984,32
17.986,23.6
17.988,19.7
17.99,21
17.992,26.4
17.994,33.8
17.996,39.4
17.998,42.3
18,42
18.002,37.3
18.004,30.8
18.006,22.5
18.008,18.5
18.01,19
18.012,25
18.014,32.2
18.016,38.6
18.018,40.8
18.02,40.6
18.022,36.4
18.024,29.7
18.026,21.3
18.028,17.1
18.03,17.8
18.032,23.7
18.034,31.3
18.036,37.4
18.038,40.1
18.04,39.4
18.042,35
18.044,28.7
18.046,20.4
18.048,15.9
18.05,16.5
18.052,22.7
18.054,30.5
18.056,36.2
18.058,39
18.06,39
18.062,34.3
18.064,28
18.066,19.7
18.068,15
18.07,16.2
18.072,22.1
18.074,29.7
18.076,35.5
18.078,38.1
18.08,38
18.082,34.1
18.084,27.9
18.086,19.6
18.088,15.1
18.09,15.8
18.092,21.7
18.094,28.8
18.096,34.6
18.098,37.3
18.1,37.4
18.102,33.4
18.104,26.9
18.106,18.8
18.108,14.3
18.11,14.4
18.112,20.2
18.114,27.4
18.116,32.7
18.118,35.9
18.12,35.2
18.122,31.1
18.124,24.3
18.126,16.2
18.128,11.3
18.13,12
18.132,18.1
18.134,24.5
18.136,31.7
18.138,36.2
18.14,36
18.142,27.1
18.144,20.7
18.146,12.6
18.148,7.31
18.15,7.31
18.152,13.2
18.154,18.8
18.156,23.7
18.158,25.9
18.16,23.9
18.162,18.7
18.164,10.8
18.166,0.559
18.168,-5.37
18.17,-8.87
18.172,-5.43
18.174,-1.74
18.176,0.0488
18.178,-0.652
18.18,-5.37
18.182,-14.6
18.184,-25.5
18.186,-38.7
18.188,-48.1
18.19,-51.6
18.192,-49.3
18.194,-44.4
18.196,-40.5
18.198,-37.8
18.2,-35.8
18.202,-36.6
18.204,-37.4
18.206,-38.3
18.208,-33.5
18.21,-23.3
18.212,-7.34
18.214,9.03
18.216,22.9
18.218,30.2
18.22,31.6
18.222,25.3
18.224,12.6
18.226,-4.79
18.228,-21.3
18.23,-34.2
18.232,-40.3
18.234,-41.8
18.236,-40
18.238,-36.6
18.24,-35.2
18.242,-36.1
18.244,-38.4
18.246,-43.3
18.248,-44.7
18.25,-41.7
18.252,-33.9
18.254,-25.6
18.256,-18.6
18.258,-16.3
18.26,-16.3
18.262,-20.8
18.264,-27.9
18.266,-36.8
18.268,-43
18.27,-44.2
18.272,-40.2
18.274,-35.1
18.276,-31.2
18.278,-29.3
18.28,-30.2
18.282,-34.1
18.284,-41.2
18.286,-49.5
18.288,-53.5
18.29,-52.6
18.292,-47
18.294,-39.5
18.296,-33.8
18.298,-29.8
18.3,-30
18.302,-34.1
18.304,-40.2
18.306,-48.8
18.308,-53.7
18.31,-53.6
18.312,-47.9
18.314,-40.2
18.316,-33.8
18.318,-31.1
18.32,-30.9
18.322,-34.7
18.324,-40.8
18.326,-48.9
18.328,-53.1
18.33,-53.6
18.332,-47.6
18.334,-40.3
18.336,-33.7
18.338,-30.5
18.34,-30.8
18.342,-34.3
18.344,-40.9
18.346,-48.5
18.348,-53.5
18.35,-53.7
18.352,-47.6
18.354,-40.2
18.356,-34
18.358,-30
18.36,-30.3
18.362,-34.1
18.364,-39.8
18.366,-48.4
18.368,-52.9
18.37,-52.6
18.372,-47.1
18.374,-39.3
18.376,-33
18.378,-29.6
18.38,-28.7
18.382,-32.3
18.384,-38.1
18.386,-45.4
18.388,-49.8
18.39,-48.8
18.392,-42
18.394,-33.3
18.396,-25.5
18.398,-20.3
18.4,-17.5
18.402,-18.4
18.404,-21.5
18.406,-25.9
18.408,-26.7
18.41,-22.8
18.412,-12.4
18.414,-0.461
18.416,10.2
18.418,18.3
18.42,22.3
18.422,23.7
18.424,21.4
18.426,16.7
18.428,14.6
18.43,15.7
18.432,22.1
18.434,29
18.436,33.2
18.438,33.2
18.44,29.6
18.442,19.9
18.444,7.12
18.446,-8.68
18.448,-21.4
18.45,-29.5
18.452,-31.4
18.454,-30.4
18.456,-29
18.458,-28.7
18.46,-29.6
18.462,-31.9
18.464,-34.7
18.466,-37.3
18.468,-34.4
18.47,-26
18.472,-10.7
18.474,6.23
18.476,21.8
18.478,32.2
18.48,37.3
18.482,36.4
18.484,30.1
18.486,21.2
18.488,15.9
18.49,14.7
18.492,18.4
18.494,24.8
18.496,29.4
18.498,31.4
18.5,30.1
18.502,24.9
18.504,17.3
18.506,7.63
18.508,0.941
18.51,0.113
18.512,5.34
18.514,12.4
18.516,19.6
18.518,22.8
18.52,24
18.522,20.7
18.524,14.8
18.526,7.57
18.528,2.85
18.53,4.06
18.532,10.6
18.534,19.8
18.536,27.8
18.538,33.2
18.54,34.5
18.542,32.3
18.544,26.7
18.546,17.9
18.548,12.6
18.55,11.8
18.552,17.1
18.554,25.3
18.556,32
18.558,36.2
18.56,36.9
18.562,32.5
18.564,25.9
18.566,16.5
18.568,10.9
18.57,10.2
18.572,16
18.574,24.4
18.576,32.2
18.578,35.9
18.58,36.9
18.582,33.1
18.584,26.2
18.586,17
18.588,10.8
18.59,9.99
18.592,16.2
18.594,24.8
18.596,31.8
18.598,36.6
18.6,37.5
18.602,34.5
18.604,27.8
18.606,18.5
18.608,13.2
18.61,12.5
18.612,18.7
18.614,27.4
18.616,34.7
18.618,38.7
18.62,39.7
18.622,36.2
18.624,29.7
18.626,21.1
18.628,15.5
18.63,15
18.632,20.9
18.634,28.6
18.636,36
18.638,39.6
18.64,40.6
18.642,37.1
18.644,30.9
18.646,22.2
18.648,17.1
18.65,16.2
18.652,22.2
18.654,29.8
18.656,36.3
18.658,40.4
18.66,41
18.662,37.3
18.664,31.3
18.666,22.9
18.668,18.1
18.67,17.4
18.672,22.1
18.674,29.9
18.676,36.4
18.678,40
18.68,41.1
18.682,37.8
18.684,31.5
18.686,23.6
18.688,18
18.69,17.3
18.692,22.5
18.694,30
18.696,36.9
18.698,40.3
18.7,41.1
18.702,38
18.704,31.5
18.706,23.8
18.708,18
18.71,17.1
18.712,22.5
18.714,29.8
18.716,36.4
18.718,40.6
18.72,41.1
18.722,38.3
18.724,31.9
18.726,23.6
18.728,18.2
18.73,16.9
18.732,22.2
18.734,29.7
18.736,36.4
18.738,40.1
18.74,40.8
18.742,37.3
18.744,31.3
18.746,22.7
18.748,17.1
18.75,16
18.752,21.1
18.754,28.8
18.756,35.6
18.758,39.7
18.76,40.2
18.762,37
18.764,30.8
18.766,22.4
18.768,16.9
18.77,15.7
18.772,20.6
18.774,28.1
18.776,34.5
18.778,38.6
18.78,39.4
18.782,35.9
18.784,29.9
18.786,21.4
18.788,16
18.79,14.9
18.792,19.7
18.794,27.3
18.796,33.8
18.798,37.4
18.8,38.7
18.802,35
18.804,29.2
18.806,21.3
18.808,15.3
18.81,14
18.812,18.7
18.814,26.2
18.816,32.8
18.818,36.7
18.82,37.4
18.822,34.5
18.824,28.3
18.826,20.2
18.828,14.5
18.83,12.7
18.832,18.5
18.834,25.3
18.836,32
18.838,36
18.84,36.6
18.842,33.6
18.844,27.6
18.846,19.2
18.848,13.7
18.85,12.3
18.852,16.9
18.854,24.5
18.856,31.3
18.858,34.7
18.86,36
18.862,32.3
18.864,26.7
18.866,18.4
18.868,12.5
18.87,11.3
18.872,15.5
18.874,23
18.876,30
18.878,33.5
18.88,34.2
18.882,31.2
18.884,24.8
18.886,16.6
18.888,10.5
18.89,8.4
18.892,12.2
18.894,18.8
18.896,24.8
18.898,27.9
18.9,27.3
18.902,23.2
18.904,14.7
18.906,4.06
18.908,-4.79
18.91,-9.64
18.912,-9.06
18.914,-6.07
18.916,-4.28
18.918,-5.94
18.92,-10.4
18.922,-20
18.924,-31.2
18.926,-44.7
18.928,-54.7
18.93,-59.1
18.932,-56.1
18.934,-49.1
18.936,-39.4
18.938,-31
18.94,-22.1
18.942,-14.5
18.944,-9.7
18.946,-5.3
18.948,-0.525
18.95,5.78
18.952,13.2
18.954,18.5
18.956,17.6
18.958,9.41
18.96,-4.67
18.962,-23
18.964,-41
18.966,-55.8
18.968,-62.2
18.97,-61.9
18.972,-53.1
18.974,-40.4
18.976,-28.4
18.978,-19
18.98,-13.7
18.982,-13.5
18.984,-16.9
18.986,-23.2
18.988,-27.5
18.99,-28.1
18.992,-23.8
18.994,-16.2
18.996,-9.38
18.998,-6.19
19,-6.13
19.002,-10.2
19.004,-18.1
19.006,-27.6
19.008,-35.1
19.01,-38.6
19.012,-36.1
19.014,-30.5
19.016,-25.4
19.018,-22
19.02,-20.8
19.022,-23.3
19.024,-29.3
19.026,-37.9
19.028,-43.7
19.03,-45.7
19.032,-42.4
19.034,-34.9
19.036,-29.3
19.038,-25.4
19.04,-24.7
19.042,-28.5
19.044,-35.2
19.046,-44.4
19.048,-51.2
19.05,-53.7
19.052,-49.8
19.054,-42.9
19.056,-35.8
19.058,-31.7
19.06,-29.6
19.062,-32
19.064,-38.7
19.066,-46.8
19.068,-52.4
19.07,-53.4
19.072,-49.1
19.074,-41.9
19.076,-34.6
19.078,-30.1
19.08,-29.2
19.082,-32
19.084,-38.1
19.086,-46.7
19.088,-53.1
19.09,-55.4
19.092,-50.8
19.094,-42.9
19.096,-36.1
19.098,-31
19.1,-29.5
19.102,-32.4
19.104,-38.2
19.106,-46.4
19.108,-52.7
19.11,-54.4
19.112,-49.8
19.114,-40.9
19.116,-32.8
19.118,-27.2
19.12,-24.5
19.122,-25.6
19.124,-30.5
19.126,-36.6
19.128,-40.6
19.13,-39.3
19.132,-31.2
19.134,-19.5
19.136,-7.41
19.138,1.96
19.14,7.95
19.142,10.3
19.144,9.1
19.146,5.4
19.148,2.98
19.15,4.64
19.152,12.3
19.154,22.3
19.156,30.9
19.158,35.8
19.16,36
19.162,29.8
19.164,19.4
19.166,3.74
19.168,-11.2
19.17,-21.5
19.172,-26.5
19.174,-27.3
19.176,-27.4
19.178,-28.6
19.18,-30.2
19.182,-33.5
19.184,-37
19.186,-39.1
19.188,-36.8
19.19,-27.2
19.192,-10.8
19.194,8.27
19.196,25
19.198,35.3
19.2,38.8
19.202,36.1
19.204,30
19.206,21.1
19.208,13.4
19.21,9.86
19.212,11.8
19.214,17.6
19.216,22.5
19.218,25
19.22,23.7
19.222,18.7
19.224,10.9
19.226,0.495
19.228,-8.11
19.23,-11.7
19.232,-9
19.234,-3.58
19.236,2.41
19.238,5.46
19.24,6.17
19.242,2.53
19.244,-4.22
19.246,-13
19.248,-19.8
19.25,-21.8
19.252,-17.3
19.254,-10.5
19.256,-2.5
19.258,2.47
19.26,4.06
19.262,3.11
19.264,-2.31
19.266,-9.19
19.268,-13.9
19.27,-14.2
19.272,-8.81
19.274,0.24
19.276,9.41
19.278,16.1
19.28,19.8
19.282,19.7
19.284,16.6
19.286,11.2
19.288,7.06
19.29,7.82
19.292,13.1
19.294,22.3
19.296,30.6
19.298,35.3
19.3,36.8
19.302,34.3
19.304,28.3
19.306,20.4
19.308,14.3
19.31,12.7
19.312,17.1
19.314,23.8
19.316,31.4
19.318,36
19.32,37.4
19.322,35.8
19.324,30.2
19.326,22.5
19.328,16.4
19.33,14.2
19.332,17.9
19.334,25.7
19.336,33.2
19.338,38.1
19.34,39.1
19.342,37
19.344,31.5
19.346,23.6
19.348,16.9
19.35,15.2
19.352,18.8
19.354,26.5
19.356,34
19.358,38.8
19.36,40.8
19.362,38.3
19.364,31.7
19.366,23
19.368,15.1
19.37,13.2
19.372,17.8
19.374,25.7
19.376,34.3
19.378,39.6
19.38,41.3
19.382,38.9
19.384,32.5
19.386,23.6
19.388,15.8
19.39,14.1
19.392,17.8
19.394,26.3
19.396,34
19.398,39.7
19.4,41.2
19.402,38.7
19.404,33.1
19.406,24.6
19.408,17.2
19.41,15.1
19.412,18.7
19.414,26.9
19.416,35.2
19.418,39.7
19.42,41.5
19.422,39.4
19.424,33.1
19.426,24.8
19.428,18
19.43,15.5
19.432,19.4
19.434,26.8
19.436,34.5
19.438,39.7
19.44,41.3
19.442,39.5
19.444,33.1
19.446,25
19.448,17.9
19.45,15.5
19.452,19.2
19.454,27.1
19.456,34
19.458,39.6
19.46,41.3
19.462,39
19.464,33.2
19.466,25.5
19.468,18.3
19.47,16.2
19.472,19.3
19.474,26.6
19.476,34.1
19.478,39
19.48,41.1
19.482,38.9
19.484,33.1
19.486,25
19.488,17.6
19.49,15.1
19.492,19
19.494,25.8
19.496,33.7
19.498,38.7
19.5,40.3
19.502,38.4
19.504,32.4
19.506,24.4
19.508,17.1
19.51,15
19.512,18.1
19.514,26
19.516,33.6
19.518,38.5
19.52,40
19.522,38.1
19.524,32.7
19.526,24.4
19.528,17.3
19.53,15.2
19.532,18.3
19.534,25.6
19.536,33.6
19.538,38.3
19.54,40.3
19.542,38.2
19.544,32.5
19.546,24.8
19.548,17.8
19.55,15.4
19.552,18.7
19.554,25.9
19.556,33.4
19.558,38
19.56,40
19.562,38
19.564,32.2
19.566,24.9
19.568,17.4
19.57,14.9
19.572,17.9
19.574,24.8
19.576,32.1
19.578,36.4
19.58,37.4
19.582,35.3
19.584,29.4
19.586,21.7
19.588,13.6
19.59,10.8
19.592,13
19.594,18.8
19.596,25.2
19.598,28.2
19.6,28.7
19.602,25.1
19.604,17.8
19.606,8.27
19.608,-0.397
19.61,-4.98
19.612,-3.97
19.614,0.24
19.616,4.76
19.618,7.18
19.62,5.53
19.622,1.39
19.624,-7.6
19.626,-18.2
19.628,-28.4
19.63,-34.4
19.632,-34.8
19.634,-31.2
19.636,-27
19.638,-25.7
19.64,-26.7
19.642,-31.3
19.644,-38.3
19.646,-47.7
19.648,-55.1
19.65,-57.4
19.652,-53.9
19.654,-44.5
19.656,-34.2
19.658,-25.1
19.66,-17.2
19.662,-12.1
19.664,-9.89
19.666,-8.68
19.668,-7.41
19.67,-1.67
19.672,7.89
19.674,18.8
19.676,28.1
19.678,32.5
19.68,30.6
19.682,22.7
19.684,8.2
19.686,-10.3
19.688,-28.3
19.69,-42.4
19.692,-48.7
19.694,-48.5
19.696,-43.5
19.698,-38.4
19.7,-34.6
19.702,-33.2
19.704,-35.1
19.706,-38.4
19.708,-42.4
19.71,-42.1
19.712,-37.4
19.714,-29.1
19.716,-21.4
19.718,-15.8
19.72,-13.5
19.722,-15.4
19.724,-20.8
19.726,-27.9
19.728,-35.7
19.73,-39.3
19.732,-37.8
19.734,-33.5
19.736,-28.1
19.738,-25.1
19.74,-24
19.742,-28.4
19.744,-36.1
19.746,-43.8
19.748,-51.6
19.75,-55.4
19.752,-54.2
19.754,-47.6
19.756,-40.5
19.758,-34.7
19.76,-32.6
19.762,-33.2
19.764,-37.9
19.766,-44.7
19.768,-51.7
19.77,-54.1
19.772,-51.8
19.774,-45.4
19.776,-39
19.778,-34.5
19.78,-33
19.782,-34.7
19.784,-39.7
19.786,-46.3
19.788,-53.7
19.79,-56
19.792,-53.6
19.794,-47.1
19.796,-39.9
19.798,-34.7
19.8,-33.5
19.802,-34.8
19.804,-39.4
19.806,-47
19.808,-53.4
19.81,-56.6
19.812,-54.1
19.814,-47.4
19.816,-40
19.818,-34.6
19.82,-32.3
19.822,-34.1
19.824,-39.3
19.826,-46.8
19.828,-55.1
19.83,-57.8
19.832,-55.4
19.834,-47.7
19.836,-39.8
19.838,-33.9
19.84,-31.9
19.842,-33.5
19.844,-38.9
19.846,-46.7
19.848,-54.4
19.85,-57
19.852,-54.3
19.854,-46.7
19.856,-38.2
19.858,-32.8
19.86,-30.2
19.862,-30.7
19.864,-35.9
19.866,-42.7
19.868,-50.2
19.87,-52.3
19.872,-48.1
19.874,-39
19.876,-29.5
19.878,-21.1
19.88,-16
19.882,-14.1
19.884,-14.9
19.886,-18.4
19.888,-21.4
19.89,-18.7
19.892,-11.1
19.894,1.45
19.896,15.1
19.898,25
19.9,31.8
19.902,34
19.904,31.1
19.906,25.1
19.908,16.9
19.91,12.8
19.912,12.1
19.914,13.8
19.916,14.8
19.918,12.1
19.92,5.02
19.922,-5.18
19.924,-19.4
19.926,-34.7
19.928,-48.2
19.93,-54.1
19.932,-52.5
19.934,-42.9
19.936,-30.3
19.938,-16.3
19.94,-3.65
19.942,6.1
19.944,12.8
19.946,15.1
19.948,14.1
19.95,15.3
19.952,18
19.954,24.3
19.956,32.1
19.958,36
19.96,37
19.962,34.5
19.964,27.8
19.966,19.3
19.968,10.4
19.97,6.48
19.972,7.95
19.974,14.1
19.976,22.1
19.978,27.3
19.98,29.4
19.982,28.8
19.984,25.2
19.986,18.5
19.988,11.4
19.99,9.73
19.992,12.3
19.994,19.7
19.996,28.6
19.998,34.5
20,36.4
20.002,35.3
20.004,30.8
20.006,23.4
20.008,15.5
20.01,12.2
20.012,14.2
20.014,20.9
20.016,29
20.018,33.9
20.02,36
20.022,35.2
20.024,29.7
20.026,22.7
20.028,14.4
20.03,11.1
20.032,13.4
20.034,20.5
20.036,28.6
20.038,34
20.04,35.9
20.042,35.2
20.044,30.2
20.046,22.5
20.048,13.8
20.05,10.8
20.052,13.2
20.054,20.3
20.056,29
20.058,35.1
20.06,37.9
20.062,36.7
20.064,31.7
20.066,24.8
20.068,15.5
20.07,12.4
20.072,14.5
20.074,21.6
20.076,30.8
20.078,37
20.08,39.7
20.082,39.1
20.084,33.2
20.086,26
20.088,16.4
20.09,13.2
20.092,15.5
20.094,23.6
20.096,32.5
20.098,39.5
20.1,42
20.102,40.8
20.104,35.7
20.106,27.8
20.108,18.8
20.11,15.5
20.112,17.3
20.114,25.2
20.116,34
20.118,39.7
20.12,42.7
20.122,41.5
20.124,36.2
20.126,28.5
20.128,18.8
20.13,15.2
20.132,17
20.134,24.1
20.136,33.5
20.138,40
20.14,42.2
20.142,41.6
20.144,35.9
20.146,27.7
20.148,18.3
20.15,14.3
20.152,16.2
20.154,24.2
20.156,32.8
20.158,39.4
20.16,42.7
20.162,41.3
20.164,36
20.166,28.3
20.168,18.8
20.17,15
20.172,16.6
20.174,24.3
20.176,33.2
20.178,39.5
20.18,42.2
20.182,41.3
20.184,35.5
20.186,28
20.188,18.7
20.19,14.9
20.192,16.4
20.194,23.9
20.196,32.3
20.198,38.7
20.2,41.4
20.202,40.3
20.204,35.5
20.206,27.6
20.208,18.7
20.21,14.8
20.212,16.4
20.214,23.9
20.216,31.9
20.218,38.3
20.22,41
20.222,39.8
20.224,34.8
20.226,27.6
20.228,18.5
20.23,15.3
20.232,16.8
20.234,23.4
20.236,31.7
20.238,37.8
20.24,40.3
20.242,39.6
20.244,34.6
20.246,27.6
20.248,18.9
20.25,15.5
20.252,17.1
20.254,23.9
20.256,31.7
20.258,37.7
20.26,40.1
20.262,39.3
20.264,34.6
20.266,27.5
20.268,19
20.27,15.8
20.272,16.9
20.274,23.7
20.276,31.8
20.278,37.2
20.28,39.9
20.282,39.4
20.284,34.5
20.286,28
20.288,19.5
20.29,15.9
20.292,17.4
20.294,23.8
20.296,31.4
20.298,37.1
20.3,39.3
20.302,38.5
20.304,34.4
20.306,27.4
20.308,19.1
20.31,15.8
20.312,16.7
20.314,23
20.316,30.4
20.318,35.7
20.32,38.4
20.322,37
20.324,32.6
20.326,25.9
20.328,17.3
20.33,13.8
20.332,14.6
20.334,20.6
20.336,27.8
20.338,32.6
20.34,34.4
20.342,33.6
20.344,28.1
20.346,20.9
20.348,11.6
20.35,6.93
20.352,6.87
20.354,11.6
20.356,17.3
20.358,21.3
20.36,21.2
20.362,17.7
20.364,10.5
20.366,0.176
20.368,-11.5
20.37,-19.3
20.372,-23.3
20.374,-21.9
20.376,-19.9
20.378,-20.3
20.38,-22.4
20.382,-27.6
20.384,-35.8
20.386,-45.3
20.388,-55.1
20.39,-58.6
20.392,-55.4
20.394,-45.3
20.396,-31.8
20.398,-17.3
20.4,-5.24
20.402,5.34
20.404,11.3
20.406,13.4
20.408,10.6
20.41,8.14
20.412,6.17
20.414,4.19
20.416,-0.206
20.418,-8.3
20.42,-19.8
20.422,-31.9
20.424,-42.6
20.426,-51.2
20.428,-58.6
20.43,-59.5
20.432,-56
20.434,-46.4
20.436,-35.9
20.438,-27.5
20.44,-21.7
20.442,-20.5
20.444,-23.2
20.446,-28.3
20.448,-35.1
20.45,-39
20.452,-37.3
20.454,-31.7
20.456,-25.2
20.458,-20
20.46,-18.9
20.462,-20.8
20.464,-26.5
20.466,-35.1
20.468,-44.6
20.47,-50.3
20.472,-51.9
20.474,-47.4
20.476,-41
20.478,-36.1
20.48,-34.1
20.482,-35.4
20.484,-40
20.486,-46.3
20.488,-54.1
20.49,-57.6
20.492,-56.6
20.494,-50.8
20.496,-42.9
20.498,-37.3
20.5,-33.8
20.502,-34.6
20.504,-38.7
20.506,-45.6
20.508,-54
20.51,-58.4
20.512,-57.8
20.514,-51.7
20.516,-44
20.518,-38.4
20.52,-35.9
20.522,-35.8
20.524,-39.9
20.526,-46.7
20.528,-55.1
20.53,-59.3
20.532,-58.9
20.534,-52.4
20.536,-44.4
20.538,-38.4
20.54,-35.2
20.542,-35.3
20.544,-40
20.546,-47.1
20.548,-56
20.55,-60.4
20.552,-59.5
20.554,-53.1
20.556,-44.5
20.558,-37.9
20.56,-34.7
20.562,-35
20.564,-39.5
20.566,-46.6
20.568,-55.4
20.57,-60.2
20.572,-59.6
20.574,-52.7
20.576,-44.1
20.578,-37.3
20.58,-34
20.582,-34
20.584,-38.4
20.586,-45.3
20.588,-54.6
20.59,-57.9
20.592,-56.9
20.594,-49.3
20.596,-40.1
20.598,-32.8
20.6,-27.5
20.602,-26.6
20.604,-29.3
20.606,-33.5
20.608,-40
20.61,-41.2
20.612,-36.8
20.614,-26.3
20.616,-13.9
20.618,-2.56
20.62,5.59
20.622,10.9
20.624,11.6
20.626,10.1
20.628,5.97
20.63,5.27
20.632,8.78
20.634,17.3
20.636,25.6
20.638,30.5
20.64,30.5
20.642,25.5
20.644,14.4
20.646,-0.588
20.648,-18.1
20.65,-31.7
20.652,-40.4
20.654,-41.8
20.656,-39.3
20.658,-35.9
20.66,-32.1
20.662,-29.1
20.664,-26.7
20.666,-23.2
20.668,-20.6
20.67,-13.3
20.672,-1.86
20.674,12.3
20.676,25.5
20.678,34.1
20.68,36.1
20.682,36.5
20.684,31.8
20.686,24.1
20.688,14.3
20.69,7.76
20.692,5.85
20.694,9.67
20.696,14.3
20.698,18.2
20.7,19.7
20.702,17.3
20.704,11.9
20.706,4.32
20.708,-4.47
20.71,-9.83
20.712,-9.95
20.714,-4.03
20.716,4.38
20.718,10.9
20.72,15.3
20.722,16.9
20.724,14.3
20.726,9.73
20.728,2.98
20.73,-0.142
20.732,1.77
20.734,9.99
20.736,19.4
20.738,28.1
20.74,32.8
20.742,33.4
20.744,29.2
20.746,21.8
20.748,11.6
20.75,6.1
20.752,6.17
20.754,13.2
20.756,22.2
20.758,29.7
20.76,33.5
20.762,33.6
20.764,29
20.766,22
20.768,12.7
20.77,7.63
20.772,7.69
20.774,15.1
20.776,23.9
20.778,31
20.78,34.9
20.782,34.5
20.784,31
20.786,24.2
20.788,15.8
20.79,10.5
20.792,11.1
20.794,17.9
20.796,26.1
20.798,32.9
20.8,36.6
20.802,36.3
20.804,32.8
20.806,26.5
20.808,17.9
20.81,13.6
20.812,13.6
20.814,19.8
20.816,27.6
20.818,34.1
20.82,38
20.822,38.1
20.824,34.3
20.826,27.8
20.828,19.8
20.83,14.6
20.832,14.9
20.834,20.9
20.836,28.8
20.838,35.1
20.84,38
20.842,38.7
20.844,34.9
20.846,28.3
20.848,20.2
20.85,15.5
20.852,15.7
20.854,21.5
20.856,28.9
20.858,35.6
20.86,39
20.862,38.7
20.864,35.4
20.866,29.4
20.868,21.2
20.87,16.4
20.872,16.8
20.874,22.3
20.876,30.4
20.878,36.2
20.88,39.4
20.882,39.9
20.884,36.1
20.886,30.1
20.888,22.3
20.89,17.1
20.892,17.1
20.894,23.2
20.896,30.2
20.898,36.6
20.9,40.3
20.902,40.1
20.904,36.5
20.906,30.2
20.908,22.4
20.91,17.4
20.912,17.8
20.914,23.1
20.916,30.5
20.918,36.3
20.92,39.4
20.922,40.1
20.924,35.9
20.926,30.3
20.928,22
20.93,16.9
20.932,17.2
20.934,22.2
20.936,29.4
20.938,35.8
20.94,38.8
20.942,39
20.944,35.4
20.946,29.5
20.948,21.6
20.95,16.5
20.952,16.4
20.954,22
20.956,28.7
20.958,35.1
20.96,38.3
20.962,38.3
20.964,35.1
20.966,29.4
20.968,20.9
20.97,16.4
20.972,15.8
20.974,21.2
20.976,28.9
20.978,34.8
20.98,38.1
20.982,38.6
20.984,34.9
20.986,29.3
20.988,20.9
20.99,16
20.992,16
20.994,21.1
20.996,28.3
20.998,34.8
21,37.7
21.002,38.2
21.004,35
21.006,28.6
21.008,20.7
21.01,15.7
21.012,15.3
21.014,20.8
21.016,28
21.018,33.9
21.02,38.1
21.022,38
21.024,34.3
21.026,28.3
21.028,20.3
21.03,15.3
21.032,15
21.034,19.9
21.036,27.5
21.038,33.7
21.04,36.4
21.042,37.3
21.044,32.3
21.046,21.8
21.048,19.4
21.05,13.1
21.052,13.2
21.054,18.5
21.056,25
21.058,32.4
21.06,34.6
21.062,34.4
21.064,31.3
21.066,24.3
21.068,16.2
21.07,11
21.072,10.3
21.074,15.2
21.076,22
21.078,27.6
21.08,30.8
21.082,30.6
21.084,26.2
21.086,19.5
21.088,10.4
21.09,4.25
21.092,2.41
21.094,5.72
21.096,11
21.098,14.7
21.1,15.2
21.102,12.5
21.104,5.21
21.106,-6
21.108,-18.7
21.11,-29.6
21.112,-36.5
21.114,-37.7
21.116,-37
21.118,-35.9
21.12,-36.8
21.122,-39.6
21.124,-43.3
21.126,-48.1
21.128,-51.9
21.13,-49.8
21.132,-41.1
21.134,-25
21.136,-6
21.138,10.9
21.14,22.4
21.142,26.5
21.144,21.8
21.146,8.65
21.148,-11.2
21.15,-31.7
21.152,-47.9
21.154,-54.3
21.156,-53
21.158,-46.4
21.16,-42.6
21.162,-39.1
21.164,-38.6
21.166,-40.7
21.168,-44.8
21.17,-47.1
21.172,-45.6
21.174,-38.6
21.176,-30.7
21.178,-24.4
21.18,-20.8
21.182,-21
21.184,-25.4
21.186,-32.8
21.188,-43.3
21.19,-50.2
21.192,-53.2
21.194,-50.2
21.196,-44.9
21.198,-40.5
21.2,-38.2
21.202,-37.2
21.204,-40.8
21.206,-45.9
21.208,-53.1
21.21,-57.6
21.212,-57.7
21.214,-51.8
21.216,-44.3
21.218,-37.3
21.22,-34
21.222,-33.8
21.224,-37.2
21.226,-44.2
21.228,-52.5
21.23,-58.1
21.232,-58.9
21.234,-53.3
21.236,-45.4
21.238,-38.7
21.24,-34.5
21.242,-34.2
21.244,-37.4
21.246,-43.3
21.248,-51.7
21.25,-57.2
21.252,-58.2
21.254,-52.7
21.256,-44.9
21.258,-38.2
21.26,-34.2
21.262,-33.1
21.264,-36.5
21.266,-43.3
21.268,-51.5
21.27,-56.8
21.272,-58.3
21.274,-52.6
21.276,-45.1
21.278,-37.9
21.28,-34
21.282,-33.4
21.284,-36.6
21.286,-43.1
21.288,-51.8
21.29,-57.1
21.292,-58.6
21.294,-53.2
21.296,-45.3
21.298,-38.2
21.3,-34
21.302,-33.4
21.304,-36.5
21.306,-42.5
21.308,-50.9
21.31,-56.7
21.312,-57.5
21.314,-52.6
21.316,-44.7
21.318,-37.4
21.32,-33.5
21.322,-32.3
21.324,-34.9
21.326,-41.2
21.328,-48.8
21.33,-54
21.332,-54.1
21.334,-48.2
21.336,-39.9
21.338,-31.8
21.34,-26.7
21.342,-24.9
21.344,-26.3
21.346,-31.2
21.348,-37.3
21.35,-40.7
21.352,-39.5
21.354,-31.9
21.356,-21.2
21.358,-11.2
21.36,-3.46
21.362,1.39
21.364,2.15
21.366,0.877
21.368,-2.37
21.37,-3.52
21.372,0.113
21.374,8.9
21.376,20.1
21.378,29.9
21.38,35.2
21.382,36.8
21.384,32.8
21.386,24.5
21.388,12.5
21.39,0.877
21.392,-7.21
21.394,-10.3
21.396,-11.7
21.398,-13.7
21.4,-17.9
21.402,-24.3
21.404,-32.8
21.406,-41.9
21.408,-50.9
21.41,-54.9
21.412,-52.2
21.414,-40.9
21.416,-24
21.418,-7.72
21.42,7.06
21.422,18.2
21.424,23.8
21.426,23.9
21.428,19.2
21.43,13.6
21.432,12.5
21.434,16.9
21.436,23.1
21.438,28.5
21.44,31.1
21.442,30.1
21.444,25.5
21.446,17.4
21.448,7.95
21.45,0.813
21.452,-2.05
21.454,1.2
21.456,7.31
21.458,13.3
21.46,16.4
21.462,17.1
21.464,13.7
21.466,8.33
21.468,0.495
21.47,-4.54
21.472,-5.49
21.474,0.431
21.476,8.46
21.478,16.1
21.48,21.3
21.482,23.8
21.484,22
21.486,17.4
21.488,10.9
21.49,6.23
21.492,6.29
21.494,12
21.496,20.2
21.498,27.8
21.5,31.7
21.502,32.7
21.504,29.6
21.506,23.5
21.508,15.4
21.51,9.67
21.512,8.08
21.514,12.6
21.516,20.5
21.518,27.6
21.52,32.9
21.522,34.1
21.524,31.2
21.526,25.5
21.528,17.3
21.53,11.4
21.532,10.5
21.534,14.9
21.536,22.6
21.538,29.3
21.54,33.8
21.542,35.5
21.544,32.7
21.546,26.7
21.548,19.2
21.55,13.2
21.552,12.1
21.554,16.8
21.556,24.5
21.558,31.5
21.56,35.8
21.562,37.1
21.564,34.9
21.566,28.8
21.568,20.9
21.57,15.1
21.572,13.6
21.574,17.7
21.576,26.1
21.578,32.8
21.58,37.4
21.582,38.5
21.584,35.9
21.586,30
21.588,22.2
21.59,15.8
21.592,14.7
21.594,19.2
21.596,26.4
21.598,33.4
21.6,38
21.602,39.5
21.604,36.4
21.606,30.2
21.608,22.6
21.61,16.2
21.612,14.8
21.614,19.2
21.616,26.6
21.618,33.8
21.62,37.9
21.622,39.4
21.624,36.8
21.626,30.8
21.628,22.6
21.63,17.1
21.632,15.5
21.634,19.7
21.636,27.1
21.638,34
21.64,38.5
21.642,39.8
21.644,37
21.646,31.3
21.648,23.6
21.65,17.1
21.652,15.7
21.654,20.6
21.656,27.4
21.658,34.6
21.66,38.8
21.662,40.2
21.664,37.9
21.666,31.3
21.668,23.4
21.67,16.9
21.672,14.8
21.674,19.5
21.676,27.1
21.678,33.9
21.68,38.7
21.682,39.6
21.684,37.1
21.686,31.4
21.688,23
21.69,16.3
21.692,14.8
21.694,18.7
21.696,26.6
21.698,33.8
21.7,38.3
21.702,39.6
21.704,36.7
21.706,30.7
21.708,23
21.71,16.1
21.712,14.7
21.714,18.6
21.716,26.2
21.718,33.1
21.72,37.9
21.722,39.2
21.724,37.1
21.726,30.7
21.728,22.5
21.73,16.4
21.732,14.3
21.734,18.5
21.736,26
21.738,33.2
21.74,37.2
21.742,38.9
21.744,36.2
21.746,30.4
21.748,22.5
21.75,15.8
21.752,13.9
21.754,17.3
21.756,25
21.758,31.8
21.76,36.5
21.762,37.4
21.764,35.1
21.766,28.9
21.768,21.4
21.77,14.6
21.772,12.3
21.774,16.3
21.776,23.7
21.778,30.4
21.78,35
21.782,36
21.784,32.9
21.786,27.3
21.788,19
21.79,12.4
21.792,10.4
21.794,13.7
21.796,20.8
21.798,27.4
21.8,30.9
21.802,32
21.804,28.7
21.806,21.9
21.808,13
21.81,5.02
21.812,2.02
21.814,4.44
21.816,9.67
21.818,14.7
21.82,17
21.822,15.4
21.824,9.8
21.826,0.877
21.828,-10.5
21.83,-21.2
21.832,-27.5
21.834,-27.7
21.836,-25.7
21.838,-23.7
21.84,-23.3
21.842,-27
21.844,-33.3
21.846,-42.4
21.848,-53.3
21.85,-61.2
21.852,-63.2
21.854,-58.1
21.856,-46.9
21.858,-33.5
21.86,-21.6
21.862,-10.5
21.864,-2.5
21.866,1.96
21.868,3.49
21.87,2.79
21.872,3.74
21.874,5.66
21.876,5.72
21.878,1.13
21.88,-8.93
21.882,-23
21.884,-37.6
21.886,-49.6
21.888,-58.6
21.89,-63.8
21.892,-63.3
21.894,-56.2
21.896,-44.3
21.898,-33.7
21.9,-25.5
21.902,-20.3
21.904,-21.3
21.906,-25.7
21.908,-33.2
21.91,-40.2
21.912,-42.2
21.914,-38.9
21.916,-32.1
21.918,-25.4
21.92,-22.8
21.922,-23.1
21.924,-27.5
21.926,-35.9
21.928,-46.4
21.93,-55.8
21.932,-59.8
21.934,-55.9
21.936,-48.4
21.938,-41
21.94,-34.9
21.942,-32.4
21.944,-34.5
21.946,-40.2
21.948,-49.2
21.95,-56.7
21.952,-59.5
21.954,-55.8
21.956,-47.3
21.958,-38.7
21.96,-33.9
21.962,-31.8
21.964,-34.1
21.966,-40.5
21.968,-49.5
21.97,-57.7
21.972,-60.2
21.974,-56
21.976,-47.9
21.978,-39.2
21.98,-33.8
21.982,-32.6
21.984,-34.6
21.986,-40.6
21.988,-48.9
21.99,-56.3
21.992,-58.9
21.994,-55.1
21.996,-47.2
21.998,-39.6
22,-34.1
22.002,-32.6
22.004,-34.5
22.006,-40.5
22.008,-48.9
22.01,-56.8
22.012,-58.9
22.014,-55.9
22.016,-47.9
22.018,-39.5
22.02,-34.5
22.022,-32.3
22.024,-34.4
22.026,-41
22.028,-48.9
22.03,-56.8
22.032,-59
22.034,-55
22.036,-47.3
22.038,-39.1
22.04,-33
22.042,-31.3
22.044,-33.3
22.046,-38.8
22.048,-46.8
22.05,-53.5
22.052,-55.4
22.054,-51.8
22.056,-43.6
22.058,-36
22.06,-30
22.062,-27.2
22.064,-28.9
22.066,-33.1
22.068,-40
22.07,-45.8
22.072,-46.5
22.074,-41.6
22.076,-32.5
22.078,-22.8
22.08,-15.6
22.082,-11.2
22.084,-9.7
22.086,-12.1
22.088,-16.2
22.09,-19.8
22.092,-18.3
22.094,-10.3
22.096,1
22.098,12.6
22.1,22.5
22.102,28.1
22.104,29.5
22.106,27.2
22.108,21.9
22.11,15.8
22.112,13.6
22.114,15.1
22.116,20.5
22.118,24.8
22.12,24.2
22.122,20.2
22.124,10.8
22.126,-3.01
22.128,-18.8
22.13,-34.4
22.132,-41.9
22.134,-39.1
22.136,-39.3
22.138,-26.3
22.14,-17.7
22.142,-13.8
22.144,-14.5
22.146,-21.4
22.148,-31
22.15,-15.1
22.152,-7.21
22.154,5.53
22.156,19.4
22.158,31.4
22.16,37.3
22.162,39.2
22.164,36.3
22.166,30.8
22.168,21.6
22.17,13.4
22.172,9.1
22.174,13.9
22.176,22.8
22.178,29
22.18,36
22.182,33.9
22.184,31.8
22.186,24.7
22.188,15.5
22.19,7.76
22.192,12.2
22.194,17.3
22.196,23.4
22.198,31.5
22.2,36.3
22.202,37.9
22.204,36.5
22.206,30.4
22.208,22.5
22.21,15.5
22.212,12.5
22.214,15.7
22.216,22.7
22.218,30
22.22,35.4
22.222,37.3
22.224,35.1
22.226,30.1
22.228,22.1
22.23,14.5
22.232,11.9
22.234,14.3
22.236,21.8
22.238,29.4
22.24,34.9
22.242,37.3
22.244,35.7
22.246,30.4
22.248,23.2
22.25,15.3
22.252,13.5
22.254,16.3
22.256,23.4
22.258,30.7
22.26,36.2
22.262,38.3
22.264,36.8
22.266,32
22.268,24.5
22.27,17.8
22.272,15.2
22.274,18
22.276,25.3
22.278,32.2
22.28,37.8
22.282,39.4
22.284,38
22.286,33.4
22.288,26
22.29,19
22.292,17
22.294,19.5
22.296,26
22.298,33.8
22.3,38.7
22.302,40.5
22.304,39.6
22.306,34.4
22.308,27.3
22.31,20.6
22.312,18.1
22.314,20.4
22.316,27
22.318,34.3
22.32,39.2
22.322,40.6
22.324,39.6
22.326,34.9
22.328,28
22.33,20.8
22.332,18.3
22.334,20.9
22.336,27.3
22.338,34.3
22.34,39.3
22.342,41.3
22.344,39.7
22.346,35.2
22.348,28.6
22.35,20.9
22.352,19.2
22.354,21.6
22.356,28
22.358,35.3
22.36,39.9
22.362,41.9
22.364,41.2
22.366,36.1
22.368,29.5
22.37,22.2
22.372,19.6
22.374,22.1
22.376,28.7
22.378,35.5
22.38,40.8
22.382,42.5
22.384,41.1
22.386,36.2
22.388,28.7
22.39,21.5
22.392,19
22.394,20.8
22.396,28
22.398,35.3
22.4,40.4
22.402,42.4
22.404,40.6
22.406,36.2
22.408,28.2
22.41,20.4
22.412,18.1
22.414,20.3
22.416,26.9
22.418,35
22.42,40.3
22.422,41.8
22.424,40.8
22.426,35.3
22.428,28.3
22.43,20.4
22.432,17.4
22.434,19.9
22.436,26.9
22.438,34.1
22.44,39.4
22.442,41.7
22.444,40
22.446,35.3
22.448,28.5
22.45,20
22.452,17.6
22.454,19.4
22.456,26.2
22.458,34.1
22.46,38.6
22.462,41.1
22.464,40
22.466,34.6
22.468,28
22.47,19.9
22.472,16.9
22.474,19
22.476,25.7
22.478,33.1
22.48,38.5
22.482,40.2
22.484,38.8
22.486,34.2
22.488,26.9
22.49,18.7
22.492,16
22.494,17.9
22.496,24.5
22.498,31.5
22.5,36.6
22.502,38.6
22.504,37.1
22.506,31.3
22.508,23.9
22.51,15.4
22.512,12
22.514,13.2
22.516,18.8
22.518,25.8
22.52,30.1
22.522,30.4
22.524,28
22.526,20.9
22.528,11.4
22.53,1.13
22.532,-4.92
22.534,-6.19
22.536,-3.2
22.538,1.07
22.54,1.2
22.542,-1.67
22.544,-8.55
22.546,-18.9
22.548,-32.6
22.55,-45.8
22.552,-53.3
22.554,-55.1
22.556,-50.7
22.558,-43.3
22.56,-36.7
22.562,-29.9
22.564,-24.5
22.566,-19.4
22.568,-15.1
22.57,-10.7
22.572,-2.63
22.574,6.99
22.576,16.9
22.578,23.4
22.58,22
22.582,11.6
22.584,-5.11
22.586,-25.6
22.588,-44.9
22.59,-57.9
22.592,-61.1
22.594,-57.5
22.596,-48.2
22.598,-37.3
22.6,-28.7
22.602,-24.3
22.604,-23
22.606,-26
22.608,-31.6
22.61,-40.7
22.612,-41.7
22.614,-40
22.616,-34
22.618,-25.9
22.62,-19.7
22.622,-17.2
22.624,-17.8
22.626,-22.4
22.628,-29.5
22.63,-37.9
22.632,-42
22.634,-41.6
22.636,-35.9
22.638,-29.5
22.64,-25.6
22.642,-24.8
22.644,-27.6
22.646,-33.5
22.648,-41.7
22.65,-51
22.652,-54.7
22.654,-54.3
22.656,-48.3
22.658,-41.5
22.66,-36.6
22.662,-34.4
22.664,-34.7
22.666,-38.9
22.668,-45.4
22.67,-53.5
22.672,-56.5
22.674,-54.4
22.676,-48.3
22.678,-40.4
22.68,-34.9
22.682,-32.9
22.684,-33.9
22.686,-38.8
22.688,-45.5
22.69,-53.5
22.692,-56.8
22.694,-55.3
22.696,-49
22.698,-41.2
22.7,-35.8
22.702,-33
22.704,-33.7
22.706,-38.4
22.708,-45.7
22.71,-54.1
22.712,-57.2
22.714,-55.7
22.716,-48.9
22.718,-40.5
22.72,-35
22.722,-32.1
22.724,-33
22.726,-38.1
22.728,-44.8
22.73,-53.5
22.732,-57
22.734,-55.3
22.736,-48.4
22.738,-39.9
22.74,-33.3
22.742,-31.1
22.744,-31.6
22.746,-36.2
22.748,-43.5
22.75,-52.3
22.752,-55.8
22.754,-54.4
22.756,-46.8
22.758,-38.6
22.76,-32.4
22.762,-29.3
22.764,-29.8
22.766,-34.2
22.768,-40.7
22.77,-49.3
22.772,-51.9
22.774,-49.5
22.776,-40.8
22.778,-30.2
22.78,-21.9
22.782,-16.5
22.784,-14.4
22.786,-16.9
22.788,-20.8
22.79,-26.7
22.792,-27.4
22.794,-21.4
22.796,-9.51
22.798,3.94
22.8,15.3
22.802,22.4
22.804,25.7
22.806,23.9
22.808,18.8
22.81,11.9
22.812,9.99
22.814,12.3
22.816,21.3
22.818,30.1
22.82,35.5
22.822,36.6
22.824,32.4
22.826,23.2
22.828,10.3
22.83,-4.79
22.832,-15.5
22.834,-20.4
22.836,-19.4
22.838,-16.8
22.84,-16.9
22.842,-19.3
22.844,-24.4
22.846,-33.1
22.848,-42.7
22.85,-52.3
22.852,-55.3
22.854,-51
22.856,-38.4
22.858,-23.5
22.86,-9.25
22.862,1.9
22.864,9.41
22.866,12.3
22.868,12.2
22.87,8.65
22.872,9.73
22.874,13.4
22.876,21.1
22.878,29.9
22.88,36.1
22.882,38.3
22.884,36.6
22.886,30.5
22.888,21.8
22.89,11.8
22.892,6.23
22.894,6.99
22.896,13.2
22.898,21.8
22.9,28.2
22.902,31.2
22.904,31.3
22.906,27.1
22.908,20.4
22.91,12.2
22.912,9.8
22.914,11.5
22.916,19.4
22.918,27.4
22.92,33.2
22.922,36.4
22.924,35.2
22.926,30.8
22.928,24
22.93,15
22.932,11.6
22.934,12.8
22.936,19.3
22.938,27.8
22.94,33.7
22.942,36.7
22.944,35.9
22.946,31.7
22.948,25
22.95,16.8
22.952,12.9
22.954,14.3
22.956,21.3
22.958,29.7
22.96,36
22.962,38.9
22.964,38.5
22.966,34.3
22.968,27.8
22.97,19.7
22.972,16
22.974,17.4
22.976,24
22.978,32.2
22.98,38.3
22.982,41.1
22.984,41
22.986,36.4
22.988,29.8
22.99,21.7
22.992,18
22.994,19
22.996,25.3
22.998,33.7
23,39.4
23.002,42.4
23.004,42.1
23.006,37.4
23.008,31
23.01,22.5
23.012,18.5
23.014,19.7
23.016,26.4
23.018,33.9
23.02,40.3
23.022,42.7
23.024,42.1
23.026,38.2
23.028,31
23.03,22.7
23.032,19.5
23.034,19.8
23.036,26.5
23.038,34.6
23.04,40.1
23.042,43.2
23.044,42.5
23.046,38.5
23.048,31.8
23.05,23
23.052,19
23.054,20.2
23.056,26.5
23.058,35
23.06,40.8
23.062,43.8
23.064,43.8
23.066,39.1
23.068,32.4
23.07,23.7
23.072,19.4
23.074,20.1
23.076,26.9
23.078,35.2
23.08,41.5
23.082,44.7
23.084,44.4
23.086,39.5
23.088,32.1
23.09,22.5
23.092,16.6
23.094,15.7
23.096,23.1
23.098,33.1
23.1,40.6
23.102,44.6
23.104,44.4
23.106,39.1
23.108,30.7
23.11,20.9
23.112,15.9
23.114,16.4
23.116,24.1
23.118,33.3
23.12,40.8
23.122,43.9
23.124,43.9
23.126,39
23.128,30.9
23.13,22.2
23.132,17.1
23.134,17.8
23.136,25.2
23.138,33.4
23.14,40.3
23.142,43.8
23.144,43.1
23.146,38.7
23.148,31.5
23.15,22.2
23.152,17.8
23.154,18.4
23.156,24.8
23.158,33.4
23.16,40.4
23.162,43.1
23.164,43.1
23.166,38.2
23.168,31.4
23.17,22.3
23.172,17.4
23.174,18
23.176,24.9
23.178,33.4
23.18,40.3
23.182,43.6
23.184,43.4
23.186,38.3
23.188,31.1
23.19,21.8
23.192,17.2
23.194,16.9
23.196,23.7
23.198,31.7
23.2,37.6
23.202,40.6
23.204,39.4
23.206,34.1
23.208,26.2
23.21,15.8
23.212,9.73
23.214,8.08
23.216,13.2
23.218,19.5
23.22,24.2
23.222,24.1
23.224,21.4
23.226,13.9
23.228,3.3
23.23,-9.38
23.232,-17.8
23.234,-21.8
23.236,-19.3
23.238,-16.1
23.24,-14.5
23.242,-15.8
23.244,-20.8
23.246,-28.6
23.248,-38.4
23.25,-49.9
23.252,-55.3
23.254,-54.6
23.256,-46.1
23.258,-33.5
23.26,-20.7
23.262,-8.93
23.264,1.96
23.266,7.89
23.268,12
23.27,11.8
23.272,11.3
23.274,12
23.276,13.9
23.278,11.3
23.28,3.74
23.282,-9.19
23.284,-23.7
23.286,-37.7
23.288,-47.6
23.29,-55.8
23.292,-58.6
23.294,-55.4
23.296,-46.4
23.298,-35.4
23.3,-27.2
23.302,-22.1
23.304,-20.7
23.306,-25
23.308,-32.1
23.31,-41.7
23.312,-48.1
23.314,-49.3
23.316,-45.1
23.318,-39.1
23.32,-34.7
23.322,-32.2
23.324,-32.9
23.326,-37.2
23.328,-45
23.33,-54
23.332,-59.2
23.334,-58.8
23.336,-52.2
23.338,-44.4
23.34,-38.6
23.342,-34.5
23.344,-35.1
23.346,-38.9
23.348,-45.3
23.35,-54
23.352,-58.6
23.354,-58.5
23.356,-52.6
23.358,-44.5
23.36,-38.2
23.362,-35.8
23.364,-34.9
23.366,-39.1
23.368,-45.1
23.37,-53.1
23.372,-57.9
23.374,-57.5
23.376,-51.6
23.378,-43.7
23.38,-37.2
23.382,-33.7
23.384,-33.5
23.386,-37.4
23.388,-43.5
23.39,-51.6
23.392,-56
23.394,-56.3
23.396,-50
23.398,-42.3
23.4,-35.9
23.402,-32.6
23.404,-32.4
23.406,-36.6
23.408,-42.8
23.41,-50.9
23.412,-56
23.414,-55.6
23.416,-50
23.418,-42.8
23.42,-36.2
23.422,-33.7
23.424,-32.6
23.426,-36.6
23.428,-43.4
23.43,-51.9
23.432,-57.1
23.434,-57.2
23.436,-50.5
23.438,-42.8
23.44,-35.9
23.442,-32.2
23.444,-32.1
23.446,-36.1
23.448,-42.1
23.45,-50.7
23.452,-55.3
23.454,-55.1
23.456,-49.3
23.458,-41.1
23.46,-34.7
23.462,-30.9
23.464,-30.2
23.466,-34.4
23.468,-40.3
23.47,-48.1
23.472,-52.4
23.474,-51.2
23.476,-44.1
23.478,-34.4
23.48,-25.6
23.482,-18.9
23.484,-14.8
23.486,-13.5
23.488,-14.6
23.49,-16.8
23.492,-14.5
23.494,-7.66
23.496,5.97
23.498,20.1
23.5,31.7
23.502,38.7
23.504,39.7
23.506,33.7
23.508,22.4
23.51,5.72
23.512,-9.57
23.514,-21.2
23.516,-27.8
23.518,-30.7
23.52,-30.9
23.522,-30.3
23.524,-27.1
23.526,-23.1
23.528,-17
23.53,-11.2
23.532,-2.12
23.534,7.89
23.536,20.4
23.538,28.7
23.54,35.6
23.542,38.8
23.544,37.9
23.546,32.1
23.548,23.3
23.55,11.8
23.552,4.51
23.554,1.26
23.556,4.38
23.558,10.4
23.56,15.1
23.562,16.8
23.564,16.6
23.566,11.8
23.568,5.27
23.57,-3.58
23.572,-10
23.574,-10.8
23.576,-1.67
23.578,5.66
23.58,13.7
23.582,18.4
23.584,20.9
23.586,19.7
23.588,14.8
23.59,8.71
23.592,5.97
23.594,7.44
23.596,15.1
23.598,24.5
23.6,32.5
23.602,37.6
23.604,38.7
23.606,35
23.608,28.8
23.61,19.8
23.612,14.8
23.614,14.5
23.616,19.9
23.618,27.5
23.62,33.5
23.622,37.4
23.624,37.9
23.626,33.8
23.628,27.5
23.63,19.7
23.632,14.3
23.634,14
23.636,19.2
23.638,26.4
23.64,33.2
23.642,36.5
23.644,36.7
23.646,33.3
23.648,27.1
23.65,19.3
23.652,14.1
23.654,13
23.656,19.7
23.658,27.5
23.66,33.8
23.662,37.6
23.664,38.7
23.666,35
23.668,29.2
23.67,21.3
23.672,16.4
23.674,15.8
23.676,21.6
23.678,29.5
23.68,36.5
23.682,39.7
23.684,40.8
23.686,37.6
23.688,31.5
23.69,23.8
23.692,19
23.694,18.2
23.696,24.1
23.698,31.1
23.7,37.9
23.702,41.6
23.704,42.7
23.706,39.2
23.708,33.7
23.71,25.6
23.712,21
23.714,20.8
23.716,25.6
23.718,33.5
23.72,39.6
23.722,43.4
23.724,44.1
23.726,40.6
23.728,34.6
23.73,27.1
23.732,22.1
23.734,21.6
23.736,26.8
23.738,33.9
23.74,40.6
23.742,44.1
23.744,44.5
23.746,41.4
23.748,35
23.75,27.5
23.752,22.2
23.754,21.5
23.756,26.6
23.758,34
23.76,40.1
23.762,43.6
23.764,44.6
23.766,41.2
23.768,35.7
23.77,27.6
23.772,22.8
23.774,22.4
23.776,27.2
23.778,34.6
23.78,40.6
23.782,43.9
23.784,44.7
23.786,41.9
23.788,35.9
23.79,28.3
23.792,22.7
23.794,21.8
23.796,26.9
23.798,33.6
23.8,39.9
23.802,43.6
23.804,43.9
23.806,41.4
23.808,35.4
23.81,27.3
23.812,22.3
23.814,21.1
23.816,26.1
23.818,33.1
23.82,39
23.822,42.9
23.824,43.5
23.826,40.3
23.828,34.6
23.83,27.1
23.832,21.8
23.834,20.9
23.836,25.4
23.838,32.5
23.84,38.6
23.842,42
23.844,43
23.846,39.7
23.848,33.9
23.85,26.5
23.852,21.5
23.854,19.9
23.856,24.6
23.858,31.5
23.86,37.6
23.862,41.6
23.864,42
23.866,39.2
23.868,33.2
23.87,25.3
23.872,20.5
23.874,19.2
23.876,23.7
23.878,30.9
23.88,36.9
23.882,40.6
23.884,41.7
23.886,38.2
23.888,32.2
23.89,24.8
23.892,19
23.894,18.1
23.896,22.5
23.898,29.2
23.9,35.7
23.902,39
23.904,39.2
23.906,35.6
23.908,29
23.91,20.5
23.912,14.3
23.914,12
23.916,15.6
23.918,21.3
23.92,26.1
23.922,28.3
23.924,26.9
23.926,21.8
23.928,13.6
23.93,2.47
23.932,-6
23.934,-10.1
23.936,-9.19
23.938,-4.73
23.94,-1.93
23.942,-2.37
23.944,-5.3
23.946,-12.8
23.948,-23.5
23.95,-35.1
23.952,-44.9
23.954,-49.6
23.956,-48.2
23.958,-43
23.96,-37.3
23.962,-34.4
23.964,-32.8
23.966,-33.7
23.968,-35.4
23.97,-38.3
23.972,-37.2
23.974,-31.1
23.976,-18.2
23.978,-2.05
23.98,12.8
23.982,24
23.984,30
23.986,30.3
23.988,24.6
23.99,14.5
23.992,3.11
23.994,-6.51
23.996,-12.7
23.998,-16.8
24,-21.4
24.002,-27.5
24.004,-33
24.006,-39.1
24.008,-45.9
24.01,-51.7
24.012,-54.7
24.014,-53.5
24.016,-45.8
24.018,-35.5
24.02,-25.9
24.022,-19.4
24.024,-15.9
24.026,-16.9
24.028,-20
24.03,-26.3
24.032,-30.2
24.034,-30.1
24.036,-25.2
24.038,-17
24.04,-10.1
24.042,-6.07
24.044,-4.54
24.046,-7.66
24.048,-14.6
24.05,-23.2
24.052,-30.5
24.054,-33.1
24.056,-30.1
24.058,-24.9
24.06,-19.8
24.062,-18.2
24.064,-19.5
24.066,-24.9
24.068,-33.9
24.07,-45.6
24.072,-54.1
24.074,-57.4
24.076,-54.1
24.078,-46.3
24.08,-38.2
24.082,-32.8
24.084,-31.1
24.086,-33.7
24.088,-39
24.09,-47.6
24.092,-53.7
24.094,-55.4
24.096,-51.2
24.098,-43.8
24.1,-37.2
24.102,-32.9
24.104,-31.9
24.106,-34.6
24.108,-41.4
24.11,-49.8
24.112,-56.4
24.114,-58.2
24.116,-52.5
24.118,-44.8
24.12,-37.2
24.122,-32.6
24.124,-31.3
24.126,-34.4
24.128,-41
24.13,-50.7
24.132,-56.9
24.134,-58.2
24.136,-53.3
24.138,-44.3
24.14,-36.3
24.142,-31.7
24.144,-30
24.146,-33.7
24.148,-39.8
24.15,-48.5
24.152,-55.4
24.154,-57.1
24.156,-51.9
24.158,-43.6
24.16,-35.4
24.162,-30.9
24.164,-29.5
24.166,-32.3
24.168,-39.3
24.17,-48.1
24.172,-54.9
24.174,-56.9
24.176,-51.9
24.178,-43.8
24.18,-35.6
24.182,-30.6
24.184,-28.9
24.186,-31.9
24.188,-38.4
24.19,-47.4
24.192,-54
24.194,-55.1
24.196,-50.2
24.198,-40.8
24.2,-32.2
24.202,-26.3
24.204,-23.8
24.206,-25.7
24.208,-31
24.21,-38.2
24.212,-43.9
24.214,-43.6
24.216,-36.2
24.218,-25.5
24.22,-14.3
24.222,-6
24.224,-1.16
24.226,-0.0149
24.228,-2.31
24.23,-7.21
24.232,-9.13
24.234,-6.58
24.236,2.34
24.238,14.4
24.24,25.6
24.242,32.7
24.244,35.9
24.246,33.9
24.248,27.8
24.25,18.5
24.252,9.41
24.254,5.08
24.256,5.59
24.258,8.71
24.26,11.3
24.262,9.22
24.264,4.13
24.266,-5.37
24.268,-18.7
24.27,-33.9
24.272,-46.2
24.274,-53
24.276,-52
24.278,-46.1
24.28,-38.9
24.282,-33
24.284,-28.6
24.286,-27.2
24.288,-27
24.29,-28.4
24.292,-26.5
24.294,-19.2
24.296,-6.83
24.298,9.22
24.3,23
24.302,32.3
24.304,36.3
24.306,33.8
24.308,27.4
24.31,19
24.312,12.2
24.314,9.54
24.316,12.7
24.318,19.5
24.32,26
24.322,30.3
24.324,31.1
24.326,28.6
24.328,22.2
24.33,14.1
24.332,7.69
24.334,6.1
24.336,10.9
24.338,19.2
24.34,27.3
24.342,32.4
24.344,34.2
24.346,32.2
24.348,26.7
24.35,19.2
24.352,13
24.354,11.3
24.356,15.1
24.358,22.5
24.36,29.8
24.362,34.6
24.364,36.2
24.366,33.5
24.368,27.6
24.37,19.2
24.372,12.9
24.374,10.4
24.376,15
24.378,22.6
24.38,30
24.382,35.2
24.384,36.9
24.386,34.5
24.388,28.7
24.39,20.1
24.392,12.5
24.394,10.9
24.396,14.9
24.398,23.9
24.4,32.1
24.402,37.4
24.404,39.5
24.406,36.9
24.408,30.6
24.41,22.2
24.412,14.8
24.414,13
24.416,17.4
24.418,25.7
24.42,34.3
24.422,39.8
24.424,41.6
24.426,39.7
24.428,33.4
24.43,24.6
24.432,17.7
24.434,15.8
24.436,20.1
24.438,28.5
24.44,36.3
24.442,41.6
24.444,43.4
24.446,40.8
24.448,35
24.45,26.5
24.452,19.4
24.454,17.4
24.456,21.5
24.458,29.2
24.46,37.1
24.462,42.1
24.464,43.8
24.466,41.3
24.468,35.4
24.47,26.8
24.472,20.1
24.474,17.6
24.476,21.6
24.478,29.3
24.48,37.6
24.482,42.4
24.484,43.8
24.486,41.7
24.488,36
24.49,27.4
24.492,20.4
24.494,18.3
24.496,21.6
24.498,30.2
24.5,37.7
24.502,42.8
24.504,44.8
24.506,42.1
24.508,35.4
24.51,26.7
24.512,19.8
24.514,18.7
24.516,22.5
24.518,29.9
24.52,37.5
24.522,42.7
24.524,43.8
24.526,41.8
24.528,36.1
24.53,27.7
24.532,21.4
24.534,18.7
24.536,22.2
24.538,30
24.54,37.4
24.542,42
24.544,43.7
24.546,41.6
24.548,36.2
24.55,28.2
24.552,21.3
24.554,18.8
24.556,22.4
24.558,29.9
24.56,37
24.562,41.8
24.564,43.4
24.566,41.4
24.568,35.7
24.57,28.5
24.572,21.4
24.574,19.2
24.576,22.8
24.578,29.4
24.58,36.9
24.582,41.8
24.584,43.2
24.586,41.1
24.588,35.8
24.59,28.1
24.592,20.9
24.594,19.2
24.596,22.3
24.598,29.7
24.6,37
24.602,41.7
24.604,43.4
24.606,41.3
24.608,35.7
24.61,28.2
24.612,21
24.614,19.2
24.616,22
24.618,29.5
24.62,36.2
24.622,41.2
24.624,42.5
24.626,40.5
24.628,35.1
24.63,27.4
24.632,20.6
24.634,18.2
24.636,21
24.638,27.8
24.64,34.7
24.642,39.2
24.644,40.2
24.646,38
24.648,32.3
24.65,24.2
24.652,16.6
24.654,13.6
24.656,15.2
24.658,21.2
24.66,27.6
24.662,30.6
24.664,30.4
24.666,27.1
24.668,19.5
24.67,9.35
24.672,-0.27
24.674,-5.56
24.676,-5.81
24.678,-2.5
24.68,0.495
24.682,0.877
24.684,-2.24
24.686,-9.44
24.688,-19.4
24.69,-32.4
24.692,-43.6
24.694,-49.9
24.696,-50
24.698,-44.7
24.7,-38
24.702,-32.5
24.704,-28
24.706,-24.9
24.708,-23.2
24.71,-22.2
24.712,-19.6
24.714,-11.7
24.716,1.32
24.718,15.3
24.72,27.8
24.722,34.1
24.724,33.6
24.726,25.7
24.728,10.2
24.73,-10
24.732,-31.3
24.734,-45.7
24.736,-51.7
24.738,-47.7
24.74,-40.6
24.742,-34.1
24.744,-29.8
24.746,-28.2
24.748,-30.9
24.75,-35.7
24.752,-40.5
24.754,-41
24.756,-37.1
24.758,-29.6
24.76,-22.4
24.762,-16.9
24.764,-15.2
24.766,-16.7
24.768,-21.7
24.77,-28.9
24.772,-35.4
24.774,-38.2
24.776,-35.4
24.778,-28
24.78,-21.4
24.782,-16.4
24.784,-15.5
24.786,-18
24.788,-23.4
24.79,-31.8
24.792,-40
24.794,-43.6
24.796,-42.1
24.798,-36.6
24.8,-30.3
24.802,-26.6
24.804,-26.1
24.806,-28.5
24.808,-34.6
24.81,-42.8
24.812,-50.1
24.814,-53.2
24.816,-49.3
24.818,-40.9
24.82,-33.7
24.822,-28.2
24.824,-26.6
24.826,-28
24.828,-33.7
24.83,-41.2
24.832,-48.9
24.834,-51.3
24.836,-48.7
24.838,-41.3
24.84,-33.9
24.842,-28.7
24.844,-27.1
24.846,-28.9
24.848,-34.5
24.85,-42.3
24.852,-50.8
24.854,-54.6
24.856,-52
24.858,-44.4
24.86,-36.6
24.862,-30.3
24.864,-28.4
24.866,-29.9
24.868,-35.4
24.87,-43.1
24.872,-51.4
24.874,-54.4
24.876,-51.3
24.878,-43.8
24.88,-35.6
24.882,-30.3
24.884,-28.2
24.886,-29.8
24.888,-35.1
24.89,-42.9
24.892,-50.9
24.894,-53.1
24.896,-50.3
24.898,-43.1
24.9,-35
24.902,-29.3
24.904,-27.9
24.906,-28.7
24.908,-34.3
24.91,-41.8
24.912,-48.9
24.914,-51.9
24.916,-49
24.918,-41.4
24.92,-33.3
24.922,-27.5
24.924,-25.1
24.926,-26.2
24.928,-30.9
24.93,-38.3
24.932,-45.1
24.934,-47.2
24.936,-43.9
24.938,-35.4
24.94,-26.5
24.942,-19.6
24.944,-16
24.946,-15.2
24.948,-18.4
24.95,-22.9
24.952,-27.7
24.954,-27
24.956,-20.2
24.958,-8.55
24.96,4.25
24.962,15.1
24.964,22.1
24.966,25.4
24.968,24.6
24.97,20.9
24.972,16.4
24.974,15.3
24.976,18.7
24.978,25.5
24.98,31.4
24.982,33.2
24.984,30.1
24.986,21.6
24.988,7.69
24.99,-8.3
24.992,-25.8
24.994,-36.7
24.996,-41
24.998,-39
25,-33.6
25.002,-28.4
25.004,-24.9
25.006,-22.1
25.008,-21.3
25.01,-20.6
25.012,-19.9
25.014,-13.3
25.016,-0.716
25.018,15.1
25.02,29.4
25.022,39.2
25.024,41.8
25.026,40.3
25.028,34.8
25.03,25.2
25.032,14.7
25.034,9.86
25.036,10.1
25.038,16.6
25.04,25.5
25.042,30.6
25.044,32.5
25.046,30.6
25.048,23.1
25.05,13.6
25.052,2.66
25.054,-1.23
25.056,2.6
25.058,12.3
25.06,23.6
25.062,32
25.064,36.2
25.066,35.8
25.068,31
25.07,23
25.072,14.3
25.074,11
25.076,13.5
25.078,22.1
25.08,31.1
25.082,37.1
25.084,40
25.086,38.7
25.088,32.7
25.09,24.4
25.092,14.3
25.094,11.3
25.096,13.8
25.098,22
25.1,32.1
25.102,38.2
25.104,40.7
25.106,39.2
25.108,34
25.11,25.5
25.112,16.9
25.114,13.9
25.116,16.2
25.118,24.1
25.12,33.2
25.122,39.6
25.124,42.4
25.126,41.4
25.128,36.6
25.13,29.3
25.132,20.5
25.134,17.5
25.136,19.8
25.138,27.1
25.14,36
25.142,41.5
25.144,44
25.146,43.6
25.148,38.1
25.15,31
25.152,22.4
25.154,19.4
25.156,21.6
25.158,28.8
25.16,36.9
25.162,42.7
25.164,44.8
25.166,43.8
25.168,38.9
25.17,31.9
25.172,23.4
25.174,20.5
25.176,22.4
25.178,29.4
25.18,38
25.182,43
25.184,45.9
25.186,45
25.188,39.7
25.19,32.9
25.192,24
25.194,21.3
25.196,23.6
25.198,30
25.2,38
25.202,43.6
25.204,46.3
25.206,44.7
25.208,37.4
25.21,33.6
25.212,25.2
25.214,22.5
25.216,24
25.218,32.2
25.22,38.3
25.222,45.1
25.224,48.7
25.226,45
25.228,40.8
25.23,34.5
25.232,26.2
25.234,23.3
25.236,25
25.238,31.3
25.24,39
25.242,43.7
25.244,45.8
25.246,44.9
25.248,40.1
25.25,33.6
25.252,25.7
25.254,22.5
25.256,24.1
25.258,30.3
25.26,37.5
25.262,42.8
25.264,45
25.266,43.8
25.268,39.5
25.27,32.9
25.272,25.2
25.274,22.4
25.276,23.6
25.278,30.2
25.28,37.8
25.282,42.5
25.284,45.1
25.286,44.6
25.288,39.4
25.29,33.2
25.292,24.6
25.294,21.5
25.296,23.1
25.298,29.5
25.3,36.9
25.302,42.4
25.304,44.5
25.306,43.6
25.308,39.3
25.31,32.8
25.312,24.7
25.314,21.4
25.316,22.7
25.318,29.4
25.32,37.1
25.322,42.3
25.324,44.8
25.326,43.8
25.328,39.4
25.33,32.7
25.332,24.2
25.334,21.1
25.336,22.4
25.338,28.9
25.34,36.6
25.342,42.2
25.344,44.6
25.346,43.8
25.348,39.4
25.35,32.5
25.352,24
25.354,20.9
25.356,22.2
25.358,28.3
25.36,36
25.362,41.5
25.364,43.7
25.366,42.5
25.368,37.9
25.37,31.3
25.372,22.9
25.374,19.2
25.376,19.8
25.378,25.6
25.38,33.1
25.382,38.1
25.384,39.9
25.386,39.2
25.388,33.2
25.39,26
25.392,16.6
25.394,11.9
25.396,12.3
25.398,17.4
25.4,23.7
25.402,28.3
25.404,28.7
25.406,25.1
25.408,17.3
25.41,6.87
25.412,-5.37
25.414,-13.6
25.416,-17.2
25.418,-15.9
25.42,-13.1
25.422,-13.7
25.424,-16.6
25.426,-22.3
25.428,-31.6
25.43,-41.6
25.432,-51.9
25.434,-55.6
25.436,-52.5
25.438,-41.5
25.44,-26.5
25.442,-11.5
25.444,1.51
25.446,12.2
25.448,17.8
25.45,17.9
25.452,12.9
25.454,7.44
25.456,1.58
25.458,-3.71
25.46,-11.5
25.462,-21.5
25.464,-30.2
25.466,-37.4
25.468,-43
25.47,-47.9
25.472,-53.7
25.474,-52.8
25.476,-47.3
25.478,-37.8
25.48,-26.7
25.482,-18.7
25.484,-14.2
25.486,-13.5
25.488,-18.2
25.49,-24.7
25.492,-33.6
25.494,-38.3
25.496,-38.5
25.498,-33.5
25.5,-27.7
25.502,-24.4
25.504,-23.4
25.506,-26.5
25.508,-33.3
25.51,-41
25.512,-49.7
25.514,-54.3
25.516,-54.2
25.518,-48.2
25.52,-39.3
25.522,-33.1
25.524,-29.8
25.526,-30.5
25.528,-35.4
25.53,-41.4
25.532,-49.9
25.534,-53.9
25.536,-52.5
25.538,-46.8
25.54,-39.1
25.542,-33.3
25.544,-30.3
25.546,-30.3
25.548,-34.9
25.55,-41.8
25.552,-50.3
25.554,-53.8
25.556,-53.4
25.558,-46
25.56,-38.6
25.562,-32.8
25.564,-29.3
25.566,-30
25.568,-34.2
25.57,-40.5
25.572,-49
25.574,-52.9
25.576,-51.7
25.578,-45.3
25.58,-37
25.582,-31.2
25.584,-28.5
25.586,-28.3
25.588,-32.5
25.59,-39.9
25.592,-48.1
25.594,-52.7
25.596,-51.6
25.598,-44.9
25.6,-37.2
25.602,-31
25.604,-27.8
25.606,-27.9
25.608,-32.5
25.61,-39.1
25.612,-47.7
25.614,-51.7
25.616,-51.6
25.618,-44.6
25.62,-36.6
25.622,-30.3
25.624,-27
25.626,-26.8
25.628,-31.5
25.63,-37.8
25.632,-46.6
25.634,-50.3
25.636,-49.2
25.638,-42.5
25.64,-34.5
25.642,-28
25.644,-24.5
25.646,-24.4
25.648,-28.1
25.65,-34.1
25.652,-41.9
25.654,-45.1
25.656,-43.7
25.658,-35.9
25.66,-26.4
25.662,-19
25.664,-13.8
25.666,-12.1
25.668,-13.9
25.67,-17.7
25.672,-22.8
25.674,-23
25.676,-18.5
25.678,-7.66
25.68,4.7
25.682,15.8
25.684,23.5
25.686,28.1
25.688,27.8
25.69,24.9
25.692,19.5
25.694,17.3
25.696,19.2
25.698,25.5
25.7,32.2
25.702,36
25.704,34.3
25.706,29.2
25.708,18.1
25.71,4
25.712,-12.2
25.714,-24.9
25.716,-32.6
25.718,-33.3
25.72,-30.9
25.722,-28.4
25.724,-26.7
25.726,-25.9
25.728,-27.1
25.73,-27.5
25.732,-27.6
25.734,-22.4
25.736,-11.2
25.738,5.34
25.74,21.4
25.742,33.9
25.744,40
25.746,39.9
25.748,36.3
25.75,29
25.752,19.4
25.754,14
25.756,12.2
25.758,16.7
25.76,22.3
25.762,26.3
25.764,28.1
25.766,26.1
25.768,20.2
25.77,12.7
25.772,2.66
25.774,-2.82
25.776,-3.14
25.778,2.6
25.78,9.99
25.782,16.1
25.784,19.8
25.786,20.3
25.788,16.8
25.79,11.7
25.792,4.51
25.794,1.64
25.796,3.3
25.798,11.1
25.8,20.4
25.802,28.3
25.804,32.9
25.806,34.1
25.808,31.8
25.81,26.5
25.812,18.7
25.814,14.6
25.816,14.6
25.818,20.9
25.82,28.7
25.822,35
25.824,38.4
25.826,38.7
25.828,34.5
25.83,28.2
25.832,19.5
25.834,15.1
25.836,15.6
25.838,24.1
25.84,30.2
25.842,37.8
25.844,40.3
25.846,40.6
25.848,36.9
25.85,30.9
25.852,22
25.854,18
25.856,18.4
25.858,24.6
25.86,32.9
25.862,39.4
25.864,42.9
25.866,43.3
25.868,39.3
25.87,32.9
25.872,24.5
25.874,19.7
25.876,20
25.878,26.1
25.88,34.5
25.882,41
25.884,44.6
25.886,45
25.888,40.6
25.89,33.9
25.892,25.2
25.894,20.5
25.896,20.4
25.898,26.8
25.9,34.8
25.902,41.8
25.904,45.3
25.906,45.3
25.908,40.7
25.91,34.6
25.912,25.7
25.914,20.4
25.916,20.6
25.918,26.7
25.92,34.9
25.922,41.8
25.924,45.3
25.926,45.2
25.928,41
25.93,34.3
25.932,26
25.934,21.1
25.936,20.7
25.938,27.3
25.94,35.2
25.942,41.6
25.944,45.3
25.946,45
25.948,41.2
25.95,35
25.952,26.1
25.954,21.8
25.956,22.2
25.958,27.8
25.96,35.6
25.962,41.4
25.964,44.8
25.966,45.1
25.968,41.5
25.97,34.9
25.972,26.9
25.974,22.3
25.976,21.6
25.978,27.7
25.98,34.9
25.982,41.5
25.984,44.9
25.986,45
25.988,41.3
25.99,35
25.992,26.2
25.994,22
25.996,21.4
25.998,27.3
26,34.8
26.002,41
26.004,44.2
26.006,44.4
26.008,40.4
26.01,34.3
26.012,26.4
26.014,21.5
26.016,22
26.018,27.3
26.02,34.5
26.022,40.9
26.024,43.9
26.026,43.9
26.028,40.6
26.03,34.3
26.032,26.2
26.034,21.7
26.036,21.3
26.038,26.9
26.04,34.2
26.042,40.4
26.044,43.6
26.046,44.1
26.048,40.1
26.05,34.4
26.052,26.5
26.054,21.5
26.056,21.4
26.058,26.9
26.06,34.1
26.062,39.9
26.064,43.1
26.066,43.4
26.068,40.1
26.07,33.8
26.072,26
26.074,21.6
26.076,21
26.078,26.2
26.08,33.4
26.082,39.2
26.084,42
26.086,42.3
26.088,38.6
26.09,32.6
26.092,24.2
26.094,19.2
26.096,18.8
26.098,23.2
26.1,29.7
26.102,35
26.104,37.4
26.106,37.5
26.108,32.3
26.11,24.5
26.112,15.7
26.114,8.71
26.116,6.1
26.118,9.22
26.12,13.6
26.122,16.5
26.124,16.6
26.126,13.6
26.128,6.04
26.13,-4.54
26.132,-17.3
26.134,-26.7
26.136,-32.4
26.138,-32.3
26.14,-29.8
26.142,-27.9
26.144,-28.2
26.146,-29.6
26.148,-33.8
26.15,-38.9
26.152,-43.5
26.154,-43.5
26.156,-36.1
26.158,-21.7
26.16,-4.54
26.162,12
26.164,24.9
26.166,31.8
26.168,31.4
26.17,23.4
26.172,9.1
26.174,-7.02
26.176,-21.5
26.178,-31.8
26.18,-37.4
26.182,-39
26.184,-37.6
26.186,-36.3
26.188,-37.5
26.19,-40.3
26.192,-45.1
26.194,-47.2
26.196,-44.7
26.198,-37.7
26.2,-29.2
26.202,-21.7
26.204,-18.4
26.206,-17.9
26.208,-22
26.21,-29.3
26.212,-38.6
26.214,-44.7
26.216,-46.7
26.218,-43
26.22,-36.6
26.222,-31.1
26.224,-28.2
26.226,-28.5
26.228,-32.9
26.23,-39.6
26.232,-48.8
26.234,-55
26.236,-56.5
26.238,-52
26.24,-43.9
26.242,-37.3
26.244,-33.8
26.246,-31.8
26.248,-35.1
26.25,-41.2
26.252,-49.1
26.254,-53.9
26.256,-55
26.258,-49
26.26,-41.5
26.262,-35.1
26.264,-31.3
26.266,-31.4
26.268,-34.6
26.27,-41
26.272,-49.4
26.274,-54.3
26.276,-54.7
26.278,-49.3
26.28,-41.1
26.282,-34.4
26.284,-31
26.286,-30
26.288,-33.7
26.29,-40.1
26.292,-48.2
26.294,-54.3
26.296,-55.3
26.298,-49.6
26.3,-41.4
26.302,-34.5
26.304,-30.3
26.306,-29.3
26.308,-33
26.31,-39.6
26.312,-49.1
26.314,-54.1
26.316,-55.1
26.318,-50.1
26.32,-41.2
26.322,-33.8
26.324,-29.6
26.326,-28.7
26.328,-33.1
26.33,-39.3
26.332,-47.9
26.334,-54.3
26.336,-55
26.338,-49.1
26.34,-40.5
26.342,-33.2
26.344,-28.9
26.346,-28
26.348,-31.1
26.35,-38.6
26.352,-46.8
26.354,-52.7
26.356,-53.3
26.358,-47.2
26.36,-38.6
26.362,-30.9
26.364,-25.8
26.366,-23.9
26.368,-26.5
26.37,-31.7
26.372,-39.1
26.374,-43.3
26.376,-42.3
26.378,-34.2
26.38,-23.7
26.382,-13.1
26.384,-6
26.386,-1.35
26.388,-0.652
26.39,-2.88
26.392,-6.26
26.394,-7.28
26.396,-3.33
26.398,7.38
26.4,19.3
26.402,29.8
26.404,37.3
26.406,39.9
26.408,37.3
26.41,30.4
26.412,19.8
26.414,10.3
26.416,4.38
26.418,2.66
26.42,3.49
26.422,2.28
26.424,-2.05
26.426,-9.7
26.428,-19.8
26.43,-32
26.432,-44.1
26.434,-51.2
26.436,-50.5
26.438,-40.5
26.44,-25.4
26.442,-8.55
26.444,6.42
26.446,17.5
26.448,24.5
26.45,25.6
26.452,21.4
26.454,16.6
26.456,15.2
26.458,19.7
26.46,27
26.462,32.4
26.464,34.8
26.466,34
26.468,28.7
26.47,21.3
26.472,11.2
26.474,4.19
26.476,2.41
26.478,7.18
26.48,14.6
26.482,21.8
26.484,26
26.486,27.1
26.488,24.5
26.49,18.6
26.492,10.8
26.494,6.17
26.496,5.4
26.498,11.5
26.5,20.5
26.502,28.6
26.504,33.7
26.506,35.8
26.508,33.5
26.51,27.7
26.512,19.2
26.514,13.2
26.516,12.3
26.518,16.6
26.52,24.7
26.522,32.2
26.524,35.4
26.526,36.6
26.528,33.2
26.53,26.9
26.532,18.8
26.534,12.8
26.536,10.9
26.538,15.8
26.54,23.7
26.542,30.8
26.544,35.5
26.546,36.2
26.548,33.8
26.55,27.6
26.552,19.2
26.554,13
26.556,12.1
26.558,16.9
26.56,24.8
26.562,32.4
26.564,36.4
26.566,38
26.568,35.2
26.57,28.7
26.572,20.6
26.574,14.6
26.576,12.6
26.578,18.1
26.58,26.6
26.582,34.1
26.584,39.1
26.586,40.1
26.588,37.3
26.59,30.7
26.592,21.7
26.594,15.7
26.596,14.2
26.598,19.5
26.6,28.1
26.602,35.9
26.604,40.5
26.606,42
26.608,38.3
26.61,32
26.612,22.8
26.614,16
26.616,14.5
26.618,19.9
26.62,28.6
26.622,36.9
26.624,41.8
26.626,42.6
26.628,39.4
26.63,32.9
26.632,23.8
26.634,17.5
26.636,15.8
26.638,20.9
26.64,29.6
26.642,37.3
26.644,41.8
26.646,42.9
26.648,39.5
26.65,33.4
26.652,24.6
26.654,17.7
26.656,16.2
26.658,21.1
26.66,29.2
26.662,37.6
26.664,41.7
26.666,42.7
26.668,39.9
26.67,33.1
26.672,23.9
26.674,16.8
26.676,14.6
26.678,20.2
26.68,29.5
26.682,37.6
26.684,42.9
26.686,44.1
26.688,40.5
26.69,33.7
26.692,23.9
26.694,16.5
26.696,14.8
26.698,19.9
26.7,29
26.702,40
26.704,42.7
26.706,43.9
26.708,40.6
26.71,32.7
26.712,23
26.714,15.7
26.716,13.9
26.718,19.4
26.72,28.3
26.722,36.6
26.724,42
26.726,43.4
26.728,40.1
26.73,33.6
26.732,24.1
26.734,17.4
26.736,15.4
26.738,20.1
26.74,28.8
26.742,37.3
26.744,42.5
26.746,43.8
26.748,40.3
26.75,33.4
26.752,24.1
26.754,16.6
26.756,13.8
26.758,18.7
26.76,28.2
26.762,36.9
26.764,42.2
26.766,43.1
26.768,40.3
26.77,33.1
26.772,23.6
26.774,16.2
26.776,14.3
26.778,19.7
26.78,28.4
26.782,36.4
26.784,41
26.786,42.8
26.788,39.8
26.79,32.7
26.792,23.2
26.794,15.9
26.796,14.5
26.798,18.9
26.8,27.2
26.802,35.4
26.804,40.3
26.806,41.4
26.808,38.1
26.81,31.2
26.812,21.5
26.814,14.1
26.816,11.6
26.818,16.2
26.82,24.4
26.822,31.5
26.824,36.2
26.826,36.7
26.828,32.7
26.83,25.2
26.832,14.8
26.834,6.1
26.836,3.17
26.838,6.1
26.84,12.7
26.842,18.5
26.844,20.8
26.846,20
26.848,13.7
26.85,3.94
26.852,-8.42
26.854,-19.4
26.856,-25.9
26.858,-25.7
26.86,-23.1
26.862,-20.8
26.864,-20.3
26.866,-23.1
26.868,-29.1
26.87,-37.5
26.872,-46.7
26.874,-51.6
26.876,-49.6
26.878,-39.3
26.88,-22.6
26.882,-4.67
26.884,11.1
26.886,23.2
26.888,28.8
26.89,27.2
26.892,18
26.894,4.95
26.896,-9.38
26.898,-21.2
26.9,-29.8
26.902,-34.1
26.904,-34.9
26.906,-34.4
26.908,-34.5
26.91,-37.2
26.912,-41
26.914,-43
26.916,-40.9
26.918,-33.6
26.92,-23.5
26.922,-15.2
26.924,-9.51
26.926,-7.41
26.928,-10.2
26.93,-17
26.932,-26
26.934,-34.5
26.936,-38.2
26.938,-37
26.94,-32.6
26.942,-28
26.944,-26.3
26.946,-27.4
26.948,-31.9
26.95,-38.9
26.952,-45.8
26.954,-51.9
26.956,-52.5
26.958,-47.2
26.96,-39.6
26.962,-32.6
26.964,-27.9
26.966,-26.6
26.968,-29.1
26.97,-34.6
26.972,-43
26.974,-49.1
26.976,-50.9
26.978,-48.1
26.98,-40.9
26.982,-33.7
26.984,-29.3
26.986,-27.9
26.988,-30
26.99,-35.4
26.992,-42.4
26.994,-48.4
26.996,-50
26.998,-46.5
27,-38.7
27.002,-31
27.004,-26.5
27.006,-24.4
27.008,-29.8
27.01,-33.8
27.012,-41.2
27.014,-47.3
27.016,-49.3
27.018,-45.8
27.02,-38.2
27.022,-31.2
27.024,-26.6
27.026,-25
27.028,-27.4
27.03,-32.8
27.032,-40.8
27.034,-47.1
27.036,-49.2
27.038,-45.6
27.04,-38.3
27.042,-30.7
27.044,-25.9
27.046,-24.4
27.048,-26.3
27.05,-32.5
27.052,-40.7
27.054,-48.4
27.056,-50.5
27.058,-46.7
27.06,-38.4
27.062,-30.5
27.064,-25.2
27.066,-23.3
27.068,-26
27.07,-31.9
27.072,-40.6
27.074,-48.1
27.076,-49.8
27.078,-45.6
27.08,-37
27.082,-28
27.084,-22.3
27.086,-20.1
27.088,-21.6
27.09,-27
27.092,-34.5
27.094,-40.4
27.096,-41
27.098,-35.3
27.1,-24.1
27.102,-13.1
27.104,-4.41
27.106,0.75
27.108,2.15
27.11,0.559
27.112,-3.65
27.114,-6.58
27.116,-3.77
27.118,4.89
27.12,17.8
27.122,30.1
27.124,38.7
27.126,43.2
27.128,42.5
27.13,37
27.132,28.3
27.134,18.5
27.136,12.7
27.138,12
27.14,13.8
27.142,14.3
27.144,11.4
27.146,4.83
27.148,-5.88
27.15,-19
27.152,-34
27.154,-45.6
27.156,-49.6
27.158,-45.9
27.16,-34.7
27.162,-21.2
27.164,-8.3
27.166,2.72
27.168,9.67
27.17,12
27.172,11.8
27.174,10.2
27.176,12.3
27.178,20
27.18,29
27.182,37.4
27.184,43.2
27.186,43.8
27.188,40.6
27.19,32.8
27.192,22.1
27.194,12.7
27.196,8.84
27.198,10.9
27.2,18.6
27.202,25.9
27.204,30.3
27.206,31.1
27.208,28.3
27.21,21.6
27.212,13.2
27.214,4.83
27.216,3.49
27.218,7.18
27.22,15.5
27.222,24.7
27.224,31.3
27.226,33.9
27.228,33.9
27.23,29.9
27.232,23.4
27.234,18
27.236,16.7
27.238,21.3
27.24,28.7
27.242,36
27.244,41
27.246,42.4
27.248,40.3
27.25,34.6
27.252,26.8
27.254,20.2
27.256,18
27.258,21.6
27.26,28.8
27.262,36.4
27.264,41.1
27.266,43
27.268,40.9
27.27,35.5
27.272,28.5
27.274,21.8
27.276,20.2
27.278,23.2
27.28,30.4
27.282,36.9
27.284,42.6
27.286,44.3
27.288,42.7
27.29,37.5
27.292,30.3
27.294,23.6
27.296,22
27.298,24.9
27.3,31.7
27.302,39
27.304,43.4
27.306,45.7
27.308,43.7
27.31,38.8
27.312,31.9
27.314,25.2
27.316,23.1
27.318,26.5
27.32,33
27.322,39.6
27.324,44.5
27.326,46.2
27.328,44.5
27.33,39.6
27.332,32.9
27.334,26
27.336,24.1
27.338,26.6
27.34,33.2
27.342,40.4
27.344,44.8
27.346,46.6
27.348,45.2
27.35,39.7
27.352,33.4
27.354,26.5
27.356,24
27.358,27.1
27.36,33.7
27.362,40.6
27.364,45.5
27.366,46.8
27.368,45.2
27.37,40.3
27.372,33.4
27.374,26.7
27.376,24.7
27.378,27.1
27.38,33.8
27.382,40.8
27.384,45
27.386,47.3
27.388,45.7
27.39,40.6
27.392,34
27.394,26.7
27.396,24.8
27.398,27.4
27.4,33.9
27.402,40.8
27.404,45.4
27.406,47.1
27.408,45.4
27.41,40.3
27.412,33.3
27.414,26.1
27.416,23.4
27.418,26.3
27.42,32.7
27.422,39.6
27.424,44.8
27.426,46.2
27.428,44.4
27.43,39.7
27.432,32
27.434,25
27.436,22.6
27.438,25
27.44,31.6
27.442,39
27.444,43.8
27.446,45.6
27.448,44.3
27.45,38.8
27.452,31.7
27.454,24.6
27.456,22
27.458,24.5
27.46,31.1
27.462,38.5
27.464,43.6
27.466,45
27.468,43.3
27.47,38.3
27.472,31.3
27.474,23.5
27.476,21.3
27.478,23.2
27.48,30.6
27.482,37.6
27.484,42.5
27.486,44.5
27.488,42.7
27.49,37
27.492,29.9
27.494,22.2
27.496,19.5
27.498,21.8
27.5,28.3
27.502,36
27.504,41.3
27.506,42.7
27.508,40.8
27.51,35.7
27.512,28.1
27.514,20.2
27.516,17.3
27.518,19.5
27.52,26.9
27.522,34.2
27.524,39.4
27.526,41
27.528,39.4
27.53,33.7
27.532,26.2
27.534,18.3
27.536,15.4
27.538,17.9
27.54,24.6
27.542,32.5
27.544,37.3
27.546,39
27.548,37.5
27.55,32
27.552,23.7
27.554,16.4
27.556,12.7
27.558,14.8
27.56,20.9
27.562,27.6
27.564,31.3
27.566,32.5
27.568,29.7
27.57,22.7
27.572,13.4
27.574,3.17
27.576,-1.99
27.578,-2.5
27.58,0.813
27.582,5.02
27.584,5.53
27.586,2.53
27.588,-4.09
27.59,-15.2
27.592,-28.5
27.594,-41.6
27.596,-49.5
27.598,-50.9
27.6,-46.7
27.602,-40.2
27.604,-33.7
27.606,-28.4
27.608,-23.7
27.61,-19.9
27.612,-16.4
27.614,-12.6
27.616,-4.16
27.618,6.8
27.62,18.5
27.622,25.7
27.624,24.6
27.626,14.3
27.628,-2.88
27.63,-24.3
27.632,-44.1
27.634,-57.9
27.636,-61.2
27.638,-57.7
27.64,-47.7
27.642,-35.8
27.644,-27
27.646,-22.3
27.648,-21.4
27.65,-24.8
27.652,-31.9
27.654,-40.3
27.656,-42.8
27.658,-40.3
27.66,-33.4
27.662,-25.8
27.664,-21
27.666,-19.6
27.668,-22.9
27.67,-29.8
27.672,-38.1
27.674,-46.6
27.676,-49.6
27.678,-47.4
27.68,-41
27.682,-33
27.684,-28.2
27.686,-27.1
27.688,-29.7
27.69,-35.9
27.692,-44.5
27.694,-53.2
27.696,-56.1
27.698,-53
27.7,-44.9
27.702,-36.5
27.704,-30.3
27.706,-27.9
27.708,-29.5
27.71,-34.5
27.712,-41.7
27.714,-49.5
27.716,-52.1
27.718,-50.2
27.72,-43.2
27.722,-35.9
27.724,-29.9
27.726,-27.5
27.728,-29
27.73,-33.8
27.732,-41
27.734,-48.6
27.736,-51.4
27.738,-48.9
27.74,-42.2
27.742,-34.5
27.744,-28.5
27.746,-26.6
27.748,-27.5
27.75,-32.3
27.752,-39.8
27.754,-48.1
27.756,-50.3
27.758,-48.8
27.76,-41.5
27.762,-33.5
27.764,-28
27.766,-25.9
27.768,-26.9
27.77,-31.9
27.772,-39.5
27.774,-48.1
27.776,-51.2
27.778,-49.1
27.78,-42
27.782,-33.5
27.784,-27.2
27.786,-24.9
27.788,-26.5
27.79,-31.7
27.792,-40.1
27.794,-48.9
27.796,-52.1
27.798,-49.9
27.8,-41.8
27.802,-32.5
27.804,-26.8
27.806,-23.9
27.808,-24.9
27.81,-30
27.812,-36.8
27.814,-45.6
27.816,-48.2
27.818,-45.6
27.82,-37.5
27.822,-28.6
27.824,-21.4
27.826,-18.6
27.828,-18.3
27.83,-21.9
27.832,-27.7
27.834,-34
27.836,-34.7
27.838,-30.2
27.84,-19.4
27.842,-7.79
27.844,1.83
27.846,8.59
27.848,12.1
27.85,11.5
27.852,9.86
27.854,5.4
27.856,6.99
27.858,13.3
27.86,23.6
27.862,34.7
27.864,42.2
27.866,44.1
27.868,42
27.87,33.9
27.872,21.7
27.874,6.36
27.876,-5.37
27.878,-12.8
27.88,-15.2
27.882,-16.4
27.884,-18.2
27.886,-20.1
27.888,-24
27.89,-28.9
27.892,-32.6
27.894,-35.4
27.896,-29.2
27.898,-16.6
27.9,2.28
27.902,21.8
27.904,35.6
27.906,44.1
27.908,45.3
27.91,39.4
27.912,31.9
27.914,22.3
27.916,17
27.918,17.1
27.92,22.5
27.922,27.8
27.924,31.3
27.926,31.3
27.928,27.6
27.93,19.6
27.932,9.16
27.934,-2.31
27.936,-7.98
27.938,-8.42
27.94,-2.5
27.942,4.95
27.944,10.2
27.946,12.3
27.948,11.1
27.95,5.46
27.952,-1.67
27.954,-10.7
27.956,-14.4
27.958,-11.9
27.96,-3.01
27.962,7.44
27.964,15.8
27.966,20.1
27.968,21.5
27.97,18.8
27.972,12.7
27.974,5.66
27.976,4.38
27.978,8.08
27.98,18.2
27.982,29.4
27.984,36.9
27.986,41.3
27.988,41.3
27.99,36.4
27.992,29.3
27.994,19.9
27.996,15.8
27.998,17.9
28,25.1
28.002,33.3
28.004,39.7
28.006,41.8
28.008,41.1
28.01,35.9
28.012,28.5
28.014,19.4
28.016,15.8
28.018,17.8
28.02,25.7
28.022,34.5
28.024,40.3
28.026,43
28.028,42
28.03,37.3
28.032,30.2
28.034,21.2
28.036,18
28.038,19.4
28.04,26.6
28.042,34.8
28.044,40.3
28.046,43.1
28.048,42.7
28.05,37.9
28.052,31.1
28.054,22.7
28.056,19.6
28.058,21
28.06,28.1
28.062,36
28.064,41.7
28.066,44.4
28.068,43.4
28.07,39
28.072,32.5
28.074,24.2
28.076,20.9
28.078,22.7
28.08,29
28.082,36.8
28.084,42.5
28.086,44.6
28.088,44.1
28.09,39.8
28.092,33.1
28.094,25.4
28.096,22
28.098,23.2
28.1,30
28.102,37
28.104,42
28.106,44.7
28.108,44.3
28.11,39.8
28.112,33.9
28.114,25.9
28.116,22.9
28.118,24.4
28.12,30.4
28.122,37.5
28.124,42.6
28.126,45
28.128,44.6
28.13,40.3
28.132,34.1
28.134,26.7
28.136,23.2
28.138,24.4
28.14,30.8
28.142,37.8
28.144,43.1
28.146,45.7
28.148,44.9
28.15,41.1
28.152,35.2
28.154,26.9
28.156,24.3
28.158,25.3
28.16,31.1
28.162,38.2
28.164,43.4
28.166,45.5
28.168,45.3
28.17,40.8
28.172,34.7
28.174,26.8
28.176,23.4
28.178,24.5
28.18,30.6
28.182,37.8
28.184,43.2
28.186,45.4
28.188,44.6
28.19,40.4
28.192,34.1
28.194,25.9
28.196,22.9
28.198,23.5
28.2,29.5
28.202,36.9
28.204,41.8
28.206,44.3
28.208,43.8
28.21,39.2
28.212,33.5
28.214,25.7
28.216,21.9
28.218,23.2
28.22,28.8
28.222,36.4
28.224,41.7
28.226,43.8
28.228,43.3
28.23,39
28.232,32.9
28.234,25.3
28.236,21.6
28.238,22.5
28.24,28.7
28.242,35.6
28.244,40.6
28.246,43.4
28.248,42.5
28.25,38.3
28.252,32.1
28.254,23.8
28.256,20.3
28.258,21.3
28.26,27.2
28.262,34.1
28.264,39.7
28.266,42.3
28.268,41.7
28.27,37.6
28.272,30.3
28.274,22.3
28.276,18.6
28.278,18.9
28.28,25
28.282,31.8
28.284,36.2
28.286,38.4
28.288,37.3
28.29,31.6
28.292,23.7
28.294,14.3
28.296,9.03
28.298,7.95
28.3,11.5
28.302,16.6
28.304,19.6
28.306,19
28.308,15
28.31,7.06
28.312,-3.84
28.314,-15.9
28.316,-24.5
28.318,-28.4
28.32,-27.5
28.322,-24.9
28.324,-23.9
28.326,-24.9
28.328,-29.1
28.33,-35.6
28.332,-42.7
28.334,-50.3
28.336,-52.1
28.338,-47.1
28.34,-35.4
28.342,-19.7
28.344,-4.73
28.346,8.27
28.348,18.3
28.35,22.9
28.352,21.6
28.354,16
28.356,9.41
28.358,2.66
28.36,-4.03
28.362,-12.8
28.364,-22.6
28.366,-31
28.368,-36.5
28.37,-40.5
28.372,-45.4
28.374,-49.8
28.376,-49.5
28.378,-46.1
28.38,-37.2
28.382,-27.7
28.384,-21.4
28.386,-17.9
28.388,-17.5
28.39,-22.2
28.392,-28.9
28.394,-37.7
28.396,-43.1
28.398,-44.2
28.4,-39.8
28.402,-34
28.404,-28.7
28.406,-26.6
28.408,-27.6
28.41,-32.2
28.412,-39.3
28.414,-48.2
28.416,-53
28.418,-52.8
28.42,-46.3
28.422,-38.5
28.424,-32.6
28.426,-29.5
28.428,-29.5
28.43,-33.6
28.432,-39.8
28.434,-47.9
28.436,-51.7
28.438,-51
28.44,-45.1
28.442,-38.1
28.444,-31.9
28.446,-29.3
28.448,-29.8
28.45,-33.4
28.452,-39.6
28.454,-47.1
28.456,-51
28.458,-50.3
28.46,-44.3
28.462,-37
28.464,-31.7
28.466,-28.5
28.468,-29.3
28.47,-32.8
28.472,-39
28.474,-47.1
28.476,-50.8
28.478,-50.3
28.48,-44.6
28.482,-37.4
28.484,-31
28.486,-28.6
28.488,-28.4
28.49,-32.4
28.492,-38.9
28.494,-47.5
28.496,-51.7
28.498,-51.3
28.5,-45.3
28.502,-37.5
28.504,-30.9
28.506,-28.1
28.508,-27.7
28.51,-32.4
28.512,-38.9
28.514,-47.7
28.516,-52.1
28.518,-51.6
28.52,-45.1
28.522,-36.9
28.524,-30.1
28.526,-27
28.528,-26.9
28.53,-31.1
28.532,-38.1
28.534,-46.6
28.536,-51.4
28.538,-51
28.54,-44.2
28.542,-36.3
28.544,-29.7
28.546,-26
28.548,-26.1
28.55,-30.3
28.552,-37.1
28.554,-46.1
28.556,-50.3
28.558,-49.9
28.56,-42.7
28.562,-33.7
