0,-41.8
0.002,-34.1
0.004,-30
0.006,-28.2
0.008,-31.3
0.01,-36.3
0.012,-43.1
0.014,-47.9
0.016,-46.3
0.018,-40
0.02,-31.8
0.022,-24.5
0.024,-19.1
0.026,-16.7
0.028,-18.3
0.03,-22.6
0.032,-29.2
0.034,-32.5
0.036,-31.8
0.038,-25.1
0.04,-16.7
0.042,-8.87
0.044,-4.03
0.046,-1.8
0.048,-3.39
0.05,-8.42
0.052,-15.6
0.054,-19.9
0.056,-19.6
0.058,-13.5
0.06,-5.43
0.062,1.58
0.064,6.48
0.066,8.4
0.068,6.55
0.07,1.58
0.072,-5.11
0.074,-9.13
0.076,-9.06
0.078,-3.77
0.08,5.53
0.082,13.4
0.084,17.8
0.086,20.2
0.088,18.6
0.09,14.1
0.092,8.14
0.094,3.87
0.096,4.38
0.098,10.9
0.1,19.5
0.102,26.9
0.104,32.2
0.106,34
0.108,32.2
0.11,27.6
0.112,20.8
0.114,16.3
0.116,16.5
0.118,21.8
0.12,30.2
0.122,37.3
0.124,41.5
0.126,43.2
0.128,41.1
0.13,35.7
0.132,28.2
0.134,23.4
0.136,22.9
0.138,28.1
0.14,35
0.142,41.8
0.144,45.4
0.146,45.7
0.148,42.8
0.15,37.5
0.152,29.3
0.154,24.5
0.156,23.1
0.158,28.1
0.16,35
0.162,41.3
0.164,44.9
0.166,46.3
0.168,42.7
0.17,37.4
0.172,29.5
0.174,23.9
0.176,22.4
0.178,27.5
0.18,34.6
0.182,41.1
0.184,44.7
0.186,45.4
0.188,42.5
0.19,36.4
0.192,28.8
0.194,23.8
0.196,22.4
0.198,27.8
0.2,34.3
0.202,40.6
0.204,44.6
0.206,45.3
0.208,42.4
0.21,37.1
0.212,29
0.214,23.6
0.216,23.2
0.218,26.9
0.22,34.4
0.222,41.1
0.224,44.6
0.226,46
0.228,42.7
0.23,37
0.232,29.2
0.234,23.9
0.236,22.4
0.238,27.5
0.24,34.4
0.242,40.4
0.244,44.4
0.246,45
0.248,42.2
0.25,36.9
0.252,29
0.254,23.4
0.256,22
0.258,26.4
0.26,33.4
0.262,39.8
0.264,43.2
0.266,44.1
0.268,41
0.27,35.3
0.272,28.1
0.274,22.8
0.276,21.6
0.278,25.9
0.28,32.2
0.282,38.6
0.284,42
0.286,42.9
0.288,39.7
0.29,34.4
0.292,26.7
0.294,21.4
0.296,20.1
0.298,24.1
0.3,31
0.302,36.9
0.304,40.2
0.306,41.5
0.308,38.3
0.31,32.9
0.312,25.7
0.314,20.3
0.316,19
0.318,22.8
0.32,29.7
0.322,35.7
0.324,39
0.326,39.7
0.328,37.4
0.33,31.7
0.332,24.3
0.334,19.2
0.336,18
0.338,22
0.34,28.6
0.342,34.1
0.344,37.9
0.346,38.7
0.348,36
0.35,30.4
0.352,23.1
0.354,17.6
0.356,16.7
0.358,20.4
0.36,26.8
0.362,32.9
0.364,36.7
0.366,37.4
0.368,34.7
0.37,29.4
0.372,22.2
0.374,17
0.376,15.4
0.378,19.2
0.38,26.2
0.382,32.2
0.384,35.7
0.386,36.5
0.388,34.2
0.39,28.7
0.392,21
0.394,15.7
0.396,14.4
0.398,18.2
0.4,25.3
0.402,31.8
0.404,35.2
0.406,36
0.408,33.6
0.41,27.6
0.412,20.1
0.414,14.4
0.416,12.5
0.418,17.2
0.42,24.2
0.422,30.9
0.424,35.3
0.426,36.4
0.428,34.3
0.43,27.6
0.432,18.4
0.434,11.9
0.436,10.4
0.438,15
0.44,23.1
0.442,30.1
0.444,34.7
0.446,36
0.448,32.7
0.45,26.3
0.452,17.4
0.454,10.2
0.456,8.33
0.458,13
0.46,21
0.462,29.2
0.464,33.6
0.466,34.5
0.468,31.3
0.47,23.8
0.472,14.4
0.474,7.63
0.476,5.4
0.478,10.1
0.48,17.8
0.482,25
0.484,29.4
0.486,30.2
0.488,26.1
0.49,18.7
0.492,8.52
0.494,0.877
0.496,-1.54
0.498,2.47
0.5,9.54
0.502,16.4
0.504,20.2
0.506,20.6
0.508,16.8
0.51,7.82
0.512,-1.86
0.514,-10.1
0.516,-13.3
0.518,-9.76
0.52,-3.65
0.522,2.79
0.524,6.29
0.526,6.17
0.528,1.77
0.53,-5.75
0.532,-16.5
0.534,-24
0.536,-27
0.538,-23.9
0.54,-16.5
0.542,-9.95
0.544,-6.96
0.546,-6.51
0.548,-10.1
0.55,-17.5
0.552,-26.1
0.554,-33.2
0.556,-35.3
0.558,-31.2
0.56,-23.8
0.562,-16.8
0.564,-12.4
0.566,-11.5
0.568,-14.5
0.57,-20.4
0.572,-28.6
0.574,-34.5
0.576,-36.8
0.578,-32.5
0.58,-23.8
0.582,-17.2
0.584,-11.7
0.586,-10.3
0.588,-12.8
0.59,-18.3
0.592,-25.8
0.594,-31.9
0.596,-33
0.598,-28
0.6,-19.8
0.602,-11.5
0.604,-5.94
0.606,-4.09
0.608,-4.92
0.61,-9.95
0.612,-16.8
0.614,-21.5
0.616,-22.3
0.618,-16.3
0.62,-6.58
0.622,2.6
0.624,8.9
0.626,12.3
0.628,11.1
0.63,6.99
0.632,0.176
0.634,-4.98
0.636,-4.98
0.638,0.75
0.64,10.8
0.642,20.5
0.644,26.8
0.646,29.7
0.648,28.5
0.65,23.6
0.652,15.8
0.654,9.54
0.656,8.33
0.658,13.2
0.66,21.7
0.662,29.5
0.664,33.9
0.666,35.3
0.668,32.4
0.67,25.9
0.672,16.6
0.674,9.22
0.676,7.25
0.678,11.5
0.68,20
0.682,28.4
0.684,32.9
0.686,35
0.688,31.8
0.69,25.2
0.692,16.5
0.694,9.41
0.696,7.38
0.698,12
0.7,20.5
0.702,29
0.704,34.2
0.706,35.9
0.708,33.2
0.71,27
0.712,17.4
0.714,10.7
0.716,8.59
0.718,12.9
0.72,21.2
0.722,29.6
0.724,34.6
0.726,36
0.728,33.6
0.73,27.1
0.732,18
0.734,10.5
0.736,9.1
0.738,12.7
0.74,21
0.742,29.4
0.744,34.5
0.746,35.8
0.748,33.7
0.75,26.6
0.752,18.3
0.754,11.1
0.756,9.16
0.758,13.3
0.76,21.5
0.762,28.8
0.764,34.4
0.766,35.7
0.768,32.8
0.77,26.7
0.772,18
0.774,10.6
0.776,8.78
0.778,13
0.78,20.8
0.782,28.5
0.784,32.9
0.786,34.4
0.788,31.4
0.79,24.5
0.792,15.3
0.794,7.38
0.796,4.7
0.798,8.4
0.8,15.7
0.802,23
0.804,27.7
0.806,28.3
0.808,24.3
0.81,17.3
0.812,6.67
0.814,-2.05
0.816,-5.94
0.818,-2.95
0.82,3.55
0.822,10.5
0.824,13.3
0.826,12.8
0.828,7.82
0.83,-1.16
0.832,-12.5
0.834,-22.9
0.836,-27.8
0.838,-26.4
0.84,-20.5
0.842,-15.1
0.844,-12.4
0.846,-13.8
0.848,-18.7
0.85,-28.3
0.852,-40.5
0.854,-50.9
0.856,-55.8
0.858,-54.4
0.86,-47.4
0.862,-40.3
0.864,-36
0.866,-35.6
0.868,-39.8
0.87,-47.5
0.872,-57.5
0.874,-66.5
0.876,-69
0.878,-64.9
0.88,-55.6
0.882,-46.1
0.884,-40.3
0.886,-38
0.888,-39.8
0.89,-45
0.892,-53
0.894,-59.5
0.896,-60.6
0.898,-54.6
0.9,-44
0.902,-33.5
0.904,-25.9
0.906,-22.2
0.908,-22.4
0.91,-27
0.912,-34.2
0.914,-39.5
0.916,-38.7
0.918,-33
0.92,-22.5
0.922,-11.3
0.924,-4.22
0.926,-0.588
0.928,-0.397
0.93,-4.86
0.932,-11
0.934,-16.9
0.936,-17.7
0.938,-11.4
0.94,-1.16
0.942,8.9
0.944,16.1
0.946,19.2
0.948,18.7
0.95,14.1
0.952,6.55
0.954,0.176
0.956,-0.525
0.958,4.13
0.96,13.7
0.962,22.9
0.964,28.8
0.966,31.5
0.968,29.6
0.97,23.4
0.972,15.7
0.974,7.82
0.976,5.91
0.978,10.2
0.98,18.5
0.982,26.8
0.984,32.4
0.986,34.6
0.988,31.8
0.99,25.5
0.992,16
0.994,7.44
0.996,4.51
0.998,8.46
1,17.2
1.002,25.7
1.004,31.2
1.006,33.4
1.008,30.6
1.01,23.1
1.012,13.4
1.014,4.32
1.016,1.51
1.018,5.4
1.02,14.1
1.022,23.2
1.024,29
1.026,30.6
1.028,27.5
1.03,20.6
1.032,10.5
1.034,1.45
1.036,-1.93
1.038,2.41
1.04,11.8
1.042,20.6
1.044,26.3
1.046,28.1
1.048,25.5
1.05,18.6
1.052,8.52
1.054,-0.716
1.056,-3.14
1.058,0.431
1.06,9.67
1.062,19.3
1.064,25.2
1.066,27.3
1.068,24.8
1.07,18
1.072,8.46
1.074,-1.1
1.076,-3.46
1.078,0.622
1.08,9.92
1.082,19.7
1.084,25.9
1.086,28.3
1.088,25.8
1.09,18.7
1.092,9.1
1.094,0.559
1.096,-2.18
1.098,2.09
1.1,11.5
1.102,20.8
1.104,27.2
1.106,29.7
1.108,27.3
1.11,21
1.112,12.1
1.114,3.04
1.116,0.559
1.118,4.13
1.12,13.2
1.122,22.7
1.124,28.6
1.126,30.8
1.128,28.7
1.13,22
1.132,12.8
1.134,4.06
1.136,0.75
1.138,4.83
1.14,13.9
1.142,22.7
1.144,29.2
1.146,31.1
1.148,28.7
1.15,21.9
1.152,12
1.154,3.11
1.156,0.113
1.158,3.62
1.16,12.8
1.162,21.8
1.164,27.6
1.166,29.8
1.168,27
1.17,19.9
1.172,10.5
1.174,1.39
1.176,-2.12
1.178,1.77
1.18,10.4
1.182,19.2
1.184,25.9
1.186,27.4
1.188,25
1.19,18.5
1.192,8.71
1.194,0.559
1.196,-2.63
1.198,1.07
1.2,9.99
1.202,18.8
1.204,24.8
1.206,27.1
1.208,25
1.21,18.6
1.212,9.67
1.214,1.26
1.216,-1.23
1.218,2.6
1.22,11.3
1.222,20.4
1.224,26.2
1.226,28.3
1.228,26.6
1.23,20.2
1.232,12
1.234,3.68
1.236,1
1.238,4.38
1.24,13
1.242,22.3
1.244,28.5
1.246,30.9
1.248,28.8
1.25,22.7
1.252,14
1.254,5.34
1.256,2.6
1.258,6.42
1.26,14.6
1.262,23.6
1.264,29.5
1.266,31.4
1.268,29.7
1.27,23.3
1.272,14.6
1.274,6.87
1.276,3.94
1.278,7.31
1.28,15.5
1.282,23.7
1.284,29.5
1.286,31
1.288,29.1
1.29,23.4
1.292,14.9
1.294,6.8
1.296,4.06
1.298,7.06
1.3,15.1
1.302,23.1
1.304,28.4
1.306,29.8
1.308,28.1
1.31,21.7
1.312,13.7
1.314,4.57
1.316,1.32
1.318,3.87
1.32,11.3
1.322,19.2
1.324,24
1.326,25
1.328,22.6
1.33,16.1
1.332,7.69
1.334,-1.35
1.336,-4.6
1.338,-3.2
1.34,3.94
1.342,11.6
1.344,15.8
1.346,16.7
1.348,14.1
1.35,7.69
1.352,-1.03
1.354,-10.1
1.356,-13.7
1.358,-11
1.36,-4.35
1.362,2.28
1.364,7.5
1.366,8.71
1.368,6.23
1.37,0.24
1.372,-8.87
1.374,-16.4
1.376,-19.3
1.378,-17.2
1.38,-9.76
1.382,-3.01
1.384,2.22
1.386,4.13
1.388,1.71
1.39,-4.03
1.392,-11.9
1.394,-20.7
1.396,-23.7
1.398,-21.2
1.4,-14
1.402,-6.32
1.404,-1.23
1.406,0.24
1.408,-1.42
1.41,-7.09
1.412,-15.4
1.414,-22.2
1.416,-24.9
1.418,-22.1
1.42,-14.4
1.422,-6.45
1.424,-1.23
1.426,1.2
1.428,-0.206
1.43,-5.18
1.432,-12.2
1.434,-19.8
1.436,-22.1
1.438,-18.7
1.44,-11.5
1.442,-3.33
1.444,2.02
1.446,4.06
1.448,2.72
1.45,-2.37
1.452,-10.4
1.454,-17.3
1.456,-19.9
1.458,-17.1
1.46,-9.76
1.462,-2.31
1.464,3.17
1.466,5.15
1.468,3.68
1.47,-1.74
1.472,-9.83
1.474,-17.7
1.476,-20.4
1.478,-17.8
1.48,-10.6
1.482,-3.39
1.484,2.09
1.486,4.06
1.488,2.22
1.49,-3.39
1.492,-10.7
1.494,-18.7
1.496,-21.9
1.498,-19.4
1.5,-12.4
1.502,-5.18
1.504,0.113
1.506,1.39
1.508,-0.27
1.51,-6.26
1.512,-13.6
1.514,-22.5
1.516,-25.7
1.518,-23.7
1.52,-17.1
1.522,-10.1
1.524,-4.98
1.526,-3.9
1.528,-6.19
1.53,-12.3
1.532,-20.5
1.534,-28.8
1.536,-32.1
1.538,-30.3
1.54,-24.3
1.542,-17.9
1.544,-13.4
1.546,-12.5
1.548,-15
1.55,-21.7
1.552,-30.5
1.554,-39.7
1.556,-43.6
1.558,-43
1.56,-37.2
1.562,-30.7
1.564,-26.8
1.566,-26.1
1.568,-29.3
1.57,-36.6
1.572,-45.9
1.574,-56.1
1.576,-60.4
1.578,-59.2
1.58,-53.2
1.582,-45.9
1.584,-41.2
1.586,-40.9
1.588,-43.1
1.59,-50.2
1.592,-58.7
1.594,-67
1.596,-69.7
1.598,-66.7
1.6,-58.4
1.602,-49.6
1.604,-43.3
1.606,-41.2
1.608,-42.3
1.61,-48.1
1.612,-56.5
1.614,-64.5
1.616,-67.6
1.618,-65.1
1.62,-57.6
1.622,-49.6
1.624,-43
1.626,-41.6
1.628,-43
1.63,-48.5
1.632,-56.9
1.634,-65.2
1.636,-68.1
1.638,-66.2
1.64,-58.2
1.642,-50.3
1.644,-44
1.646,-41.9
1.648,-43.3
1.65,-48.8
1.652,-56.8
1.654,-65.3
1.656,-67.9
1.658,-66
1.66,-58.5
1.662,-49.8
1.664,-44.7
1.666,-42.3
1.668,-43.1
1.67,-48.7
1.672,-56.2
1.674,-64.9
1.676,-67.9
1.678,-65.3
1.68,-57.4
1.682,-48.9
1.684,-43.7
1.686,-41.6
1.688,-43
1.69,-48.4
1.692,-56
1.694,-64.9
1.696,-67.6
1.698,-65.5
1.7,-57.9
1.702,-49.3
1.704,-43.5
1.706,-41.3
1.708,-42.3
1.71,-47.6
1.712,-55.1
1.714,-63.1
1.716,-65.9
1.718,-62.8
1.72,-54.6
1.722,-45.4
1.724,-38.5
1.726,-35.6
1.728,-35.4
1.73,-39.7
1.732,-47.1
1.734,-53.9
1.736,-55
1.738,-50.5
1.74,-40.7
1.742,-29.6
1.744,-20.8
1.746,-15.4
1.748,-14
1.75,-16.9
1.752,-21.7
1.754,-27.4
1.756,-27.8
1.758,-21.8
1.76,-10.5
1.762,1.58
1.764,11.3
1.766,17.3
1.768,19.4
1.77,16.7
1.772,10.9
1.774,4.06
1.776,2.79
1.778,6.42
1.78,15.7
1.782,25.9
1.784,32.2
1.786,34.6
1.788,32.8
1.79,25.8
1.792,16
1.794,5.15
1.796,-0.716
1.798,-1.54
1.8,2.22
1.802,7.5
1.804,8.71
1.806,6.17
1.808,-0.27
1.81,-10.8
1.812,-23.7
1.814,-37.6
1.816,-46.2
1.818,-48.8
1.82,-45
1.822,-39.9
1.824,-36.8
1.826,-36.6
1.828,-40.1
1.83,-46.6
1.832,-54.8
1.834,-64.2
1.836,-66.8
1.838,-63.5
1.84,-55.3
1.842,-45.4
1.844,-37.4
1.846,-33
1.848,-31.2
1.85,-33.5
1.852,-37.5
1.854,-42.8
1.856,-42.4
1.858,-36.6
1.86,-26.1
1.862,-14.5
1.864,-5.37
1.866,0.877
1.868,2.28
1.87,0.877
1.872,-3.39
1.874,-9.25
1.876,-9.51
1.878,-4.92
1.88,4.95
1.882,16.2
1.884,25
1.886,28.1
1.888,28.8
1.89,24.8
1.892,20
1.894,12.1
1.896,10.6
1.898,12.7
1.9,19.7
1.902,28.9
1.904,34.3
1.906,37.4
1.908,37.1
1.91,32.3
1.912,23
1.914,16.6
1.916,13.9
1.918,15.1
1.92,22.6
1.922,31.5
1.924,36.9
1.926,39.9
1.928,38.4
1.93,32.2
1.932,24.3
1.934,14
1.936,10.6
1.938,12.2
1.94,19.7
1.942,28.3
1.944,34.6
1.946,37.1
1.948,36.4
1.95,30.4
1.952,21.8
1.954,10.7
1.956,6.99
1.958,8.46
1.96,16.2
1.962,24.7
1.964,30.3
1.966,31.7
1.968,29.5
1.97,21.3
1.972,12.2
1.974,0.0488
1.976,-5.11
1.978,-5.18
1.98,1.45
1.982,8.9
1.984,14.1
1.986,15
1.988,12.3
1.99,5.15
1.992,-4.54
1.994,-15.7
1.996,-20.5
1.998,-19.4
2,-12.6
2.002,-4.47
2.004,0.559
2.006,2.53
2.008,0.0488
2.01,-6.7
2.012,-15.4
2.014,-25.9
2.016,-30.7
2.018,-29.6
2.02,-24.1
2.022,-16
2.024,-11.8
2.026,-10.3
2.028,-12.6
2.03,-18.3
2.032,-26.9
2.034,-36.5
2.036,-40.7
2.038,-39.6
2.04,-33.7
2.042,-25.6
2.044,-20.8
2.046,-18.5
2.048,-20
2.05,-24.9
2.052,-32.8
2.054,-41.5
2.056,-44.7
2.058,-43.1
2.06,-36.1
2.062,-27.9
2.064,-21.9
2.066,-19.8
2.068,-20.8
2.07,-26
2.072,-33.3
2.074,-42.4
2.076,-45.8
2.078,-44.3
2.08,-37.2
2.082,-29.1
2.084,-22.7
2.086,-20.1
2.088,-20.9
2.09,-26.6
2.092,-33.5
2.094,-43
2.096,-45.6
2.098,-44.4
2.1,-36.5
2.102,-28.6
2.104,-22.6
2.106,-20.6
2.108,-21.5
2.11,-26.3
2.112,-32.7
2.114,-41.8
2.116,-44.7
2.118,-43
2.12,-35.4
2.122,-28.1
2.124,-22.1
2.126,-19.3
2.128,-19.6
2.13,-24.9
2.132,-31.3
2.134,-39
2.136,-42.5
2.138,-40.7
2.14,-34.5
2.142,-26.5
2.144,-21.5
2.146,-18.8
2.148,-19.7
2.15,-23.4
2.152,-30.3
2.154,-38.6
2.156,-41.2
2.158,-39.7
2.16,-33.9
2.162,-25.6
2.164,-21.4
2.166,-19
2.168,-19.3
2.17,-23.5
2.172,-29.8
2.174,-37.1
2.176,-40.5
2.178,-39.2
2.18,-32.8
2.182,-25.5
2.184,-20.7
2.186,-18
2.188,-18.6
2.19,-22.9
2.192,-29.6
2.194,-37.2
2.196,-40.2
2.198,-38.7
2.2,-32.3
2.202,-24.5
2.204,-19.1
2.206,-16.3
2.208,-16.4
2.21,-20.8
2.212,-26.8
2.214,-34.5
2.216,-37.2
2.218,-35.4
2.22,-28.6
2.222,-20.8
2.224,-14.3
2.226,-11.9
2.228,-12
2.23,-16.1
2.232,-21.9
2.234,-30.1
2.236,-32.6
2.238,-31.3
2.24,-23.7
2.242,-15.9
2.244,-9.76
2.246,-6.77
2.248,-7.21
2.25,-11.8
2.252,-17.4
2.254,-25.5
2.256,-28.7
2.258,-26.6
2.26,-20.1
2.262,-12.4
2.264,-5.69
2.266,-3.77
2.268,-4.22
2.27,-8.11
2.272,-14.4
2.274,-21.8
2.276,-24.5
2.278,-22.7
2.28,-16.2
2.282,-7.85
2.284,-2.12
2.286,0.686
2.288,0.431
2.29,-3.33
2.292,-9
2.294,-16.8
2.296,-20.1
2.298,-18.7
2.3,-12.9
2.302,-5.3
2.304,-0.27
2.306,2.09
2.308,1
2.31,-2.24
2.312,-9.38
2.314,-16
2.316,-19
2.318,-17.9
2.32,-11.4
2.322,-4.35
2.324,1.2
2.326,3.81
2.328,3.49
2.33,-0.0786
2.332,-6.19
2.334,-13.8
2.336,-17.5
2.338,-16.8
2.34,-11.2
2.342,-3.65
2.344,1.13
2.346,2.85
2.348,2.02
2.35,-2.05
2.352,-8.87
2.354,-17.2
2.356,-20.1
2.358,-19.6
2.36,-12.6
2.362,-5.81
2.364,0.176
2.366,3.04
2.368,2.28
2.37,-1.99
2.372,-7.85
2.374,-16.8
2.376,-19.9
2.378,-18.7
2.38,-12.3
2.382,-4.73
2.384,1.45
2.386,4.06
2.388,3.49
2.39,-1.67
2.392,-8.11
2.394,-16.2
2.396,-20
2.398,-19
2.4,-12.4
2.402,-5.56
2.404,0.495
2.406,3.11
2.408,2.15
2.41,-3.14
2.412,-9.06
2.414,-17.9
2.416,-21.4
2.418,-20.8
2.42,-15.4
2.422,-8.36
2.424,-3.58
2.426,-2.12
2.428,-3.26
2.43,-7.92
2.432,-14.8
2.434,-22.7
2.436,-27.2
2.438,-26.8
2.44,-21.9
2.442,-15.8
2.444,-11.4
2.446,-9.89
2.448,-11.5
2.45,-15.2
2.452,-22.1
2.454,-30
2.456,-34
2.458,-33.8
2.46,-28.7
2.462,-22.3
2.464,-17.8
2.466,-15.7
2.468,-17
2.47,-21.1
2.472,-27.7
2.474,-35.6
2.476,-39.7
2.478,-39
2.48,-33.5
2.482,-26.3
2.484,-21.1
2.486,-18.3
2.488,-19.2
2.49,-22.8
2.492,-29.3
2.494,-37.6
2.496,-41
2.498,-40.5
2.5,-34.3
2.502,-26.9
2.504,-21.4
2.506,-18.5
2.508,-19.4
2.51,-24.4
2.512,-31.7
2.514,-41.4
2.516,-44
2.518,-42
2.52,-33.4
2.522,-26.8
2.524,-21
2.526,-18.9
2.528,-19.3
2.53,-23.7
2.532,-30.2
2.534,-38.4
2.536,-41.9
2.538,-41.1
2.54,-34.2
2.542,-26.7
2.544,-20.8
2.546,-17
2.548,-17.8
2.55,-23.1
2.552,-29.6
2.554,-37.7
2.556,-41.4
2.558,-40.7
2.56,-33.7
2.562,-25.5
2.564,-19.4
2.566,-16.2
2.568,-17
2.57,-20.7
2.572,-27.7
2.574,-37.3
2.576,-40.4
2.578,-40.2
2.58,-33.3
2.582,-24.6
2.584,-18.7
2.586,-16.1
2.588,-16.5
2.59,-20.8
2.592,-27.9
2.594,-36.6
2.596,-40.2
2.598,-40.3
2.6,-34.1
2.602,-25.6
2.604,-20.1
2.606,-17.4
2.608,-17.7
2.61,-21.9
2.612,-29
2.614,-37.5
2.616,-42.3
2.618,-41.3
2.62,-35.1
2.622,-27.3
2.624,-21.5
2.626,-20
2.628,-21.5
2.63,-25.8
2.632,-33.2
2.634,-41
2.636,-44.3
2.638,-45.1
2.64,-38
2.642,-31.2
2.644,-24.6
2.646,-22
2.648,-21.9
2.65,-27.3
2.652,-33.8
2.654,-43
2.656,-47.4
2.658,-46.8
2.66,-40
2.662,-31.2
2.664,-21.1
2.666,-16.5
2.668,-23.1
2.67,-31.7
2.672,-42.1
2.674,-50.5
2.676,-55.2
2.678,-54.2
2.68,-46.8
2.682,-39.3
2.684,-33.1
2.686,-29.8
2.688,-30.5
2.69,-36.1
2.692,-43.5
2.694,-53.5
2.696,-57.8
2.698,-57.5
2.7,-51
2.702,-43
2.704,-37.1
2.706,-33.9
2.708,-34.3
2.71,-39.2
2.712,-46.6
2.714,-55.8
2.716,-60.9
2.718,-60.6
2.72,-54
2.722,-46
2.724,-39.3
2.726,-35.6
2.728,-37
2.73,-40
2.732,-47.4
2.734,-56.1
2.736,-60
2.738,-59
2.74,-52
2.742,-42.5
2.744,-35.8
2.746,-31.5
2.748,-30.5
2.75,-33.9
2.752,-40.2
2.754,-48.1
2.756,-52
2.758,-50.4
2.76,-42.9
2.762,-34
2.764,-25.9
2.766,-21.7
2.768,-20.8
2.77,-23.5
2.772,-29.9
2.774,-37.9
2.776,-41.4
2.778,-40
2.78,-31.8
2.782,-22.3
2.784,-14
2.786,-9.51
2.788,-8.36
2.79,-12.8
2.792,-19
2.794,-28.6
2.796,-32.9
2.798,-32.3
2.8,-24
2.802,-14.4
2.804,-6.19
2.806,-2.63
2.808,-2.31
2.81,-7.92
2.812,-15.9
2.814,-27
2.816,-32.9
2.818,-32.2
2.82,-24.4
2.822,-15.2
2.824,-7.21
2.826,-4.28
2.828,-5.94
2.83,-12.3
2.832,-22.4
2.834,-34.7
2.836,-41.7
2.838,-43.5
2.84,-37.4
2.842,-28.7
2.844,-22.7
2.846,-20.6
2.848,-22.4
2.85,-28.9
2.852,-39.1
2.854,-51
2.856,-58.6
2.858,-59
2.86,-52.6
2.862,-43.5
2.864,-35.1
2.866,-32.1
2.868,-31.7
2.87,-39
2.872,-43
2.874,-53.3
2.876,-57.7
2.878,-55
2.88,-45.4
2.882,-31
2.884,-18.4
2.886,-12.7
2.888,-11.1
2.89,-17.8
2.892,-21.8
2.894,-26.7
2.896,-26.5
2.898,-21.1
2.9,-8.68
2.902,5.08
2.904,19.5
2.906,27.6
2.908,29.9
2.91,27.4
2.912,22.1
2.914,13
2.916,9.22
2.918,11.2
2.92,21.1
2.922,32.8
2.924,41.8
2.926,45.3
2.928,45.6
2.93,37.3
2.932,28
2.934,16.9
2.936,8.08
2.938,8.14
2.94,20.1
2.942,34.4
2.944,36.2
2.946,40.1
2.948,39
2.95,32.2
2.952,23.6
2.954,11.8
2.956,4.89
2.958,3.87
2.96,11.3
2.962,17.3
2.964,26.1
2.966,25.6
2.968,23.2
2.97,15.3
2.972,4.51
2.974,-8.81
2.976,-17.3
2.978,-20.8
2.98,-16
2.982,-10.3
2.984,-6
2.986,-5.49
2.988,-8.93
2.99,-18.3
2.992,-29.3
2.994,-43.7
2.996,-52.2
2.998,-54.7
3,-49.5
3.002,-42.4
3.004,-35.1
3.006,-32.3
3.008,-32.2
3.01,-37.9
3.012,-44.9
3.014,-53.8
3.016,-57.4
3.018,-55.1
3.02,-43.3
3.022,-31.1
3.024,-18.7
3.026,-9.25
3.028,-3.84
3.03,-4.16
3.032,-5.3
3.034,-9.83
3.036,-9.64
3.038,-4.35
3.04,8.2
3.042,21.2
3.044,32.7
3.046,39.4
3.048,42.3
3.05,37.8
3.052,31.4
3.054,21.3
3.056,14.6
3.058,12.7
3.06,17.6
3.062,22.5
3.064,26.5
3.066,26
3.068,21
3.07,10.2
3.072,-1.86
3.074,-17.1
3.076,-27.2
3.078,-33
3.08,-30.1
3.082,-26.6
3.084,-23.5
3.086,-23.3
3.088,-25.9
3.09,-34.3
3.092,-42.8
3.094,-53.1
3.096,-58.2
3.098,-57.3
3.1,-49.2
3.102,-40.3
3.104,-31.7
3.106,-26.8
3.108,-25.2
3.11,-28.9
3.112,-34.5
3.114,-42
3.116,-45.9
3.118,-45.3
3.12,-37.4
3.122,-28.4
3.124,-20.8
3.126,-16
3.128,-14.7
3.13,-18.7
3.132,-23.7
3.134,-31.9
3.136,-36
3.138,-34.7
3.14,-27.3
3.142,-18.6
3.144,-11.2
3.146,-6.77
3.148,-5.56
3.15,-9.64
3.152,-15.2
3.154,-23.3
3.156,-27.7
3.158,-27.5
3.16,-20.5
3.162,-12.4
3.164,-5.49
3.166,-1.03
3.168,-0.397
3.17,-4.67
3.172,-10.3
3.174,-18.8
3.176,-23.2
3.178,-23.3
3.18,-17.2
3.182,-8.87
3.184,-1.86
3.186,2.09
3.188,2.72
3.19,-1.86
3.192,-8.11
3.194,-15.9
3.196,-20.6
3.198,-20.9
3.2,-14.2
3.202,-6.58
3.204,0.304
3.206,4.38
3.208,4.51
3.21,-0.142
3.212,-6.32
3.214,-14.6
3.216,-19.9
3.218,-19.6
3.22,-13.8
3.222,-5.43
3.224,1.26
3.226,4.95
3.228,5.21
3.23,0.495
3.232,-5.81
3.234,-14.3
3.236,-19.3
3.238,-19.3
3.24,-13.4
3.242,-5.88
3.244,1.39
3.246,4.38
3.248,4.83
3.25,0.941
3.252,-5.75
3.254,-14.2
3.256,-19.2
3.258,-20.1
3.26,-14.2
3.262,-6.13
3.264,0.813
3.266,4.64
3.268,5.34
3.27,0.559
3.272,-6.19
3.274,-14.9
3.276,-20.3
3.278,-20.8
3.28,-15
3.282,-6.77
3.284,0.686
3.286,3.74
3.288,4.64
3.29,1.07
3.292,-6.19
3.294,-14.9
3.296,-20.7
3.298,-21.8
3.3,-15
3.302,-6.32
3.304,0.877
3.306,4.76
3.308,4.95
3.31,1.07
3.312,-5.56
3.314,-14.9
3.316,-20.5
3.318,-21.2
3.32,-15.4
3.322,-6.32
3.324,0.431
3.326,3.68
3.328,4.06
3.33,-0.0149
3.332,-7.41
3.334,-16.9
3.336,-23
3.338,-24.4
3.34,-18.9
3.342,-10.8
3.344,-4.54
3.346,-0.779
3.348,-1.42
3.35,-6.07
3.352,-13.6
3.354,-23.5
3.356,-29.6
3.358,-31.2
3.36,-26.4
3.362,-18.6
3.364,-12.4
3.366,-9.44
3.368,-9.7
3.37,-14.5
3.372,-21.9
3.374,-31.5
3.376,-37.3
3.378,-38.4
3.38,-34.7
3.382,-27
3.384,-21
3.386,-18.2
3.388,-18.4
3.39,-22.2
3.392,-29.7
3.394,-39.1
3.396,-44.9
3.398,-46
3.4,-41.4
3.402,-33.5
3.404,-27.5
3.406,-24.2
3.408,-24.5
3.41,-28.3
3.412,-34.5
3.414,-42.3
3.416,-47.4
3.418,-47.4
3.42,-41.8
3.422,-33.7
3.424,-26.6
3.426,-23.6
3.428,-22.2
3.43,-25.5
3.432,-31.7
3.434,-39.9
3.436,-44.5
3.438,-45.3
3.44,-39.7
3.442,-32.4
3.444,-25.8
3.446,-21.9
3.448,-21.4
3.45,-24.5
3.452,-30.6
3.454,-38.5
3.456,-43.5
3.458,-43.1
3.46,-38.7
3.462,-31
3.464,-24.7
3.466,-21.2
3.468,-20.9
3.47,-23.7
3.472,-29.6
3.474,-37.9
3.476,-42.8
3.478,-41.2
3.48,-37.4
3.482,-30.1
3.484,-24
3.486,-20.6
3.488,-20.1
3.49,-22.7
3.492,-28.9
3.494,-36.8
3.496,-41.2
3.498,-41.9
3.5,-37.2
3.502,-29.3
3.504,-23.3
3.506,-20
3.508,-19.3
3.51,-22.6
3.512,-28.4
3.514,-36.3
3.516,-40.9
3.518,-41.9
3.52,-37
3.522,-29.6
3.524,-23.5
3.526,-20.1
3.528,-19.4
3.53,-22.6
3.532,-28.4
3.534,-35.9
3.536,-41.4
3.538,-41.6
3.54,-36.8
3.542,-29.5
3.544,-23.8
3.546,-20
3.548,-19.6
3.55,-23
3.552,-28.9
3.554,-37
3.556,-41.9
3.558,-42.4
3.56,-37.7
3.562,-30.4
3.564,-24.5
3.566,-21.5
3.568,-20.7
3.57,-23.8
3.572,-30.1
3.574,-37.7
3.576,-42.5
3.578,-43.5
3.58,-38.8
3.582,-31.8
3.584,-25.8
3.586,-22.4
3.588,-22
3.59,-25.2
3.592,-31.2
3.594,-39.5
3.596,-44
3.598,-45.3
3.6,-40.7
3.602,-33
3.604,-26.8
3.606,-23.7
3.608,-22.6
3.61,-26.2
3.612,-32.4
3.614,-40.2
3.616,-45.7
3.618,-46.3
3.62,-41.1
3.622,-34
3.624,-27.3
3.626,-23.9
3.628,-23.4
3.63,-26.8
3.632,-33
3.634,-41.1
3.636,-46.3
3.638,-47.2
3.64,-42.3
3.642,-35.1
3.644,-29
3.646,-25.2
3.648,-24.9
3.65,-28.8
3.652,-35.3
3.654,-43.4
3.656,-49.1
3.658,-49.7
3.66,-45.4
3.662,-38.1
3.664,-31.2
3.666,-28.2
3.668,-27
3.67,-30.3
3.672,-36.9
3.674,-45
3.676,-50.5
3.678,-51.8
3.68,-46.7
3.682,-39.3
3.684,-33.2
3.686,-28.7
3.688,-28.4
3.69,-31.7
3.692,-38.2
3.694,-46.7
3.696,-52.1
3.698,-52.9
3.7,-48.1
3.702,-40.1
3.704,-33.5
3.706,-29.9
3.708,-29.2
3.71,-32.8
3.712,-39.3
3.714,-47.4
3.716,-53.1
3.718,-54
3.72,-48.4
3.722,-41
3.724,-34
3.726,-30.2
3.728,-29.8
3.73,-33
3.732,-39.3
3.734,-47.7
3.736,-52.5
3.738,-54
3.74,-49.1
3.742,-41.1
3.744,-35.2
3.746,-31.2
3.748,-30.6
3.75,-33.4
3.752,-39.6
3.754,-47.2
3.756,-53.2
3.758,-54.1
3.76,-49.3
3.762,-41.9
3.764,-35.4
3.766,-31.8
3.768,-30.9
3.77,-33.5
3.772,-40.4
3.774,-48.4
3.776,-53.9
3.778,-55.2
3.78,-49.9
3.782,-42.3
3.784,-35.9
3.786,-31.6
3.788,-30.7
3.79,-34.1
3.792,-40.2
3.794,-48.6
3.796,-54.4
3.798,-55.1
3.8,-50
3.802,-42.3
3.804,-35.2
3.806,-31.4
3.808,-30.4
3.81,-33
3.812,-39.8
3.814,-48.1
3.816,-54
3.818,-55.1
3.82,-50
3.822,-41.8
3.824,-34.4
3.826,-30.2
3.828,-29.3
3.83,-32
3.832,-39
3.834,-47.9
3.836,-54.1
3.838,-55.1
3.84,-50.1
3.842,-41.3
3.844,-34.3
3.846,-29.8
3.848,-28.4
3.85,-32.1
3.852,-38.8
3.854,-48.1
3.856,-54.5
3.858,-55.3
3.86,-50
3.862,-41.4
3.864,-33.8
3.866,-29.6
3.868,-28.1
3.87,-30.9
3.872,-38.8
3.874,-48.2
3.876,-55.3
3.878,-57.1
3.88,-51.2
3.882,-41.5
3.884,-33.5
3.886,-28.4
3.888,-27.4
3.89,-31.4
3.892,-38.7
3.894,-49.1
3.896,-55.4
3.898,-57
3.9,-51.4
3.902,-40.9
3.904,-31.7
3.906,-26.5
3.908,-24.8
3.91,-27.6
3.912,-35.8
3.914,-44.9
3.916,-50.7
3.918,-51.5
3.92,-44.7
3.922,-33.9
3.924,-24
3.926,-17.4
3.928,-14.5
3.93,-15.6
3.932,-21.4
3.934,-29.2
3.936,-33.4
3.938,-32.2
3.94,-23.5
3.942,-10.3
3.944,1.77
3.946,10.1
3.948,15.3
3.95,14.7
3.952,10.8
3.954,4.25
3.956,0.877
3.958,2.66
3.96,11.4
3.962,24
3.964,35.5
3.966,42.6
3.968,45.7
3.97,43.7
3.972,36.5
3.974,26.5
3.976,18.8
3.978,16.2
3.98,20.6
3.982,27.8
3.984,33.4
3.986,35
3.988,31.6
3.99,23.2
3.992,10.3
3.994,-5.81
3.996,-18.6
3.998,-25.6
4,-24.9
4.002,-20.1
4.004,-15.4
4.006,-14.5
4.008,-17
4.01,-24.2
4.012,-33.7
4.014,-45.1
4.016,-52.8
4.018,-54.9
4.02,-49.4
4.022,-38.8
4.024,-28.6
4.026,-21.3
4.028,-18.2
4.03,-19.3
4.032,-24.8
4.034,-31.8
4.036,-35.4
4.038,-34
4.04,-24.5
4.042,-11.4
4.044,0.559
4.046,9.16
4.048,13.9
4.05,13.1
4.052,8.33
4.054,0.813
4.056,-3.52
4.058,-2.88
4.06,5.02
4.062,17.2
4.064,28.2
4.066,35.1
4.068,37.9
4.07,35.8
4.072,28.6
4.074,19.4
4.076,13
4.078,11.9
4.08,17.9
4.082,28.3
4.084,36.9
4.086,41.7
4.088,42.9
4.09,39.7
4.092,32.5
4.094,22.5
4.096,15.2
4.098,13
4.1,17.6
4.102,25.6
4.104,32.7
4.106,36.2
4.108,35.7
4.11,31.7
4.112,22.1
4.114,11.9
4.116,3.74
4.118,0.75
4.12,4
4.122,10.4
4.124,16.2
4.126,18.3
4.128,16.6
4.13,12.6
4.132,3.36
4.134,-7.47
4.136,-15
4.138,-18.6
4.14,-15.9
4.142,-10.5
4.144,-5.3
4.146,-2.75
4.148,-4.28
4.15,-8.17
4.152,-16.3
4.154,-26.2
4.156,-34.2
4.158,-37.2
4.16,-34.4
4.162,-27.4
4.164,-20.5
4.166,-16.4
4.168,-16.8
4.17,-19.6
4.172,-27.9
4.174,-36.5
4.176,-43
4.178,-45.4
4.18,-40
4.182,-32.1
4.184,-25.4
4.186,-21
4.188,-19.8
4.19,-23.1
4.192,-29.7
4.194,-38.9
4.196,-45.9
4.198,-46.8
4.2,-41.9
4.202,-33.6
4.204,-26.5
4.206,-22.1
4.208,-21.2
4.21,-24.4
4.212,-31.6
4.214,-40.5
4.216,-47.5
4.218,-49.6
4.22,-44.2
4.222,-36
4.224,-29.7
4.226,-23.1
4.228,-22.5
4.23,-24.7
4.232,-31.7
4.234,-41
4.236,-48
4.238,-49.8
4.24,-44.2
4.242,-35.4
4.244,-28
4.246,-23.1
4.248,-21.2
4.25,-24.5
4.252,-31.4
4.254,-39.1
4.256,-46.1
4.258,-46.4
4.26,-42.4
4.262,-33.5
4.264,-25.2
4.266,-20.1
4.268,-19
4.27,-20.3
4.272,-27.9
4.274,-36.3
4.276,-44
4.278,-45.1
4.28,-37.5
4.282,-31.1
4.284,-22.6
4.286,-17
4.288,-15.6
4.29,-17.7
4.292,-24.9
4.294,-33.4
4.296,-40.2
4.298,-41.6
4.3,-35.7
4.302,-27.2
4.304,-19.6
4.306,-14.4
4.308,-13.5
4.31,-15.7
4.312,-22.5
4.314,-31.2
4.316,-38.4
4.318,-39.6
4.32,-33.5
4.322,-25.4
4.324,-16.4
4.326,-10.1
4.328,-9.83
4.33,-11.6
4.332,-18.4
4.334,-26.7
4.336,-33.8
4.338,-34.9
4.34,-30
4.342,-19.9
4.344,-11.8
4.346,-5.3
4.348,-3.39
4.35,-5.62
4.352,-13.1
4.354,-21.3
4.356,-27.9
4.358,-29.3
4.36,-25.1
4.362,-14.9
4.364,-5.62
4.366,-0.588
4.368,1.32
4.37,-1.1
4.372,-7.66
4.374,-16.9
4.376,-23.3
4.378,-25
4.38,-19.4
4.382,-10.8
4.384,-2.18
4.386,3.43
4.388,4.57
4.39,1.83
4.392,-4.79
4.394,-14.4
4.396,-22.4
4.398,-23.9
4.4,-18.9
4.402,-10
4.404,0.559
4.406,8.14
4.408,4.83
4.41,0.559
4.412,-6.39
4.414,-16.3
4.416,-24.7
4.418,-26.5
4.42,-21.2
4.422,-12.2
4.424,-3.9
4.426,3.04
4.428,2.72
4.43,-0.907
4.432,-9.19
4.434,-18.5
4.436,-26.8
4.438,-29.1
4.44,-23.2
4.442,-15.3
4.444,-6
4.446,-2.24
4.448,-1.42
4.45,-4.67
4.452,-12.8
4.454,-22.3
4.456,-30.3
4.458,-33
4.46,-29
4.462,-20.1
4.464,-12.2
4.466,-7.47
4.468,-6.19
4.47,-9.19
4.472,-16.4
4.474,-24.9
4.476,-31.9
4.478,-34
4.48,-29.4
4.482,-21
4.484,-13.7
4.486,-9.06
4.488,-7.98
4.49,-10.1
4.492,-17
4.494,-25.3
4.496,-31.7
4.498,-33.8
4.5,-30.4
4.502,-22.3
4.504,-15.4
4.506,-10.7
4.508,-9.38
4.51,-11.9
4.512,-17.9
4.514,-26
4.516,-32.3
4.518,-34
4.52,-30.6
4.522,-22.6
4.524,-15.6
4.526,-11
4.528,-9.89
4.53,-11.7
4.532,-18.3
4.534,-25.9
4.536,-32.3
4.538,-34.3
4.54,-30.1
4.542,-21.3
4.544,-13.9
4.546,-8.87
4.548,-7.34
4.55,-9.57
4.552,-14.5
4.554,-21.3
4.556,-26.7
4.558,-27.7
4.56,-23.3
4.562,-14.8
4.564,-5.88
4.566,0.0488
4.568,2.22
4.57,1.71
4.572,-2.63
4.574,-9.25
4.576,-13.7
4.578,-13.4
4.58,-7.21
4.582,2.22
4.584,11.1
4.586,17.8
4.588,20.8
4.59,21.3
4.592,17.1
4.594,11.3
4.596,7.25
4.598,6.74
4.6,12.8
4.602,22.5
4.604,30.6
4.606,37.3
4.608,40.3
4.61,38.9
4.612,34
4.614,27.5
4.616,21.8
4.618,20.8
4.62,25.3
4.622,33.8
4.624,42
4.626,46.9
4.628,48.5
4.63,46.6
4.632,41.8
4.634,33.8
4.636,27.6
4.638,25.6
4.64,30
4.642,38
4.644,45.2
4.646,49.1
4.648,50.6
4.65,48
4.652,42
4.654,32.7
4.656,26
4.658,24.6
4.66,27.8
4.662,35.2
4.664,42.7
4.666,46.6
4.668,47.5
4.67,43.8
4.672,38.3
4.674,29.7
4.676,22.5
4.678,20.5
4.68,24.1
4.682,31.1
4.684,39
4.686,42.8
4.688,43.4
4.69,41.7
4.692,34.6
4.694,26.1
4.696,19.4
4.698,16.9
4.7,20.9
4.702,28.8
4.704,36
4.706,40.7
4.708,42.2
4.71,39
4.712,33.2
4.714,25.1
4.716,18.1
4.718,16.5
4.72,20.4
4.722,27.4
4.724,36.3
4.726,39.7
4.728,41
4.73,38.6
4.732,32.3
4.734,25
4.736,17.8
4.738,16.2
4.74,19
4.742,27.3
4.744,34.6
4.746,39.2
4.748,40.7
4.75,38.1
4.752,31.8
4.754,24.1
4.756,16.7
4.758,14.5
4.76,18.2
4.762,26.1
4.764,34.2
4.766,37.6
4.768,39
4.77,37
4.772,29.9
4.774,21.5
4.776,14.2
4.778,12.1
4.78,15.1
4.782,22.7
4.784,29.5
4.786,34
4.788,34.4
4.79,32.3
4.792,24.9
4.794,15.8
4.796,8.08
4.798,4.83
4.8,8.65
4.802,15.5
4.804,22.3
4.806,26.6
4.808,26.7
4.81,23.6
4.812,16
4.814,5.4
4.816,-2.69
4.818,-6
4.82,-4.16
4.822,2.02
4.824,9.1
4.826,12.7
4.828,12.3
4.83,8.9
4.832,-0.0786
4.834,-10.6
4.836,-20
4.838,-24.7
4.84,-22.2
4.842,-16.1
4.844,-9.57
4.846,-6.58
4.848,-8.36
4.85,-13.3
4.852,-21.1
4.854,-32.2
4.856,-41.9
4.858,-45.6
4.86,-44.2
4.862,-37
4.864,-30.1
4.866,-27.1
4.868,-26.2
4.87,-28.4
4.872,-35.4
4.874,-43
4.876,-51.2
4.878,-52.5
4.88,-48.4
4.882,-39.7
4.884,-30.7
4.886,-25.9
4.888,-24.2
4.89,-26.5
4.892,-33.1
4.894,-42.1
4.896,-50.5
4.898,-52.5
4.9,-49.4
4.902,-39.5
4.904,-30.4
4.906,-25.2
4.908,-23.4
4.91,-25.2
4.912,-32.2
4.914,-41.5
4.916,-49.7
4.918,-52.2
4.92,-49.2
4.922,-41.2
4.924,-32.6
4.926,-27
4.928,-26
4.93,-26.8
4.932,-34.5
4.934,-43.5
4.936,-51
4.938,-54.2
4.94,-49.7
4.942,-40.6
4.944,-31.7
4.946,-26.4
4.948,-24.4
4.95,-26.5
4.952,-33.8
4.954,-42.6
4.956,-50.5
4.958,-51.7
4.96,-47.9
4.962,-39.3
4.964,-29.6
4.966,-23.7
4.968,-22.1
4.97,-23.3
4.972,-29.8
4.974,-38.1
4.976,-45.6
4.978,-46.4
4.98,-41.2
4.982,-31.9
4.984,-22.2
4.986,-14.3
4.988,-11.8
4.99,-11
4.992,-15.8
4.994,-22.7
4.996,-27.7
4.998,-26.6
5,-18.6
5.002,-6.19
5.004,8.14
5.006,18.5
5.008,25.5
5.01,28.1
5.012,25.6
5.014,21
5.016,15.3
5.018,16.8
5.02,23.8
5.022,34.9
5.024,46.3
5.026,53.5
5.028,55
5.03,52
5.032,42.7
5.034,29.4
5.036,16.7
5.038,9.41
5.04,8.27
5.042,13.4
5.044,16.5
5.046,17.6
5.048,13.9
5.05,4.25
5.052,-9.06
5.054,-24.5
5.056,-39.7
5.058,-45.3
5.06,-44.3
5.062,-36.8
5.064,-27.2
5.066,-20.8
5.068,-17.9
5.07,-18.6
5.072,-22.4
5.074,-28.9
5.076,-32.8
5.078,-31
5.08,-21.3
5.082,-6.51
5.084,8.97
5.086,21.1
5.088,28.2
5.09,30.9
5.092,28.9
5.094,23.9
5.096,18.3
5.098,18.7
5.1,23.6
5.102,36.5
5.104,47.3
5.106,54.2
5.108,56.6
5.11,54.8
5.112,48.2
5.114,39.3
5.116,30.2
5.118,27.1
5.12,30.6
5.122,38.7
5.124,47.6
5.126,53.2
5.128,53.8
5.13,50.5
5.132,42.4
5.134,30.9
5.136,20.8
5.138,15.5
5.14,18.3
5.142,23.2
5.144,30
5.146,32.5
5.148,31.1
5.15,24.5
5.152,14
5.154,0.941
5.156,-13.8
5.158,-21
5.16,-22.6
5.162,-17.2
5.164,-11.1
5.166,-9.38
5.168,-10.3
5.17,-14.9
5.172,-23.5
5.174,-33.7
5.176,-43.7
5.178,-46.6
5.18,-43.7
5.182,-32.2
5.184,-21.2
5.186,-12.7
5.188,-7.21
5.19,-5.18
5.192,-7.09
5.194,-10.5
5.196,-14.2
5.198,-11.4
5.2,-3.65
5.202,10.7
5.204,25.2
5.206,34.9
5.208,41.9
5.21,42.6
5.212,41.3
5.214,35.6
5.216,30.1
5.218,28.7
5.22,32.8
5.222,40.7
5.224,48.6
5.226,53.4
5.228,53.3
5.23,48
5.232,40.3
5.234,28.4
5.236,16.1
5.238,9.48
5.24,8.65
5.242,10.8
5.244,13.9
5.246,15
5.248,12
5.25,4.32
5.252,-5.11
5.254,-17.5
5.256,-30
5.258,-35.9
5.26,-35.8
5.262,-30.9
5.264,-25.2
5.266,-21.5
5.268,-19.6
5.27,-21.1
5.272,-25.2
5.274,-31.9
5.276,-38.8
5.278,-41.4
5.28,-36.5
5.282,-28.7
5.284,-19
5.286,-14
5.288,-10.4
5.29,-12.2
5.292,-16.5
5.294,-24.3
5.296,-32.2
5.298,-34.9
5.3,-30.7
5.302,-23.5
5.304,-14.5
5.306,-8.62
5.308,-6.32
5.31,-8.62
5.312,-13.5
5.314,-19.9
5.316,-30
5.318,-32.5
5.32,-29.3
5.322,-21.2
5.324,-12.1
5.326,-6.58
5.328,-4.09
5.33,-5.94
5.332,-11.5
5.334,-20.5
5.336,-27.7
5.338,-31.9
5.34,-28
5.342,-20.3
5.344,-11.7
5.346,-6.58
5.348,-4.22
5.35,-6.7
5.352,-12.9
5.354,-21.9
5.356,-29.1
5.358,-33
5.36,-28.8
5.362,-22.4
5.364,-13.1
5.366,-7.72
5.368,-5.75
5.37,-8.68
5.372,-14
5.374,-22.8
5.376,-31.7
5.378,-34.4
5.38,-31.7
5.382,-23.7
5.384,-16.3
5.386,-8.87
5.388,-6.83
5.39,-8.87
5.392,-14
5.394,-23.1
5.396,-31.9
5.398,-34.4
5.4,-31.9
5.402,-22.7
5.404,-13.7
5.406,-7.41
5.408,-4.35
5.41,-6.19
5.412,-11.7
5.414,-20.8
5.416,-28.6
5.418,-32.3
5.42,-28.9
5.422,-20.3
5.424,-11.2
5.426,-5.62
5.428,-2.56
5.43,-4.73
5.432,-10.7
5.434,-19.5
5.436,-27.3
5.438,-31.1
5.44,-26.5
5.442,-19.8
5.444,-11.5
5.446,-5.11
5.448,-2.24
5.45,-4.35
5.452,-9.76
5.454,-17.7
5.456,-27
5.458,-29.7
5.46,-27.1
5.462,-18.8
5.464,-10.9
5.466,-4.03
5.468,-1.99
5.47,-3.46
5.472,-9.06
5.474,-18.4
5.476,-25.2
5.478,-29.1
5.48,-26.2
5.482,-18
5.484,-10.3
5.486,-3.84
5.488,-1.8
5.49,-3.58
5.492,-9.06
5.494,-17.4
5.496,-25.1
5.498,-28.6
5.5,-26.5
5.502,-18.4
5.504,-10
5.506,-4.79
5.508,-1.99
5.51,-3.84
5.512,-10.1
5.514,-17.7
5.516,-26.4
5.518,-29.3
5.52,-26.3
5.522,-18.7
5.524,-11.1
5.526,-5.11
5.528,-2.88
5.53,-5.11
5.532,-10.5
5.534,-18.7
5.536,-26.5
5.538,-29.6
5.54,-27.6
5.542,-19.1
5.544,-12.1
5.546,-5.11
5.548,-2.75
5.55,-4.41
5.552,-9.7
5.554,-18.9
5.556,-26.7
5.558,-30.9
5.56,-27.1
5.562,-20
5.564,-12.1
5.566,-5.62
5.568,-3.97
5.57,-4.67
5.572,-12.2
5.574,-19
5.576,-28.2
5.578,-31.2
5.58,-28.9
5.582,-21.2
5.584,-14.3
5.586,-8.36
5.588,-6
5.59,-7.02
5.592,-13
5.594,-21.4
5.596,-29.7
5.598,-32.6
5.6,-31.6
5.602,-22.6
5.604,-15.9
5.606,-9.57
5.608,-7.66
5.61,-8.62
5.612,-15.2
5.614,-23.9
5.616,-31.2
5.618,-35
5.62,-33.5
5.622,-25.4
5.624,-17.3
5.626,-11.5
5.628,-10.1
5.63,-11.8
5.632,-17.3
5.634,-27.8
5.636,-34.9
5.638,-38.3
5.64,-37.7
5.642,-29.3
5.644,-22.2
5.646,-16.1
5.648,-14.4
5.65,-16.8
5.652,-21.6
5.654,-31.8
5.656,-40.3
5.658,-43.1
5.66,-41.8
5.662,-34.4
5.664,-27.2
5.666,-20.1
5.668,-19.5
5.67,-21.1
5.672,-26.3
5.674,-34.8
5.676,-43.7
5.678,-46.3
5.68,-44
5.682,-36.5
5.684,-28
5.686,-21.3
5.688,-19.8
5.69,-19.6
5.692,-26.1
5.694,-35.8
5.696,-43.3
5.698,-46.4
5.7,-43.9
5.702,-35.8
5.704,-26.6
5.706,-22.1
5.708,-19.1
5.71,-21
5.712,-26.7
5.714,-35.9
5.716,-42.9
5.718,-45.7
5.72,-44.1
5.722,-36.1
5.724,-26.9
5.726,-21.1
5.728,-18.9
5.73,-20.9
5.732,-25.6
5.734,-34.4
5.736,-43.1
5.738,-46.4
5.74,-44
5.742,-35.6
5.744,-27.2
5.746,-19.6
5.748,-18.5
5.75,-19.3
5.752,-25
5.754,-32.3
5.756,-42.1
5.758,-43.3
5.76,-41.5
5.762,-33.5
5.764,-24.1
5.766,-17.9
5.768,-15
5.77,-16.1
5.772,-21.8
5.774,-29.6
5.776,-38.1
5.778,-40.1
5.78,-37.9
5.782,-29.5
5.784,-20.7
5.786,-14.2
5.788,-11.3
5.79,-12.5
5.792,-17.8
5.794,-25.9
5.796,-33
5.798,-36.3
5.8,-32.6
5.802,-24.5
5.804,-16.5
5.806,-10.3
5.808,-7.53
5.81,-8.04
5.812,-14.2
5.814,-21.7
5.816,-30
5.818,-32.8
5.82,-30.8
5.822,-23.4
5.824,-14
5.826,-8.87
5.828,-6.58
5.83,-6.51
5.832,-13.3
5.834,-22.2
5.836,-30.8
5.838,-33
5.84,-32
5.842,-23.5
5.844,-15.6
5.846,-9.76
5.848,-7.98
5.85,-9.57
5.852,-14.7
5.854,-23.4
5.856,-32.4
5.858,-36.2
5.86,-34.9
5.862,-27.7
5.864,-20.8
5.866,-15.3
5.868,-13.3
5.87,-15.4
5.872,-22
5.874,-30
5.876,-39.1
5.878,-43.6
5.88,-40.5
5.882,-33.5
5.884,-25.2
5.886,-19.2
5.888,-16.8
5.89,-17.7
5.892,-23.7
5.894,-31.5
5.896,-39.1
5.898,-42.3
5.9,-40.6
5.902,-32.8
5.904,-24.9
5.906,-19.8
5.908,-17.6
5.91,-18.3
5.912,-23.9
5.914,-31.8
5.916,-39.4
5.918,-42.1
5.92,-40.9
5.922,-33
5.924,-25.2
5.926,-19.9
5.928,-17.3
5.93,-18.4
5.932,-24.2
5.934,-30.5
5.936,-39.3
5.938,-43.1
5.94,-41.1
5.942,-33.5
5.944,-25.5
5.946,-20.7
5.948,-17.2
5.95,-18.7
5.952,-24
5.954,-31.2
5.956,-39.3
5.958,-42.3
5.96,-40.9
5.962,-33.3
5.964,-25.9
5.966,-20.3
5.968,-18.4
5.97,-19.8
5.972,-24
5.974,-31.7
5.976,-39.2
5.978,-42.5
5.98,-40.7
5.982,-34
5.984,-26.1
5.986,-20.1
5.988,-18.8
5.99,-18.3
5.992,-24.2
5.994,-30.4
5.996,-39
5.998,-41
6,-38.6
6.002,-31.1
6.004,-22.3
6.006,-16.1
6.008,-13.5
6.01,-12.8
6.012,-16.6
6.014,-22
6.016,-28
6.018,-28.9
6.02,-26
6.022,-16.1
6.024,-5.75
6.026,2.6
6.028,8.65
6.03,11
6.032,10.1
6.034,6.99
6.036,3.3
6.038,3.62
6.04,9.8
6.042,21.2
6.044,33.2
6.046,41.4
6.048,47.8
6.05,50.1
6.052,46.8
6.054,41.5
6.056,34.6
6.058,32
6.06,33
6.062,40.1
6.064,46.9
6.066,51.1
6.068,51.8
6.07,48.7
6.072,42
6.074,30.6
6.076,18.9
6.078,13.7
6.08,10.5
6.082,13.9
6.084,17.7
6.086,19.8
6.088,17.3
6.09,14.2
6.092,5.66
6.094,-4.79
6.096,-15.1
6.098,-20.8
6.1,-21.5
6.102,-18.8
6.104,-12.4
6.106,-9.89
6.108,-9.25
6.11,-10.5
6.112,-17.7
6.114,-24.4
6.116,-33.3
6.118,-37.7
6.12,-36.4
6.122,-30.5
6.124,-23.4
6.126,-19.2
6.128,-16.4
6.13,-18
6.132,-22.1
6.134,-28.4
6.136,-36.1
6.138,-39.3
6.14,-37.8
6.142,-31
6.144,-24
6.146,-18.7
6.148,-16.2
6.15,-16.5
6.152,-21.1
6.154,-27.6
6.156,-35.6
6.158,-38.2
6.16,-37.4
6.162,-30
6.164,-21.9
6.166,-16.5
6.168,-14.2
6.17,-14
6.172,-17.4
6.174,-23.4
6.176,-29.9
6.178,-30.5
6.18,-29
6.182,-20.5
6.184,-10.5
6.186,-4.03
6.188,1.07
6.19,2.66
6.192,2.53
6.194,-0.971
6.196,-5.81
6.198,-5.62
6.2,0.113
6.202,9.03
6.204,20.4
6.206,29.1
6.208,35.3
6.21,37.1
6.212,36.2
6.214,33
6.216,27.3
6.218,26
6.22,31.1
6.222,38.1
6.224,47.7
6.226,54.7
6.228,57.9
6.23,58
6.232,53.9
6.234,48.1
6.236,39.5
6.238,36.2
6.24,37
6.242,44.5
6.244,51.1
6.246,55.4
6.248,57.5
6.25,54.8
6.252,49.2
6.254,40.2
6.256,30.6
6.258,23.6
6.26,22.4
6.262,25.8
6.264,30.8
6.266,32.5
6.268,32
6.27,28
6.272,20.1
6.274,9.1
6.276,-2.24
6.278,-10.3
6.28,-10.7
6.282,-9.57
6.284,-3.65
6.286,-1.29
6.288,-2.05
6.29,-6.32
6.292,-13.3
6.294,-22.7
6.296,-33.5
6.298,-39.4
6.3,-40
6.302,-31.8
6.304,-22.3
6.306,-14.9
6.308,-11.4
6.31,-11.4
6.312,-16
6.314,-22.4
6.316,-31.6
6.318,-36.5
6.32,-34.4
6.322,-27
6.324,-17.7
6.326,-11.7
6.328,-8.04
6.33,-8.62
6.332,-15.1
6.334,-23.2
6.336,-31.8
6.338,-37.2
6.34,-35.5
6.342,-27.8
6.344,-19
6.346,-13.3
6.348,-9.95
6.35,-11.2
6.352,-16.4
6.354,-24.9
6.356,-33.7
6.358,-37.9
6.36,-36.4
6.362,-29.1
6.364,-20.5
6.366,-15.2
6.368,-12.1
6.37,-13.5
6.372,-18.7
6.374,-26.6
6.376,-34.6
6.378,-38.4
6.38,-36.8
6.382,-30.2
6.384,-21.1
6.386,-15.4
6.388,-12.9
6.39,-13.1
6.392,-18.2
6.394,-25.1
6.396,-32.3
6.398,-34.9
6.4,-33.9
6.402,-26.5
6.404,-18.2
6.406,-13
6.408,-9.38
6.41,-11.1
6.412,-15.1
6.414,-22.2
6.416,-29.6
6.418,-33.7
6.42,-32.4
6.422,-25.9
6.424,-17.9
6.426,-12.6
6.428,-8.81
6.43,-9.57
6.432,-13.6
6.434,-19.8
6.436,-28
6.438,-30.8
6.44,-29
6.442,-22.8
6.444,-14.9
6.446,-9.76
6.448,-7.21
6.45,-8.11
6.452,-11
6.454,-18.2
6.456,-25.4
6.458,-27.3
6.46,-26.8
6.462,-20.2
6.464,-13.3
6.466,-6.83
6.468,-4.47
6.47,-4.92
6.472,-8.17
6.474,-14.4
6.476,-22
6.478,-24.9
6.48,-22.8
6.482,-17.9
6.484,-10.5
6.486,-5.56
6.488,-3.01
6.49,-3.9
6.492,-7.98
6.494,-12.9
6.496,-20.3
6.498,-23.7
6.5,-22.3
6.502,-16.9
6.504,-10.7
6.506,-5.88
6.508,-3.07
6.51,-4.73
6.512,-8.23
6.514,-14.2
6.516,-21.5
6.518,-24.8
6.52,-24.4
6.522,-18.2
6.524,-11.7
6.526,-6.77
6.528,-4.22
6.53,-5.11
6.532,-8.87
6.534,-14.4
6.536,-21.1
6.538,-24
6.54,-23.6
6.542,-18.4
6.544,-11.3
6.546,-6.26
6.548,-5.75
6.55,-4.6
6.552,-9.51
6.554,-15
6.556,-21.6
6.558,-24.8
6.56,-23.9
6.562,-18.4
6.564,-11.6
6.566,-7.41
6.568,-4.92
6.57,-6
6.572,-9.7
6.574,-15.2
6.576,-21.9
6.578,-25.8
6.58,-24.7
6.582,-19.1
6.584,-12.6
6.586,-8.11
6.588,-5.18
6.59,-5.81
6.592,-10.1
6.594,-15.8
6.596,-22.8
6.598,-26.4
6.6,-25.1
6.602,-19.4
6.604,-12.9
6.606,-7.6
6.608,-6.07
6.61,-5.37
6.612,-10.4
6.614,-15.9
6.616,-22.7
6.618,-26.2
6.62,-26.2
6.622,-19.3
6.624,-13.2
6.626,-8.3
6.628,-6.51
6.63,-6.13
6.632,-10.5
6.634,-16.4
6.636,-23.5
6.638,-27.2
6.64,-26.7
6.642,-20.8
6.644,-14.5
6.646,-9.57
6.648,-7.34
6.65,-7.72
6.652,-12.3
6.654,-17.9
6.656,-25
6.658,-29.1
6.66,-27.3
6.662,-22.6
6.664,-16.4
6.666,-11.2
6.668,-9.57
6.67,-10.1
6.672,-13.7
6.674,-19.2
6.676,-27.3
6.678,-29.6
6.68,-29.8
6.682,-23.4
6.684,-17.8
6.686,-12.4
6.688,-9.7
6.69,-10.1
6.692,-14.5
6.694,-20.1
6.696,-27.8
6.698,-30.7
6.7,-30.5
6.702,-23.8
6.704,-18.3
6.706,-12.6
6.708,-11.2
6.71,-11
6.712,-15.6
6.714,-20.7
6.716,-27.3
6.718,-31.6
6.72,-30
6.722,-24.9
6.724,-19.2
6.726,-14
6.728,-10.9
6.73,-11.7
6.732,-16.3
6.734,-21.1
6.736,-29.1
6.738,-32
6.74,-31.7
6.742,-25.7
6.744,-19.4
6.746,-14.9
6.748,-12.7
6.75,-12.5
6.752,-16.9
6.754,-22.5
6.756,-29.9
6.758,-32.6
6.76,-33.1
6.762,-27
6.764,-20.8
6.766,-16.3
6.768,-14.1
6.77,-13.9
6.772,-18.8
6.774,-24.5
6.776,-30.8
6.778,-34.6
6.78,-33.8
6.782,-28
6.784,-22.2
6.786,-17
6.788,-15.6
6.79,-15.6
6.792,-19.2
6.794,-24.5
6.796,-31.3
6.798,-34.9
6.8,-34.1
6.802,-28.6
6.804,-22.7
6.806,-17.4
6.808,-14.4
6.81,-15.1
6.812,-19.6
6.814,-24.5
6.816,-32.2
6.818,-34.6
6.82,-34.3
6.822,-28.7
6.824,-22.4
6.826,-17.4
6.828,-15.2
6.83,-15.2
6.832,-20
6.834,-24.5
6.836,-31.7
6.838,-35.4
6.84,-34.9
6.842,-29.1
6.844,-23.2
6.846,-17.6
6.848,-15.4
6.85,-15.6
6.852,-19.4
6.854,-24.5
6.856,-32.4
6.858,-35.9
6.86,-35.2
6.862,-29.1
6.864,-22.6
6.866,-17.5
6.868,-15.2
6.87,-15.9
6.872,-19.1
6.874,-24.5
6.876,-32.3
6.878,-35.7
6.88,-35.3
6.882,-29.6
6.884,-22.8
6.886,-17.5
6.888,-15.1
6.89,-15.1
6.892,-19.3
6.894,-24.6
6.896,-32.2
6.898,-36.4
6.9,-35.6
6.902,-29.4
6.904,-22.7
6.906,-17.2
6.908,-14.5
6.91,-15
6.912,-18.8
6.914,-25.3
6.916,-32.7
6.918,-37.2
6.92,-37.4
6.922,-30.7
6.924,-23.8
6.926,-17.9
6.928,-14.7
6.93,-15.2
6.932,-19.6
6.934,-25.6
6.936,-34.5
6.938,-38.6
6.94,-39.1
6.942,-31.8
6.944,-24.5
6.946,-19.1
6.948,-15.9
6.95,-15.9
6.952,-20.2
6.954,-27.2
6.956,-35.7
6.958,-40.4
6.96,-40.5
6.962,-33.8
6.964,-25.8
6.966,-19.8
6.968,-16.2
6.97,-16.5
6.972,-20.9
6.974,-28.4
6.976,-37.4
6.978,-41.9
6.98,-41.2
6.982,-34.4
6.984,-25.9
6.986,-19.4
6.988,-15.8
6.99,-15.9
6.992,-19.9
6.994,-26.9
6.996,-35.8
6.998,-41.2
7,-40
7.002,-33.3
7.004,-24.4
7.006,-17.9
7.008,-14.7
7.01,-13.7
7.012,-19
7.014,-25.8
7.016,-34.4
7.018,-39.6
7.02,-38.6
7.022,-31.4
7.024,-22.7
7.026,-16.8
7.028,-12.6
7.03,-13.7
7.032,-16.9
7.034,-23.8
7.036,-31.7
7.038,-36.3
7.04,-36.1
7.042,-29.3
7.044,-21.1
7.046,-14.4
7.048,-10.2
7.05,-10
7.052,-13.1
7.054,-19.3
7.056,-26.7
7.058,-30
7.06,-28.6
7.062,-21.4
7.064,-11.6
7.066,-2.95
7.068,1.32
7.07,4.06
7.072,2.72
7.074,-0.716
7.076,-5.69
7.078,-6.7
7.08,-2.69
7.082,7.57
7.084,19.6
7.086,30.6
7.088,38.7
7.09,42.4
7.092,42.9
7.094,39.6
7.096,34.8
7.098,33.1
7.1,36.4
7.102,42.9
7.104,51.6
7.106,56.8
7.108,60.1
7.11,57.8
7.112,51.3
7.114,41.8
7.116,28.8
7.118,19.6
7.12,14.2
7.122,14.8
7.124,17.7
7.126,18.3
7.128,16.3
7.13,11.1
7.132,2.53
7.134,-9.38
7.136,-20.5
7.138,-28.2
7.14,-31.7
7.142,-27.2
7.144,-21.1
7.146,-16.1
7.148,-13.7
7.15,-12.8
7.152,-14.9
7.154,-20.5
7.156,-25.9
7.158,-28
7.16,-25.1
7.162,-17
7.164,-5.69
7.166,2.6
7.168,10.2
7.17,12.5
7.172,13.5
7.174,11.1
7.176,6.67
7.178,6.42
7.18,10.9
7.182,19.3
7.184,30.7
7.186,39.8
7.188,46
7.19,48
7.192,47.5
7.194,43.2
7.196,37
7.198,34.3
7.2,36.4
7.202,43.2
7.204,51.6
7.206,58.6
7.208,62.1
7.21,63.2
7.212,59.7
7.214,53.8
7.216,46.6
7.218,42.3
7.22,42
7.222,47.5
7.224,55.1
7.226,60.1
7.228,63.2
7.23,62.9
7.232,58.8
7.234,52.9
7.236,44.9
7.238,39.3
7.24,39.2
7.242,43.9
7.244,50.8
7.246,55.2
7.248,56.8
7.25,56.2
7.252,51.3
7.254,43.1
7.256,33
7.258,27
7.26,23.5
7.262,26.9
7.264,31.5
7.266,34.3
7.268,33.9
7.27,30.9
7.272,23.8
7.274,13.5
7.276,3.17
7.278,-4.79
7.28,-8.55
7.282,-6.39
7.284,-2.05
7.286,0.24
7.288,1.07
7.29,-1.23
7.292,-6.96
7.294,-14.7
7.296,-23.9
7.298,-30.3
7.3,-29.6
7.302,-25.6
7.304,-17.2
7.306,-11.2
7.308,-8.36
7.31,-7.98
7.312,-11
7.314,-16.3
7.316,-22.8
7.318,-25.4
7.32,-25.4
7.322,-17.7
7.324,-9.19
7.326,-1.1
7.328,3.62
7.33,5.91
7.332,4.51
7.334,-0.0786
7.336,-5.94
7.338,-8.04
7.34,-5.88
7.342,1.51
7.344,11.1
7.346,18.8
7.348,25.1
7.35,26.3
7.352,25.1
7.354,21.1
7.356,14.5
7.358,12.3
7.36,15.1
7.362,21.6
7.364,30.8
7.366,38.3
7.368,42.4
7.37,45.2
7.372,42.8
7.374,37.6
7.376,30.4
7.378,26.4
7.38,27.4
7.382,33.6
7.384,43.2
7.386,51
7.388,55.3
7.39,56.6
7.392,54.1
7.394,48.2
7.396,40.5
7.398,36.1
7.4,36.9
7.402,42.6
7.404,51.4
7.406,59
7.408,62.9
7.41,62.7
7.412,59.1
7.414,53.2
7.416,44.6
7.418,39.9
7.42,39.9
7.422,45.5
7.424,53.9
7.426,60.7
7.428,64.1
7.43,65.1
7.432,60.6
7.434,53.9
7.436,44.9
7.438,39.9
7.44,39.7
7.442,45.2
7.444,53.3
7.446,59.2
7.448,62.6
7.45,61.2
7.452,56.8
7.454,49.2
7.456,39.1
7.458,34.1
7.46,33.1
7.462,38
7.464,44.5
7.466,49.7
7.468,51.5
7.47,50.1
7.472,43.9
7.474,36.6
7.476,25.8
7.478,19
7.48,17.2
7.482,21.1
7.484,26.4
7.486,30.8
7.488,31.7
7.49,29.7
7.492,23.3
7.494,14.3
7.496,3.11
7.498,-4.03
7.5,-6.7
7.502,-3.58
7.504,1.51
7.506,5.4
7.508,6.67
7.51,4.83
7.512,-1.35
7.514,-9.06
7.516,-19.2
7.518,-26.5
7.52,-26.6
7.522,-23.1
7.524,-16.4
7.526,-9.95
7.528,-7.21
7.53,-7.02
7.532,-10
7.534,-15.8
7.536,-23.7
7.538,-28.1
7.54,-27.3
7.542,-20.9
7.544,-12.5
7.546,-4.54
7.548,-1.1
7.55,-0.397
7.552,-3.84
7.554,-10.1
7.556,-17.6
7.558,-21.7
7.56,-21.9
7.562,-15.4
7.564,-7.47
7.566,-0.907
7.568,3.43
7.57,4.19
7.572,0.24
7.574,-5.56
7.576,-14.1
7.578,-18.2
7.58,-18.4
7.582,-12.3
7.584,-4.41
7.586,1.77
7.588,4.83
7.59,6.67
7.592,2.02
7.594,-3.65
7.596,-11.5
7.598,-16.8
7.6,-16.9
7.602,-10.3
7.604,-3.33
7.606,3.3
7.608,5.97
7.61,6.87
7.612,2.72
7.614,-2.82
7.616,-10.7
7.618,-14.4
7.62,-16.4
7.622,-9.64
7.624,-3.07
7.626,2.47
7.628,6.74
7.63,6.23
7.632,2.41
7.634,-3.46
7.636,-11.9
7.638,-15.9
7.64,-16.9
7.642,-10.9
7.644,-3.77
7.646,2.02
7.648,6.04
7.65,5.85
7.652,1.51
7.654,-3.58
7.656,-11.3
7.658,-17.2
7.66,-17
7.662,-10.9
7.664,-4.09
7.666,2.85
7.668,4.76
7.67,5.46
7.672,1.77
7.674,-4.22
7.676,-11.5
7.678,-15.7
7.68,-16.9
7.682,-10.7
7.684,-3.58
7.686,2.41
7.688,6.93
7.69,7.5
7.692,2.72
7.694,-2.56
7.696,-10.8
7.698,-14.2
7.7,-15.2
7.702,-9
7.704,-1.8
7.706,4.51
7.708,8.14
7.71,8.84
7.712,4.57
7.714,-0.971
7.716,-9.25
7.718,-14.3
7.72,-14.3
7.722,-8.42
7.724,-1.74
7.726,4.13
7.728,6.99
7.73,7.38
7.732,3.62
7.734,-2.63
7.736,-9.95
7.738,-14.8
7.74,-16.1
7.742,-10.5
7.744,-3.33
7.746,2.28
7.748,5.08
7.75,6.42
7.752,2.02
7.754,-3.84
7.756,-11.5
7.758,-16.7
7.76,-17.3
7.762,-11.8
7.764,-4.41
7.766,1.45
7.768,4.64
7.77,5.91
7.772,1
7.774,-4.28
7.776,-12.2
7.778,-16.5
7.78,-17.7
7.782,-12.3
7.784,-5.49
7.786,1.77
7.788,3.87
7.79,4.38
7.792,1.64
7.794,-4.35
7.796,-12.3
7.798,-17.4
7.8,-17.3
7.802,-12.2
7.804,-5.18
7.806,0.686
7.808,4.57
7.81,4.83
7.812,1.07
7.814,-5.18
7.816,-12.3
7.818,-16.3
7.82,-18.2
7.822,-12.8
7.824,-5.18
7.826,1.13
7.828,4
7.83,3.87
7.832,1.32
7.834,-4.6
7.836,-12.9
7.838,-17.9
7.84,-17.2
7.842,-12.6
7.844,-6.26
7.846,-0.525
7.848,3.04
7.85,3.55
7.852,-0.397
7.854,-6.96
7.856,-13.6
7.858,-19.7
7.86,-19.6
7.862,-14.9
7.864,-8.36
7.866,-3.01
7.868,0.367
7.87,0.75
7.872,-2.82
7.874,-9.38
7.876,-17.3
7.878,-22
7.88,-23.3
7.882,-18
7.884,-11.4
7.886,-6.32
7.888,-3.26
7.89,-3.39
7.892,-7.41
7.894,-12.2
7.896,-20.7
7.898,-26.2
7.9,-28.4
7.902,-22.8
7.904,-15.9
7.906,-11
7.908,-8.62
7.91,-7.6
7.912,-11.7
7.914,-18
7.916,-26.5
7.918,-31.7
7.92,-32.7
7.922,-27.9
7.924,-21.6
7.926,-15.5
7.928,-12.7
7.93,-11.6
7.932,-14.9
7.934,-21
7.936,-28
7.938,-33.1
7.94,-34.2
7.942,-29.1
7.944,-22.4
7.946,-15.8
7.948,-12.6
7.95,-12
7.952,-14.5
7.954,-21.2
7.956,-29
7.958,-34.3
7.96,-35
7.962,-30.6
7.964,-22.6
7.966,-16.8
7.968,-12.1
7.97,-11.6
7.972,-15.9
7.974,-21.7
7.976,-30.5
7.978,-34.9
7.98,-35.9
7.982,-30.8
7.984,-23.2
7.986,-16
7.988,-12.9
7.99,-12.8
7.992,-16
7.994,-22.3
7.996,-30.1
7.998,-35.5
8,-36.3
8.002,-31
8.004,-23.6
8.006,-16.8
8.008,-13.3
8.01,-13.5
8.012,-16.3
8.014,-22.5
8.016,-31
8.018,-35.7
8.02,-36.8
8.022,-31.6
8.024,-24
8.026,-17.7
8.028,-14.1
8.03,-12.9
8.032,-16.6
8.034,-23.1
8.036,-31.7
8.038,-37.4
8.04,-38.6
8.042,-33.6
8.044,-25.9
8.046,-19.5
8.048,-15.5
8.05,-14.2
8.052,-17.9
8.054,-24.5
8.056,-32.9
8.058,-39.2
8.06,-40.3
8.062,-34.2
8.064,-25.8
8.066,-18.8
8.068,-14
8.07,-13.1
8.072,-16.8
8.074,-23.3
8.076,-31.4
8.078,-36.6
8.08,-37.3
8.082,-30.7
8.084,-22
8.086,-14.3
8.088,-9.83
8.09,-8.42
8.092,-11.5
8.094,-17.3
8.096,-25.2
8.098,-30
8.1,-28.9
8.102,-21
8.104,-9.89
8.106,-0.206
8.108,7.06
8.11,11.1
8.112,10.6
8.114,7.95
8.116,3.55
8.118,1.64
8.12,5.02
8.122,15.8
8.124,28.5
8.126,40.4
8.128,48.9
8.13,53.3
8.132,53.2
8.134,49.2
8.136,42.5
8.138,37.8
8.14,36.2
8.142,40.8
8.144,46.9
8.146,50.4
8.148,51.4
8.15,47.4
8.152,37.7
8.154,25.1
8.156,9.92
8.158,-2.56
8.16,-10.5
8.162,-11.1
8.164,-8.74
8.166,-6.9
8.168,-5.88
8.17,-7.15
8.172,-12.6
8.174,-18.7
8.176,-25.9
8.178,-30.6
8.18,-29
8.182,-20.7
8.184,-9.32
8.186,2.15
8.188,10.6
8.19,17.1
8.192,19
8.194,18.1
8.196,15.7
8.198,15.9
8.2,19.4
8.202,29.7
8.204,41
8.206,51.1
8.208,58.3
8.21,61.7
8.212,61
8.214,56.6
8.216,49.2
8.218,44.8
8.22,43.8
8.222,48.5
8.224,55.9
8.226,62.6
8.228,65.5
8.23,65.9
8.232,62.3
8.234,55.2
8.236,46
8.238,39.3
8.24,38.3
8.242,42
8.244,48.7
8.246,54.2
8.248,57
8.25,55.7
8.252,51.4
8.254,43.6
8.256,34.1
8.258,26.5
8.26,24.1
8.262,27.6
8.264,32.9
8.266,37.5
8.268,39.3
8.27,38.6
8.272,32.8
8.274,24.3
8.276,14.3
8.278,6.36
8.28,2.22
8.282,4.32
8.284,9.48
8.286,13.2
8.288,14.3
8.29,12.3
8.292,6.55
8.294,-1.35
8.296,-11.7
8.298,-18.5
8.3,-21.9
8.302,-19.7
8.304,-13.4
8.306,-7.98
8.308,-4.86
8.31,-5.24
8.312,-9.38
8.314,-16.1
8.316,-23.9
8.318,-29.8
8.32,-30.8
8.322,-25.2
8.324,-17.3
8.326,-9.44
8.328,-4.09
8.33,-1.61
8.332,-3.65
8.334,-6.45
8.336,-11.8
8.338,-14.3
8.34,-12.4
8.342,-5.05
8.344,5.4
8.346,14.9
8.348,22.6
8.35,26.3
8.352,27.3
8.354,24.5
8.356,19.9
8.358,17.8
8.36,19.7
8.362,27
8.364,38.5
8.366,47.1
8.368,53.7
8.37,57.3
8.372,54.4
8.374,52.6
8.376,46.4
8.378,42.2
8.38,42.4
8.382,47.3
8.384,55.9
8.386,62.2
8.388,66.4
8.39,67.3
8.392,63.7
8.394,57.5
8.396,48.7
8.398,42
8.4,39.1
8.402,41.5
8.404,46
8.406,50.1
8.408,51.1
8.41,48.9
8.412,42.4
8.414,33.9
8.416,22.8
8.418,14.2
8.42,9.35
8.422,10.1
8.424,14
8.426,15.8
8.428,16.4
8.43,13.8
8.432,7.69
8.434,-0.652
8.436,-11.2
8.438,-19.2
8.44,-22.3
8.442,-20.5
8.444,-14.7
8.446,-9.64
8.448,-6.07
8.45,-4.35
8.452,-7.09
8.454,-11.5
8.456,-18
8.458,-23
8.46,-23.7
8.462,-19.6
8.464,-11.5
8.466,-4.79
8.468,-1.23
8.47,0.176
8.472,-2.95
8.474,-8.36
8.476,-15.8
8.478,-21.2
8.48,-22.8
8.482,-18.4
8.484,-11.1
8.486,-5.3
8.488,-1.1
8.49,0.176
8.492,-2.05
8.494,-7.72
8.496,-15.6
8.498,-21.9
8.5,-23.7
8.502,-21.4
8.504,-12.5
8.506,-6.39
8.508,-1.74
8.51,-0.206
8.512,-3.52
8.514,-9.19
8.516,-17.3
8.518,-24
8.52,-25.5
8.522,-21
8.524,-12.5
8.526,-4.67
8.528,-0.27
8.53,1.07
8.532,-2.69
8.534,-8.93
8.536,-18.7
8.538,-23.5
8.54,-25.2
8.542,-20.8
8.544,-11.7
8.546,-3.58
8.548,1.07
8.55,2.09
8.552,-0.397
8.554,-6.58
8.556,-14.7
8.558,-21.6
8.56,-22.8
8.562,-18
8.564,-8.11
8.566,-0.397
8.568,5.02
8.57,6.67
8.572,3.74
8.574,-2.75
8.576,-11.4
8.578,-18.3
8.58,-19.3
8.582,-13.1
8.584,-3.77
8.586,4.38
8.588,9.92
8.59,12.3
8.592,9.54
8.594,3.62
8.596,-4.92
8.598,-10.8
8.6,-11.4
8.602,-4.92
8.604,4.57
8.606,13.2
8.608,18.8
8.61,21.8
8.612,19.4
8.614,14.3
8.616,6.74
8.618,1.32
8.62,0.941
8.622,7.69
8.624,17.5
8.626,26.4
8.628,32.4
8.63,35.2
8.632,33.2
8.634,28
8.636,20.5
8.638,14.6
8.64,15.1
8.642,22
8.644,31.6
8.646,40.4
8.648,45.3
8.65,47.3
8.652,45.6
8.654,40.4
8.656,33.4
8.658,28.4
8.66,27.8
8.662,32.9
8.664,41.5
8.666,49.4
8.668,54.1
8.67,55.2
8.672,52.7
8.674,47.2
8.676,39
8.678,33.4
8.68,31.6
8.682,36.7
8.684,43.2
8.686,49.7
8.688,53.3
8.69,53.9
8.692,50.8
8.694,45.3
8.696,37.3
8.698,31.8
8.7,30.2
8.702,34.2
8.704,41.4
8.706,48
8.708,51.6
8.71,52.7
8.712,50.4
8.714,43.8
8.716,36.2
8.718,30.3
8.72,28.8
8.722,32.7
8.724,39.4
8.726,45.9
8.728,48.4
8.73,49.4
8.732,46.8
8.734,40.5
8.736,33
8.738,27.3
8.74,25.5
8.742,28.9
8.744,34.5
8.746,39.5
8.748,42.4
8.75,42
8.752,39
8.754,32.2
8.756,23.2
8.758,17.3
8.76,14.6
8.762,17.6
8.764,22.4
8.766,27.1
8.768,29
8.77,28.5
8.772,24.7
8.774,18
8.776,9.41
8.778,2.34
8.78,-0.206
8.782,2.85
8.784,6.93
8.786,11.8
8.788,13
8.79,12.5
8.792,8.9
8.794,1.83
8.796,-6.07
8.798,-12.8
8.8,-15.6
8.802,-12.3
8.804,-7.92
8.806,-3.26
8.808,-1.23
8.81,-1.42
8.812,-5.18
8.814,-11.4
8.816,-19.6
8.818,-25.1
8.82,-27.5
8.822,-23.7
8.824,-16.8
8.826,-10.8
8.828,-7.28
8.83,-6.19
8.832,-8.17
8.834,-13
8.836,-19.7
8.838,-24.2
8.84,-25.4
8.842,-21.2
8.844,-15.2
8.846,-9.76
8.848,-6
8.85,-4.86
8.852,-7.85
8.854,-11.7
8.856,-18.4
8.858,-23.2
8.86,-24.5
8.862,-20.8
8.864,-14.7
8.866,-8.93
8.868,-5.62
8.87,-4.6
8.872,-6.7
8.874,-11.9
8.876,-18.2
8.878,-23.5
8.88,-24.9
8.882,-20.4
8.884,-14.9
8.886,-9.38
8.888,-5.75
8.89,-4.92
8.892,-7.02
8.894,-12.1
8.896,-19
8.898,-23.6
8.9,-25.2
8.902,-21.4
8.904,-15.2
8.906,-9.95
8.908,-5.94
8.91,-4.67
8.912,-7.34
8.914,-11.8
8.916,-18.4
8.918,-23.4
8.92,-24.3
8.922,-20.8
8.924,-14.6
8.926,-8.42
8.928,-5.05
8.93,-3.52
8.932,-5.3
8.934,-10.5
8.936,-16.6
8.938,-21.7
8.94,-23.1
8.942,-18.8
8.944,-12.6
8.946,-6.19
8.948,-2.44
8.95,-0.907
8.952,-2.56
8.954,-6.83
8.956,-13.7
8.958,-18.7
8.96,-19.2
8.962,-14.7
8.964,-7.53
8.966,-0.779
8.968,4
8.97,5.91
8.972,4.25
8.974,-0.0786
8.976,-6.64
8.978,-11.7
8.98,-11.9
8.982,-7.47
8.984,0.0488
8.986,6.99
8.988,11.8
8.99,13.6
8.992,11.5
8.994,7.06
8.996,0.813
8.998,-4.03
9,-5.37
9.002,-0.907
9.004,6.23
9.006,13.1
9.008,17.7
9.01,19
9.012,16.6
9.014,11.5
9.016,3.55
9.018,-3.52
9.02,-5.05
9.022,-0.397
9.024,6.93
9.026,14
9.028,18.9
9.03,20.6
9.032,17.2
9.034,11.7
9.036,3.17
9.038,-4.03
9.04,-6.19
9.042,-1.74
9.044,6.1
9.046,13.1
9.048,17.8
9.05,19.2
9.052,15.8
9.054,9.35
9.056,1.45
9.058,-6
9.06,-8.36
9.062,-4.54
9.064,2.09
9.066,8.33
9.068,12
9.07,12.5
9.072,9.41
9.074,2.53
9.076,-6.07
9.078,-13.8
9.08,-17.1
9.082,-12.8
9.084,-6.7
9.086,-0.461
9.088,4
9.09,4.19
9.092,1.13
9.094,-5.37
9.096,-14.5
9.098,-21.9
9.1,-24.2
9.102,-20.5
9.104,-13.5
9.106,-6.96
9.108,-2.31
9.11,-0.652
9.112,-3.9
9.114,-9.64
9.116,-18.2
9.118,-25
9.12,-27.4
9.122,-23.3
9.124,-15.6
9.126,-7.92
9.128,-3.2
9.13,-1.48
9.132,-4.47
9.134,-10.4
9.136,-18
9.138,-24.5
9.14,-26.2
9.142,-21
9.144,-13.5
9.146,-5.43
9.148,-0.206
9.15,1.2
9.152,-0.971
9.154,-6.39
9.156,-14
9.158,-20.1
9.16,-21.5
9.162,-17.2
9.164,-9.76
9.166,-2.56
9.168,2.28
9.17,3.94
9.172,1.58
9.174,-3.65
9.176,-12
9.178,-18.4
9.18,-19.4
9.182,-16.7
9.184,-7.28
9.186,-0.397
9.188,3.62
9.19,5.97
9.192,3.17
9.194,-2.12
9.196,-10.2
9.198,-16
9.2,-18.7
9.202,-12.8
9.204,-5.62
9.206,3.62
9.208,8.4
9.21,11.3
9.212,10.2
9.214,5.21
9.216,-0.333
9.218,-4.79
9.22,-4.09
9.222,3.17
9.224,13
9.226,21.2
9.228,30.2
9.23,33.6
9.232,34
9.234,32.4
9.236,27.4
9.238,24.7
9.24,25.1
9.242,33.3
9.244,41.9
9.246,51.3
9.248,58.8
9.25,62.2
9.252,62.9
9.254,57.3
9.256,50.6
9.258,45.2
9.26,42.8
9.262,48.4
9.264,55
9.266,62.6
9.268,68.3
9.27,68.3
9.272,64.8
9.274,58.5
9.276,48.2
9.278,39.6
9.28,35.7
9.282,38.7
9.284,44.9
9.286,49.6
9.288,53.5
9.29,52.8
9.292,47.2
9.294,38.8
9.296,27.2
9.298,17.2
9.3,12.2
9.302,13.4
9.304,19.1
9.306,24.3
9.308,27.1
9.31,27.3
9.312,21.3
9.314,14.3
9.316,4.13
9.318,-7.28
9.32,-10.9
9.322,-9.06
9.324,-2.75
9.326,3.87
9.328,8.01
9.33,8.27
9.332,3.49
9.334,-4.16
9.336,-13.4
9.338,-20.6
9.34,-24.4
9.342,-21.2
9.344,-14.2
9.346,-6.19
9.348,-1.93
9.35,-1.23
9.352,-3.84
9.354,-9.64
9.356,-19.1
9.358,-25.6
9.36,-27.9
9.362,-24.2
9.364,-16.1
9.366,-8.17
9.368,-3.77
9.37,-1.86
9.372,-4.86
9.374,-10.2
9.376,-18.3
9.378,-26.1
9.38,-26.6
9.382,-25.2
9.384,-15.1
9.386,-6.7
9.388,-2.63
9.39,-0.0786
9.392,-2.31
9.394,-7.92
9.396,-14.7
9.398,-22.7
9.4,-21.9
9.402,-19.1
9.404,-7.6
9.406,2.15
9.408,8.08
9.41,11.1
9.412,11.8
9.414,6.48
9.416,1.83
9.418,-2.5
9.42,-2.5
9.422,3.49
9.424,14.8
9.426,24.1
9.428,32.9
9.43,36.1
9.432,36.4
9.434,31.7
9.436,26
9.438,21.9
9.44,22.5
9.442,28.6
9.444,38.5
9.446,48.8
9.448,55
9.45,59.5
9.452,58.6
9.454,52.9
9.456,47.4
9.458,42
9.46,40.8
9.462,45.1
9.464,54.6
9.466,64.3
9.468,69.5
9.47,71.2
9.472,69.2
9.474,63.5
9.476,54.8
9.478,47.8
9.48,45.9
9.482,48.2
9.484,56.6
9.486,64.3
9.488,68.9
9.49,68.9
9.492,65.5
9.494,57.9
9.496,46.9
9.498,38.8
9.5,34.9
9.502,35.7
9.504,42.7
9.506,48.2
9.508,51
9.51,50.4
9.512,45.4
9.514,35.4
9.516,23.2
9.518,12.6
9.52,6.93
9.522,7.12
9.524,13.9
9.526,19.6
9.528,22
9.53,21.1
9.532,16.4
9.534,6.74
9.536,-3.39
9.538,-12.1
9.54,-16.9
9.542,-16.6
9.544,-9.7
9.546,-1.93
9.548,1.9
9.55,1.96
9.552,-1.74
9.554,-10.9
9.556,-21
9.558,-29.3
9.56,-31
9.562,-25.9
9.564,-16.2
9.566,-6.32
9.568,-0.461
9.57,1.77
9.572,0.24
9.574,-6.83
9.576,-15.8
9.578,-23.8
9.58,-25.9
9.582,-22.4
9.584,-12.1
9.586,-2.69
9.588,3.04
9.59,5.66
9.592,3.36
9.594,-3.01
9.596,-12
9.598,-20.3
9.6,-22.3
9.602,-18.3
9.604,-8.42
9.606,1.71
9.608,7.63
9.61,9.67
9.612,9.1
9.614,2.15
9.616,-6.83
9.618,-14.5
9.62,-15.6
9.622,-11.4
9.624,-1.23
9.626,9.41
9.628,15.9
9.63,19
9.632,17.2
9.634,11.8
9.636,2.66
9.638,-5.18
9.64,-6.77
9.642,-2.5
9.644,7.5
9.646,17.8
9.648,23.7
9.65,26.3
9.652,23.9
9.654,17.8
9.656,8.59
9.658,0.367
9.66,-1.42
9.662,2.15
9.664,11.3
9.666,20.4
9.668,26.2
9.67,28.2
9.672,26.3
9.674,20
9.676,11.6
9.678,3.17
9.68,1.58
9.682,6.67
9.684,14.6
9.686,23.7
9.688,29.3
9.69,31.5
9.692,30
9.694,23.5
9.696,14.9
9.698,7.63
9.7,4.89
9.702,9.61
9.704,17.6
9.706,27.2
9.708,32.5
9.71,34.8
9.712,33.1
9.714,28
9.716,20.6
9.718,13.9
9.72,12.9
9.722,16.6
9.724,25.8
9.726,34.8
9.728,40.2
9.73,43.2
9.732,42.2
9.734,37.6
9.736,30.3
9.738,24.4
9.74,23.1
9.742,26.5
9.744,34.6
9.746,43.8
9.748,48.5
9.75,51
9.752,50.1
9.754,44.5
9.756,37.1
9.758,30.4
9.76,28.1
9.762,31.8
9.764,39.9
9.766,48.7
9.768,53.9
9.77,56.2
9.772,55.5
9.774,49.6
9.776,42.2
9.778,36.4
9.78,34.3
9.782,37.8
9.784,45.6
9.786,53.4
9.788,58.7
9.79,60.6
9.792,59
9.794,53.2
9.796,46.2
9.798,39.9
9.8,37.6
9.802,39.9
9.804,47.1
9.806,53.9
9.808,57.6
9.81,58.9
9.812,56.8
9.814,50.7
9.816,43.1
9.818,35.8
9.82,33.3
9.822,35.5
9.824,41.5
9.826,48.2
9.828,51.7
9.83,52.4
9.832,50.4
9.834,44.6
9.836,37.4
9.838,30.6
9.84,27.4
9.842,30.2
9.844,35.9
9.846,42.7
9.848,46.1
9.85,47
9.852,44.8
9.854,39.7
9.856,32.1
9.858,25.3
9.86,22.5
9.862,24.9
9.864,30.3
9.866,36
9.868,39.6
9.87,40.7
9.872,38
9.874,33.1
9.876,25.7
9.878,18.8
9.88,16.3
9.882,18.4
9.884,24.2
9.886,30.6
9.888,33.8
9.89,35.2
9.892,33.4
9.894,28.3
9.896,21.4
9.898,14.7
9.9,12.8
9.902,15.5
9.904,21.7
9.906,29
9.908,32.6
9.91,34.5
9.912,32.2
9.914,27.6
9.916,20.4
9.918,14.6
9.92,12.3
9.922,15.8
9.924,22
9.926,28.3
9.928,33.2
9.93,34.5
9.932,32.6
9.934,28.8
9.936,21.8
9.938,15.7
9.94,13.8
9.942,17
9.944,24
9.946,32.1
9.948,37
9.95,40.1
9.952,38.8
9.954,35.2
9.956,28.5
9.958,22.5
9.96,21
9.962,25.4
9.964,32.9
9.966,41.6
9.968,47.4
9.97,51
9.972,50.8
9.974,46.9
9.976,42.2
9.978,34.1
9.98,32.2
9.982,37.6
9.984,45.2
9.986,52.5
9.988,60
9.99,62.4
9.992,61.5
9.994,57.2
9.996,51.9
9.998,42.9
10,39.9
10.002,43.9
10.004,51.3
10.006,58.2
10.008,65
10.01,67.4
10.012,65.4
10.014,60.8
10.016,54.7
10.018,45.2
10.02,42.2
10.022,45.7
10.024,52.5
10.026,58.9
10.028,65.2
10.03,67.3
10.032,65
10.034,60.1
10.036,53.2
10.038,43.9
10.04,41
10.042,44.1
10.044,50.4
10.046,56.2
10.048,62.4
10.05,64.1
10.052,61.9
10.054,56
10.056,48.2
10.058,39.2
10.06,35.5
10.062,38.1
10.064,44.4
10.066,50.2
10.068,56.1
10.07,56.8
10.072,53.9
10.074,47.5
10.076,38.3
10.078,28.7
10.08,24.1
10.082,26
10.084,31.1
10.086,36.4
10.088,40.5
10.09,40.3
10.092,35.5
10.094,28.7
10.096,18.6
10.098,7.44
10.1,1.77
10.102,2.47
10.104,5.72
10.106,10.6
10.108,12.6
10.11,11.4
10.112,6.23
10.114,-1.16
10.116,-11
10.118,-22.6
10.12,-27.8
10.122,-26.1
10.124,-20
10.126,-11.5
10.128,-5.49
10.13,-2.56
10.132,-3.84
10.134,-8.11
10.136,-16.3
10.138,-23.5
10.14,-26.8
10.142,-23
10.144,-15.4
10.146,-6.83
10.148,-1.8
10.15,0.24
10.152,-1.86
10.154,-7.02
10.156,-16
10.158,-24
10.16,-27.4
10.162,-24.6
10.164,-17.3
10.166,-8.93
10.168,-4.98
10.17,-2.5
10.172,-5.18
10.174,-9.76
10.176,-17.9
10.178,-25.4
10.18,-28
10.182,-24.7
10.184,-17.5
10.186,-7.92
10.188,-3.52
10.19,-1.03
10.192,-2.44
10.194,-7.09
10.196,-15.8
10.198,-21.2
10.2,-23.8
10.202,-19.8
10.204,-12.1
10.206,-2.31
10.208,3.17
10.21,6.55
10.212,6.23
10.214,2.72
10.216,-5.05
10.218,-8.42
10.22,-9.32
10.222,-3.71
10.224,6.42
10.226,18.4
10.228,26.7
10.23,32.7
10.232,35
10.234,34.6
10.236,30.1
10.238,28.8
10.24,30.2
10.242,36.9
10.244,48
10.246,60.7
10.248,66.9
10.25,71.2
10.252,70.5
10.254,64.8
10.256,54
10.258,45.7
10.26,39.2
10.262,37.8
10.264,39.5
10.266,43.6
10.268,40.6
10.27,35.5
10.272,27.1
10.274,15
10.276,-0.652
10.278,-11.7
10.28,-19.2
10.282,-20.3
10.284,-15.2
10.286,-5.62
10.288,-1.1
10.29,3.55
10.292,6.1
10.294,6.36
10.296,3.87
10.298,6.87
10.3,13.3
10.302,24.6
10.304,40.6
10.306,57.7
10.308,66.8
10.31,72.5
10.312,73.2
10.314,67.6
10.316,57.6
10.318,52.3
10.32,48.7
10.322,50.2
10.324,56
10.326,64.4
10.328,66.9
10.33,67.3
10.332,65.4
10.334,58.8
10.336,47.5
10.338,42.7
10.34,39.8
10.342,41.8
10.344,48.2
10.346,56.6
10.348,59.2
10.35,61.1
10.352,59.1
10.354,53.4
10.356,42.3
10.358,37.4
10.36,34.6
10.362,35.9
10.364,42.9
10.366,51.7
10.368,55
10.37,56.8
10.372,55.1
10.374,48.9
10.376,38.3
10.378,32.5
10.38,30
10.382,31.9
10.384,39.2
10.386,49.4
10.388,52
10.39,54.4
10.392,52.7
10.394,46.4
10.396,36.2
10.398,29.7
10.4,26.6
10.402,28.4
10.404,36.1
10.406,45.7
10.408,49
10.41,50
10.412,48.7
10.414,42
10.416,30.9
10.418,24.1
10.42,20.7
10.422,21.9
10.424,29.3
10.426,37.8
10.428,41
10.43,41.3
10.432,38.8
10.434,31.2
10.436,20
10.438,11.5
10.44,7.63
10.442,7.38
10.444,13.7
10.446,20.9
10.448,23.2
10.45,22.9
10.452,19.7
10.454,10.9
10.456,-0.907
10.458,-9.51
10.46,-14.2
10.462,-14.1
10.464,-7.72
10.466,0.0488
10.468,3.43
10.47,4.25
10.472,3.11
10.474,-4.54
10.476,-14.5
10.478,-21.9
10.48,-24.7
10.482,-22.2
10.484,-14
10.486,-4.09
10.488,2.15
10.49,4.7
10.492,5.08
10.494,0.113
10.496,-7.09
10.498,-13.2
10.5,-14.1
10.502,-9.95
10.504,0.622
10.506,12.1
10.508,19.6
10.51,24.1
10.512,25.7
10.514,22.2
10.516,16.5
10.518,11.1
10.52,10.8
10.522,15.2
10.524,26.5
10.526,38.3
10.528,46.2
10.53,50.9
10.532,52.9
10.534,48.5
10.536,43.6
10.538,37.6
10.54,36.9
10.542,40.6
10.544,51
10.546,61.7
10.548,69.4
10.55,72.7
10.552,73.2
10.554,67.6
10.556,61
10.558,53.2
10.56,51
10.562,52.8
10.564,60.9
10.566,68.2
10.568,74.5
10.57,75.7
10.572,74.3
10.574,66.5
10.576,58.1
10.578,48.3
10.58,44.3
10.582,44.8
10.584,51
10.586,55
10.588,60.1
10.59,59.7
10.592,56.4
10.594,48.4
10.596,39.9
10.598,28.3
10.6,23.9
10.602,23.2
10.604,28.8
10.606,32.7
10.608,38.2
10.61,37.7
10.612,34.6
10.614,26.8
10.616,18.5
10.618,6.93
10.62,2.41
10.622,1.77
10.624,6.93
10.626,11.9
10.628,17.1
10.63,17.1
10.632,14.6
10.634,7.44
10.636,0.559
10.638,-11
10.64,-15.4
10.642,-14.2
10.644,-7.98
10.646,-1.48
10.648,4.57
10.65,5.53
10.652,4.06
10.654,-2.56
10.656,-8.42
10.658,-19.9
10.66,-23.3
10.662,-22
10.664,-14.4
10.666,-6.58
10.668,-0.27
10.67,1.71
10.672,0.495
10.674,-4.86
10.676,-10.2
10.678,-20.9
10.68,-23.5
10.682,-21.3
10.684,-13.6
10.686,-5.43
10.688,0.304
10.69,2.98
10.692,1.9
10.694,-3.26
10.696,-7.66
10.698,-18.9
10.7,-21.2
10.702,-18.6
10.704,-11.4
10.706,-3.07
10.708,3.04
10.71,5.4
10.712,5.02
10.714,-0.716
10.716,-5.43
10.718,-15.8
10.72,-18.6
10.722,-16.8
10.724,-9.44
10.726,-1.74
10.728,3.62
10.73,5.72
10.732,4.13
10.734,-0.652
10.736,-6
10.738,-17.2
10.74,-19.5
10.742,-17.6
10.744,-10.4
10.746,-2.44
10.748,2.98
10.75,5.4
10.752,3.94
10.754,-0.971
10.756,-5.94
10.758,-17.3
10.76,-20.1
10.762,-18.3
10.764,-11.4
10.766,-2.5
10.768,2.6
10.77,5.15
10.772,3.94
10.774,-0.907
10.776,-6
10.778,-16.8
10.78,-20.3
10.782,-18.3
10.784,-10.9
10.786,-2.63
10.788,3.11
10.79,4.89
10.792,3.74
10.794,-0.779
10.796,-6.77
10.798,-17
10.8,-20.1
10.802,-18.1
10.804,-10.9
10.806,-2.95
10.808,2.22
10.81,4.89
10.812,3.23
10.814,-1.1
10.816,-7.28
10.818,-16.6
10.82,-19.5
10.822,-17.4
10.824,-10.7
10.826,-2.24
10.828,2.66
10.83,5.08
10.832,3.62
10.834,-0.843
10.836,-6.39
10.838,-15.7
10.84,-19.3
10.842,-17
10.844,-10.3
10.846,-2.12
10.848,3.23
10.85,6.1
10.852,4.89
10.854,1.45
10.856,-5.18
10.858,-12.7
10.86,-15.8
10.862,-13.5
10.864,-6.96
10.866,1.39
10.868,6.8
10.87,9.29
10.872,7.76
10.874,3.94
10.876,-3.58
10.878,-11.2
10.88,-15.4
10.882,-13.3
10.884,-7.72
10.886,0.113
10.888,4.38
10.89,6.8
10.892,4.51
10.894,0.431
10.896,-7.09
10.898,-15.1
10.9,-19.1
10.902,-17.8
10.904,-12
10.906,-4.35
10.908,-0.461
10.91,1.58
10.912,-0.525
10.914,-4.92
10.916,-12.2
10.918,-20.7
10.92,-24.4
10.922,-22.5
10.924,-17.5
10.926,-9.51
10.928,-5.3
10.93,-2.63
10.932,-3.9
10.934,-7.66
10.936,-15.3
10.938,-22.6
10.94,-26.1
10.942,-23.9
10.944,-18.5
10.946,-10.4
10.948,-5.05
10.95,-3.01
10.952,-4.03
10.954,-7.79
10.956,-15.3
10.958,-22.3
10.96,-26
10.962,-23.9
10.964,-17.9
10.966,-9.95
10.968,-4.92
10.97,-2.05
10.972,-3.65
10.974,-7.28
10.976,-14.9
10.978,-22
10.98,-24.9
10.982,-22.9
10.984,-17.2
10.986,-9.06
10.988,-4.67
10.99,-2.12
10.992,-3.77
10.994,-7.41
10.996,-14.4
10.998,-21.9
11,-25.1
11.002,-22.7
11.004,-17.7
11.006,-9.38
11.008,-4.35
11.01,-2.05
11.012,-3.46
11.014,-7.41
11.016,-14.7
11.018,-23.3
11.02,-27.5
11.022,-24.9
11.024,-18.4
11.026,-10.1
11.028,-4.03
11.03,-1.16
11.032,-2.18
11.034,-6.39
11.036,-14.7
11.038,-23.2
11.04,-28
11.042,-25.7
11.044,-18.6
11.046,-9.57
11.048,-3.71
11.05,-1.03
11.052,-2.5
11.054,-7.21
11.056,-15.4
11.058,-24.6
11.06,-28
11.062,-26
11.064,-19
11.066,-9.76
11.068,-3.9
11.07,-0.716
11.072,-1.86
11.074,-6.77
11.076,-14.5
11.078,-23.4
11.08,-27.5
11.082,-25.3
11.084,-18.6
11.086,-9.38
11.088,-3.26
11.09,0.0488
11.092,-1.23
11.094,-5.88
11.096,-13.7
11.098,-22.5
11.1,-26.6
11.102,-24.7
11.104,-17.6
11.106,-8.55
11.108,-2.24
11.11,0.0488
11.112,-1.54
11.114,-6.45
11.116,-14.2
11.118,-23.4
11.12,-27.4
11.122,-25.4
11.124,-18.6
11.126,-9.95
11.128,-4.41
11.13,-2.5
11.132,-3.52
11.134,-8.04
11.136,-16
11.138,-24.9
11.14,-28.1
11.142,-26.1
11.144,-18.9
11.146,-9.7
11.148,-3.58
11.15,-0.142
11.152,-1.42
11.154,-6.32
11.156,-13.4
11.158,-22.6
11.16,-25.9
11.162,-24
11.164,-17.3
11.166,-8.36
11.168,-2.05
11.17,0.304
11.172,-0.907
11.174,-5.69
11.176,-13.3
11.178,-22.6
11.18,-26.4
11.182,-24.5
11.184,-18
11.186,-10.1
11.188,-3.52
11.19,-1.29
11.192,-2.63
11.194,-7.79
11.196,-19.1
11.198,-27.7
11.2,-34
11.202,-31.4
11.204,-19.3
11.206,-10.8
11.208,-4.47
11.21,-1.74
11.212,-3.52
11.214,-8.23
11.216,-15.4
11.218,-24.9
11.22,-28.3
11.222,-26.8
11.224,-19.6
11.226,-10.8
11.228,-5.24
11.23,-2.12
11.232,-3.39
11.234,-8.68
11.236,-15.8
11.238,-24.9
11.24,-28.8
11.242,-27
11.244,-19.9
11.246,-11
11.248,-4.73
11.25,-2.05
11.252,-2.82
11.254,-8.17
11.256,-15.5
11.258,-24.8
11.26,-28.5
11.262,-27
11.264,-20
11.266,-10.7
11.268,-4.09
11.27,-1.23
11.272,-1.61
11.274,-7.09
11.276,-15.3
11.278,-25.1
11.28,-29.1
11.282,-27.7
11.284,-19.6
11.286,-10.2
11.288,-3.77
11.29,-0.843
11.292,-2.05
11.294,-7.15
11.296,-14.8
11.298,-24.3
11.3,-27.9
11.302,-25.5
11.304,-14
11.306,-9.7
11.308,-3.33
11.31,-0.27
11.312,-1.86
11.314,-7.09
11.316,-17.4
11.318,-27.7
11.32,-27.8
11.322,-26.1
11.324,-19.1
11.326,-10.1
11.328,-3.46
11.33,-0.843
11.332,-1.29
11.334,-6.9
11.336,-14
11.338,-23.1
11.34,-27.3
11.342,-25.5
11.344,-18.1
11.346,-8.81
11.348,-1.8
11.35,0.813
11.352,0.367
11.354,-3.71
11.356,-11.1
11.358,-19.3
11.36,-22.4
11.362,-20
11.364,-10.9
11.366,-1.35
11.368,7.25
11.37,11.6
11.372,12.4
11.374,9.41
11.376,4.06
11.378,-2.95
11.38,-3.58
11.382,0.495
11.384,11.5
11.386,23.7
11.388,33.2
11.39,39.9
11.392,42.7
11.394,41.1
11.396,37.8
11.398,31.7
11.4,31.3
11.402,35.9
11.404,46
11.406,57.5
11.408,65.9
11.41,70.7
11.412,71.2
11.414,66.8
11.416,59.7
11.418,50.1
11.42,45
11.422,45.3
11.424,51.1
11.426,57.1
11.428,60.4
11.43,59.9
11.432,55.2
11.434,46
11.436,33.7
11.438,19.7
11.44,10.4
11.442,6.23
11.444,7.95
11.446,11.6
11.448,12.8
11.45,11.1
11.452,6.42
11.454,-1.61
11.456,-11.1
11.458,-21.3
11.46,-25.4
11.462,-24.5
11.464,-16.7
11.466,-6.96
11.468,1.32
11.47,7.95
11.472,11.9
11.474,12.7
11.476,12.3
11.478,9.73
11.48,13.2
11.482,20.6
11.484,34.1
11.486,48.2
11.488,59.4
11.49,66.7
11.492,69.9
11.494,68
11.496,63.3
11.498,55.7
11.5,51.5
11.502,52.4
11.504,58.9
11.506,66.4
11.508,72.4
11.51,74
11.512,72.6
11.514,66.4
11.516,58
11.518,47.7
11.52,42
11.522,41.6
11.524,46.8
11.526,53.6
11.528,58.3
11.53,58.4
11.532,55.1
11.534,46.8
11.536,35.8
11.538,22.9
11.54,15.3
11.542,12.3
11.544,16
11.546,20.7
11.548,23
11.55,21.9
11.552,17.3
11.554,8.27
11.556,-2.82
11.558,-15.8
11.56,-21.9
11.562,-21.9
11.564,-15.1
11.566,-5.3
11.568,2.34
11.57,8.01
11.572,11.3
11.574,10.6
11.576,9.48
11.578,6.23
11.58,8.84
11.582,17.1
11.584,31.7
11.586,47.5
11.588,61.3
11.59,69.6
11.592,72.9
11.594,70.6
11.596,64.8
11.598,55.7
11.6,50.6
11.602,48.9
11.604,52.7
11.606,56.1
11.608,56.7
11.61,53.1
11.612,44.8
11.614,32.9
11.616,18.3
11.618,2.47
11.62,-7.53
11.622,-11.7
11.624,-8.42
11.626,-3.2
11.628,1.96
11.63,5.15
11.632,5.72
11.634,2.28
11.636,-2.95
11.638,-10.5
11.64,-12.4
11.642,-8.93
11.644,-0.0149
11.646,10.6
11.648,19.2
11.65,24.2
11.652,25.9
11.654,22.7
11.656,17.1
11.658,9.92
11.66,7.31
11.662,10.5
11.664,19.4
11.666,29.5
11.668,38.7
11.67,43.1
11.672,44.5
11.674,40.9
11.676,34.5
11.678,26.7
11.68,23.7
11.682,25.7
11.684,34.6
11.686,44.9
11.688,53.1
11.69,57.5
11.692,57.9
11.694,54.1
11.696,47.2
11.698,38.3
11.7,35.4
11.702,37.8
11.704,46.4
11.706,56.1
11.708,64
11.71,68.5
11.712,68.4
11.714,63.5
11.716,56.2
11.718,46
11.72,42.4
11.722,43.9
11.724,52.9
11.726,63.1
11.728,70.9
11.73,74.5
11.732,74.8
11.734,69.9
11.736,62.9
11.738,53.6
11.74,49.3
11.742,51.3
11.744,59.6
11.746,69.4
11.748,76.9
11.75,80.8
11.752,80.8
11.754,76.1
11.756,69
11.758,59.7
11.76,55.9
11.762,56.9
11.764,65
11.766,74.1
11.768,81
11.77,84
11.772,83.1
11.774,78.5
11.776,70.6
11.778,60.5
11.78,55.1
11.782,56.1
11.784,63.2
11.786,71.3
11.788,77
11.79,79
11.792,78
11.794,72.6
11.796,65.4
11.798,56
11.8,51.8
11.802,52.1
11.804,57.6
11.806,64.3
11.808,69.1
11.81,70.8
11.812,68.7
11.814,62.6
11.816,54.3
11.818,44.1
11.82,38.3
11.822,37.7
11.824,42.9
11.826,49.2
11.828,53.8
11.83,54.8
11.832,52.6
11.834,46.6
11.836,37.6
11.838,27.4
11.84,21.5
11.842,20.4
11.844,25
11.846,30.5
11.848,34.6
11.85,35
11.852,32
11.854,25.9
11.856,17.1
11.858,6.61
11.86,1.13
11.862,-0.0786
11.864,4.76
11.866,11
11.868,15.3
11.87,16.7
11.872,14.8
11.874,9.61
11.876,1.96
11.878,-7.28
11.88,-12.2
11.882,-11.8
11.884,-6
11.886,1.83
11.888,7.25
11.89,10.6
11.892,10.1
11.894,6.1
11.896,0.304
11.898,-7.53
11.9,-10.8
11.902,-8.23
11.904,-1.03
11.906,7.82
11.908,15
11.91,18.3
11.912,20.2
11.914,17.6
11.916,13.6
11.918,7.63
11.92,5.91
11.922,8.84
11.924,16.9
11.926,26.2
11.928,34.2
11.93,38.8
11.932,40.5
11.934,38.3
11.936,34.2
11.938,28.1
11.94,26.1
11.942,28.7
11.944,36.6
11.946,45.4
11.948,53.2
11.95,57.8
11.952,58.8
11.954,56.4
11.956,51.3
11.958,44.8
11.96,42.5
11.962,45
11.964,52.5
11.966,61.4
11.968,67.9
11.97,72.3
11.972,72.6
11.974,69.3
11.976,64.1
11.978,56.6
11.98,53.9
11.982,55.3
11.984,61.9
11.986,70
11.988,76.5
11.99,79.6
11.992,80.5
11.994,76.6
11.996,71
11.998,63.3
12,59.6
12.002,60.9
12.004,67.6
12.006,75.4
12.008,81.9
12.01,84.7
12.012,84.9
12.014,80.8
12.016,74.4
12.018,66.7
12.02,63.1
12.022,63.7
12.024,70.6
12.026,77.8
12.028,83.8
12.03,87
12.032,86.3
12.034,81.7
12.036,75.4
12.038,67.6
12.04,63.9
12.042,63.9
12.044,70.7
12.046,77.9
12.048,83.4
12.05,86.4
12.052,85.7
12.054,81.7
12.056,75.4
12.058,67
12.06,62.9
12.062,63.2
12.064,68.9
12.066,75.7
12.068,81.2
12.07,84.4
12.072,83.9
12.074,79.4
12.076,73.4
12.078,65.3
12.08,61.2
12.082,61.8
12.084,67.2
12.086,74.4
12.088,79.9
12.09,82
12.092,82.1
12.094,78
12.096,71.7
12.098,63.8
12.1,60.1
12.102,60.4
12.104,66.2
12.106,73.1
12.108,78.8
12.11,81.9
12.112,80.8
12.114,76.9
12.116,71
12.118,63
12.12,59.1
12.122,59.9
12.124,65.6
12.126,72.6
12.128,77.7
12.13,80.5
12.132,79.8
12.134,75.8
12.136,70.2
12.138,62.1
12.14,58.7
12.142,58.7
12.144,64.6
12.146,71.6
12.148,76.9
12.15,79.6
12.152,79.5
12.154,75.4
12.156,69.2
12.158,61.6
12.16,56.7
12.162,57.5
12.164,63.2
12.166,70.5
12.168,76.2
12.17,78.6
12.172,78.7
12.174,74.5
12.176,67.6
12.178,60.4
12.18,55.8
12.182,56.2
12.184,62.2
12.186,69.2
12.188,74.8
12.19,77.1
12.192,76.9
12.194,73.1
12.196,66.6
12.198,58.6
12.2,54.5
12.202,54.8
12.204,60.3
12.206,67.1
12.208,72.9
12.21,76.2
12.212,75.4
12.214,71.6
12.216,65.2
12.218,56.6
12.22,52.7
12.222,53.2
12.224,58.9
12.226,66.3
12.228,71.7
12.23,74.8
12.232,74.3
12.234,69.9
12.236,63.7
12.238,55.2
12.24,50.1
12.242,50.8
12.244,56.9
12.246,64.1
12.248,70.3
12.25,72.7
12.252,72.7
12.254,67.5
12.256,59.4
12.258,48.7
12.26,43.8
12.262,44
12.264,51.5
12.266,59.4
12.268,66.5
12.27,69.2
12.272,68.3
12.274,63.4
12.276,55.5
12.278,45.8
12.28,40.5
12.282,40.1
12.284,46.4
12.286,54.2
12.288,59.7
12.29,62.2
12.292,61.7
12.294,56.2
12.296,48.6
12.298,38.5
12.3,33.1
12.302,32.5
12.304,38.2
12.306,45.9
12.308,51.2
12.31,54.3
12.312,53.2
12.314,47.3
12.316,39.3
12.318,29.3
12.32,23.2
12.322,23.4
12.324,29.4
12.326,37
12.328,43.2
12.33,45.5
12.332,44.6
12.334,38.8
12.336,30.6
12.338,20.9
12.34,14.6
12.342,14.4
12.344,21
12.346,28.1
12.348,34.6
12.35,36.8
12.352,36
12.354,30.9
12.356,23
12.358,13.3
12.36,7.38
12.362,7.38
12.364,13.9
12.366,21.6
12.368,28.4
12.37,30.9
12.372,30.6
12.374,25.7
12.376,18.1
12.378,9.1
12.38,4.64
12.382,4.95
12.384,11.4
12.386,20.6
12.388,27.6
12.39,31.5
12.392,31.8
12.394,27
12.396,20.2
12.398,11.1
12.4,5.97
12.402,7.06
12.404,14.1
12.406,23.3
12.408,30.9
12.41,34.8
12.412,36.2
12.414,32.4
12.416,26.4
12.418,18.7
12.42,15.6
12.422,17.2
12.424,25.5
12.426,35.1
12.428,44.1
12.43,49
12.432,51.1
12.434,49.4
12.436,43.9
12.438,37.8
12.44,34.5
12.442,37
12.444,46.2
12.446,56.2
12.448,64.8
12.45,70.4
12.452,71.7
12.454,68.9
12.456,62.8
12.458,54.5
12.46,50.6
12.462,50.9
12.464,57.6
12.466,66.1
12.468,72.4
12.47,75.5
12.472,75.4
12.474,70.1
12.476,63.6
12.478,54.2
12.48,49.4
12.482,49
12.484,56
12.486,65.1
12.488,71.5
12.49,75
12.492,75.6
12.494,70.6
12.496,62
12.498,53.4
12.5,47.5
12.502,47.8
12.504,54.7
12.506,63.4
12.508,70.5
12.51,73.7
12.512,74
12.514,69.6
12.516,62
12.518,52.7
12.52,47.5
12.522,47.4
12.524,54.9
12.526,63.4
12.528,70.8
12.53,74.7
12.532,74.8
12.534,70.1
12.536,62.3
12.538,52.8
12.54,47.2
12.542,47.3
12.544,54.7
12.546,63.5
12.548,70.9
12.55,74.8
12.552,74.8
12.554,70.1
12.556,62.8
12.558,52.7
12.56,46.9
12.562,46.9
12.564,54.1
12.566,63.3
12.568,70.3
12.57,74.2
12.572,74.8
12.574,69.1
12.576,61.5
12.578,51.8
12.58,45.9
12.582,46.6
12.584,53.8
12.586,63.4
12.588,71.2
12.59,75.2
12.592,75.6
12.594,70.9
12.596,63.5
12.598,54.2
12.6,48.8
12.602,49.2
12.604,56.5
12.606,65.3
12.608,72.9
12.61,76.5
12.612,76.1
12.614,71.9
12.616,64
12.618,54
12.62,48.8
12.622,48.3
12.624,53.9
12.626,61.9
12.628,67.6
12.63,69.9
12.632,67.5
12.634,60.6
12.636,50.6
12.638,37.6
12.64,29
12.642,24.8
12.644,26.3
12.646,30
12.648,31.2
12.65,30.1
12.652,25.1
12.654,15.5
12.656,4.7
12.658,-8.62
12.66,-17
12.662,-18.9
12.664,-14.5
12.666,-6.96
12.668,-0.843
12.67,3.62
12.672,4.83
12.674,1.77
12.676,-3.14
12.678,-9.44
12.68,-11.7
12.682,-8.36
12.684,2.41
12.686,15.3
12.688,27.6
12.69,35.3
12.692,41.1
12.694,41
12.696,38.1
12.698,33.1
12.7,31.9
12.702,36.1
12.704,47.1
12.706,59.3
12.708,69.4
12.71,75.5
12.712,77.1
12.714,73.9
12.716,66.8
12.718,57.1
12.72,50.6
12.722,49.3
12.724,54.8
12.726,61
12.728,65.3
12.73,65.5
12.732,61.4
12.734,52.7
12.736,41
12.738,26.4
12.74,16.7
12.742,11.6
12.744,14.2
12.746,18.3
12.748,20.7
12.75,20.8
12.752,17.1
12.754,8.9
12.756,-1.29
12.758,-13.2
12.76,-21.3
12.762,-23.8
12.764,-18.2
12.766,-9.57
12.768,-1.99
12.77,2.66
12.772,3.94
12.774,0.113
12.776,-6.32
12.778,-14.7
12.78,-19
12.782,-19.3
12.784,-11.3
12.786,-1.74
12.788,7.06
12.79,11.6
12.792,14
12.794,9.92
12.796,3.68
12.798,-4.47
12.8,-9
12.802,-7.6
12.804,1.13
12.806,11.5
12.808,20.8
12.81,27.3
12.812,29.6
12.814,26.9
12.816,21.5
12.818,13.6
12.82,10.2
12.822,11.5
12.824,20.5
12.826,31.1
12.828,40.6
12.83,46.5
12.832,47.7
12.834,44.7
12.836,38.7
12.838,30.6
12.84,26.5
12.842,28.3
12.844,36.4
12.846,47.3
12.848,56.6
12.85,62.2
12.852,65.2
12.854,61.5
12.856,56.1
12.858,47.4
12.86,42.2
12.862,43.1
12.864,49.9
12.866,59.7
12.868,67.5
12.87,71.9
12.872,73.6
12.874,70.1
12.876,63.7
12.878,54.9
12.88,49.7
12.882,49.9
12.884,56.7
12.886,65.4
12.888,72.9
12.89,76.7
12.892,76.4
12.894,72.2
12.896,64.3
12.898,54.5
12.9,48
12.902,47.3
12.904,53.6
12.906,61.7
12.908,68.7
12.91,72.2
12.912,71.5
12.914,66.7
12.916,58.7
12.918,48.4
12.92,42.8
12.922,42.3
12.924,48.4
12.926,56.6
12.928,63.5
12.93,66.8
12.932,66.4
12.934,61.6
12.936,53.9
12.938,43.9
12.94,38.2
12.942,38.4
12.944,44.5
12.946,53.8
12.948,61.2
12.95,65.8
12.952,66.4
12.954,62.4
12.956,55.4
12.958,45.8
12.96,40.4
12.962,40.9
12.964,49.2
12.966,59.1
12.968,67.9
12.97,72.3
12.972,73.4
12.974,68
12.976,60.6
12.978,51.1
12.98,45.2
12.982,45.1
12.984,52
12.986,60.7
12.988,68.2
12.99,71.7
12.992,71.7
12.994,67.6
12.996,59.5
12.998,49.7
13,43.2
13.002,42.4
13.004,48.6
13.006,56.6
13.008,63.4
13.01,66.7
13.012,65.5
13.014,61
13.016,52.8
13.018,42.2
13.02,35.9
13.022,34.6
13.024,40.1
13.026,48
13.028,54.3
13.03,56.8
13.032,56.8
13.034,51.2
13.036,43.4
13.038,33.2
13.04,26.8
13.042,25.7
13.044,30.7
13.046,38.3
13.048,43.9
13.05,46.8
13.052,46
13.054,41.3
13.056,33.9
13.058,24.5
13.06,19.3
13.062,18
13.064,23.4
13.066,30.9
13.068,36.9
13.07,40.1
13.072,39.7
13.074,35.2
13.076,27.8
13.078,19
13.08,13.3
13.082,12.7
13.084,18
13.086,25
13.088,31
13.09,33.6
13.092,33.4
13.094,29.8
13.096,23.4
13.098,15
13.1,10.2
13.102,9.92
13.104,15.2
13.106,22.7
13.108,29.1
13.11,32.5
13.112,32.7
13.114,29.5
13.116,23.8
13.118,15.8
13.12,11.6
13.122,11.1
13.124,17.3
13.126,25.5
13.128,32.1
13.13,36
13.132,36.5
13.134,33.5
13.136,28.1
13.138,20.2
13.14,16.2
13.142,16.2
13.144,22.8
13.146,31.2
13.148,38.3
13.15,42.5
13.152,43.4
13.154,40.9
13.156,35.9
13.158,29.4
13.16,25.5
13.162,26.6
13.164,33.1
13.166,41.8
13.168,49.4
13.17,53.9
13.172,55.6
13.174,53.8
13.176,48.4
13.178,41.8
13.18,38
13.182,38.9
13.184,46.2
13.186,55.1
13.188,63.1
13.19,67.8
13.192,69.4
13.194,67.3
13.196,61.9
13.198,55
13.2,51.7
13.202,52.4
13.204,58.9
13.206,67.6
13.208,74.5
13.21,79.2
13.212,80.1
13.214,77.7
13.216,72.4
13.218,64.2
13.22,60
13.222,60
13.224,65.6
13.226,73.9
13.228,80.4
13.23,84.1
13.232,84.6
13.234,81
13.236,75.2
13.238,66.9
13.24,62.5
13.242,62.2
13.244,67.4
13.246,75.4
13.248,81.5
13.25,85.4
13.252,85.7
13.254,82.2
13.256,75.8
13.258,67.8
13.26,62.7
13.262,62.4
13.264,67.4
13.266,74.8
13.268,81.1
13.27,84.1
13.272,84.6
13.274,80.6
13.276,74.2
13.278,65.5
13.28,60.7
13.282,60.4
13.284,65.4
13.286,72.4
13.288,78.5
13.29,81.6
13.292,82.2
13.294,78.2
13.296,71.5
13.298,63
13.3,57.9
13.302,56.6
13.304,62.4
13.306,69.8
13.308,75.7
13.31,79.4
13.312,79.1
13.314,75.2
13.316,68.5
13.318,60.2
13.32,55.1
13.322,54.6
13.324,59.6
13.326,67.2
13.328,73.3
13.33,77.1
13.332,77.1
13.334,74
13.336,67.6
13.338,58.8
13.34,53.6
13.342,53.2
13.344,58.8
13.346,66.9
13.348,73.1
13.35,76.9
13.352,77.5
13.354,73.9
13.356,67.5
13.358,58.8
13.36,53.6
13.362,53.6
13.364,58.9
13.366,66.7
13.368,73
13.37,76.8
13.372,77.7
13.374,74.1
13.376,67.5
13.378,59
13.38,53.4
13.382,52.9
13.384,58.7
13.386,66.7
13.388,73.4
13.39,76.5
13.392,77.5
13.394,73.6
13.396,66.9
13.398,58.3
13.4,52.4
13.402,51.3
13.404,56.8
13.406,64.2
13.408,70.7
13.41,73.8
13.412,73.9
13.414,69.6
13.416,61.9
13.418,52.4
13.42,45.9
13.422,45
13.424,49.7
13.426,56.6
13.428,62.7
13.43,65.6
13.432,65
13.434,60
13.436,52.1
13.438,42
13.44,35.2
13.442,32.7
13.444,37.3
13.446,43.9
13.448,49.9
13.45,52.3
13.452,51.3
13.454,45.6
13.456,37.3
13.458,26.3
13.46,19.2
13.462,16.9
13.464,21.6
13.466,28.7
13.468,34.4
13.47,37.1
13.472,36.4
13.474,30.6
13.476,22.4
13.478,11.7
13.48,4.76
13.482,3.36
13.484,7.76
13.486,15.7
13.488,21.9
13.49,25
13.492,25
13.494,19.9
13.496,11.8
13.498,1.58
13.5,-4.92
13.502,-6
13.504,-0.0786
13.506,8.52
13.508,15.7
13.51,19.5
13.512,20.4
13.514,16.4
13.516,9.8
13.518,1.32
13.52,-4.28
13.522,-4.6
13.524,2.66
13.526,11.6
13.528,20.1
13.53,24.8
13.532,27
13.534,24.6
13.536,18.7
13.538,11.5
13.54,7.25
13.542,8.59
13.544,16.9
13.546,27.8
13.548,37.6
13.55,43.8
13.552,46.6
13.554,45.7
13.556,41.3
13.558,34.5
13.56,31.2
13.562,32.5
13.564,41.5
13.566,51.8
13.568,60.6
13.57,66.8
13.572,69
13.574,65.8
13.576,59.6
13.578,49.9
13.58,43.9
13.582,42.2
13.584,46.7
13.586,52.9
13.588,57
13.59,56.9
13.592,52.4
13.594,42
13.596,28.8
13.598,12.7
13.6,0.495
13.602,-6.58
13.604,-6.13
13.606,-2.5
13.608,1.13
13.61,2.15
13.612,1.45
13.614,-2.37
13.616,-8.42
13.618,-15.4
13.62,-18.8
13.622,-15.7
13.624,-5.69
13.626,7.69
13.628,20.8
13.63,30.6
13.632,37.1
13.634,39.6
13.636,38.3
13.638,34.6
13.64,33.4
13.642,36.2
13.644,45.9
13.646,56.8
13.648,67
13.65,72.6
13.652,74.5
13.654,72.2
13.656,65.4
13.658,56.4
13.66,50.8
13.662,49.4
13.664,55.4
13.666,63.1
13.668,69.6
13.67,73.2
13.672,73.2
13.674,68.2
13.676,60.2
13.678,49.4
13.68,41.8
13.682,38.8
13.684,42.3
13.686,47.5
13.688,50.8
13.69,51.2
13.692,47.7
13.694,39.4
13.696,28.7
13.698,14.3
13.7,3.49
13.702,-2.5
13.704,-2.12
13.706,1.96
13.708,5.53
13.71,6.74
13.712,5.72
13.714,0.431
13.716,-6
13.718,-14.2
13.72,-17.4
13.722,-15.2
13.724,-5.49
13.726,8.14
13.728,20.8
13.73,30.6
13.732,38.2
13.734,41.3
13.736,40.9
13.738,38.7
13.74,38.6
13.742,42.6
13.744,51.3
13.746,61.5
13.748,69.9
13.75,73.4
13.752,73.3
13.754,67.6
13.756,57.8
13.758,45.4
13.76,35
13.762,28.6
13.764,29
13.766,31.1
13.768,32.7
13.77,30.9
13.772,25.9
13.774,17.6
13.776,5.72
13.778,-6.96
13.78,-14.5
13.782,-17.3
13.784,-11.9
13.786,-4.16
13.788,3.17
13.79,8.9
13.792,10.7
13.794,8.4
13.796,2.53
13.798,-5.81
13.8,-10.3
13.802,-9.89
13.804,-2.63
13.806,6.87
13.808,15.4
13.81,20.8
13.812,22.7
13.814,20.2
13.816,14.9
13.818,7.44
13.82,2.66
13.822,3.11
13.824,10.7
13.826,20.1
13.828,27.9
13.83,32.2
13.832,34.1
13.834,30.6
13.836,24.9
13.838,17.6
13.84,12.9
13.842,13.3
13.844,19.9
13.846,29.9
13.848,38.3
13.85,43.4
13.852,45.1
13.854,41.5
13.856,35
13.858,26.4
13.86,20.4
13.862,20.1
13.864,26.6
13.866,36.2
13.868,44.6
13.87,50
13.872,51.7
13.874,48.7
13.876,41.8
13.878,33.6
13.88,27.8
13.882,26.9
13.884,33.7
13.886,41.8
13.888,50
13.89,54
13.892,54.7
13.894,51.8
13.896,45
13.898,36.6
13.9,31
13.902,29.6
13.904,35.2
13.906,43.1
13.908,50.3
13.91,54.5
13.912,55.2
13.914,52.3
13.916,46
13.918,37.3
13.92,31.7
13.922,30.6
13.924,35.9
13.926,44.8
13.928,51.4
13.93,55.7
13.932,56.7
13.934,53.4
13.936,47.5
13.938,38.9
13.94,33.6
13.942,33
13.944,38.4
13.946,46.3
13.948,53.1
13.95,57.3
13.952,58.4
13.954,55.2
13.956,48.8
13.958,40.8
13.96,35.1
13.962,34.6
13.964,40
13.966,47.9
13.968,55.2
13.97,59.1
13.972,60.1
13.974,56.8
13.976,50.8
13.978,42.6
13.98,37
13.982,36.1
13.984,41.5
13.986,49.1
13.988,56.2
13.99,59.9
13.992,61
13.994,58.2
13.996,52
13.998,43.6
14,38.3
14.002,37.3
14.004,43.1
14.006,51.2
14.008,58.7
14.01,62.6
14.012,63.5
14.014,61
14.016,55.3
14.018,47.2
14.02,42.4
14.022,41.2
14.024,46.8
14.026,54.8
14.028,61.9
14.03,65.9
14.032,67.3
14.034,64.3
14.036,58.2
14.038,50.3
14.04,45
14.042,43.8
14.044,49.2
14.046,57.3
14.048,64
14.05,68.2
14.052,68.7
14.054,64.8
14.056,58.6
14.058,49.9
14.06,44.4
14.062,43.2
14.064,47.9
14.066,55.6
14.068,62.5
14.07,66.3
14.072,67.3
14.074,63.4
14.076,57.2
14.078,49.2
14.08,43.2
14.082,42.3
14.084,47.2
14.086,55.4
14.088,61.9
14.09,65.5
14.092,66.3
14.094,63.1
14.096,57
14.098,49.2
14.1,44
14.102,43.5
14.104,48.7
14.106,55.4
14.108,61.7
14.11,64.8
14.112,65.3
14.114,61.7
14.116,55.2
14.118,46.6
14.12,40.7
14.122,39.4
14.124,43.8
14.126,50.3
14.128,56.3
14.13,59.3
14.132,59.7
14.134,55.9
14.136,49.7
14.138,41.6
14.14,36.1
14.142,33.9
14.144,38.4
14.146,44.8
14.148,50.3
14.15,53.2
14.152,53.4
14.154,49.9
14.156,43.6
14.158,35.2
14.16,29.4
14.162,27.8
14.164,31.7
14.166,38
14.168,43.4
14.17,46
14.172,45.7
14.174,41.8
14.176,35.5
14.178,27.3
14.18,21.6
14.182,19.7
14.184,22.9
14.186,29.2
14.188,34.4
14.19,37.1
14.192,37.3
14.194,33.4
14.196,26.9
14.198,18.3
14.2,12.4
14.202,10.9
14.204,14.1
14.206,20.3
14.208,25.2
14.21,27.8
14.212,27.8
14.214,23.9
14.216,17.7
14.218,9.67
14.22,3.74
14.222,1.77
14.224,5.27
14.226,11.3
14.228,17
14.23,19.4
14.232,19.7
14.234,16.2
14.236,9.8
14.238,2.47
14.24,-3.14
14.242,-4.54
14.244,-0.27
14.246,5.53
14.248,11.3
14.25,13.6
14.252,14.1
14.254,10.8
14.256,5.15
14.258,-2.31
14.26,-7.6
14.262,-9.13
14.264,-5.11
14.266,0.686
14.268,6.61
14.27,9.61
14.272,9.99
14.274,6.8
14.276,0.622
14.278,-8.93
14.28,-12.1
14.282,-13.5
14.284,-9.57
14.286,-2.88
14.288,2.22
14.29,5.72
14.292,6.04
14.294,2.79
14.296,-2.63
14.298,-10.2
14.3,-15.2
14.302,-16.3
14.304,-12.3
14.306,-5.56
14.308,0.75
14.31,4.06
14.312,5.02
14.314,2.09
14.316,-3.71
14.318,-11.6
14.32,-17.3
14.322,-18.4
14.324,-14.3
14.326,-7.41
14.328,-0.971
14.33,2.85
14.332,3.87
14.334,0.176
14.336,-6.32
14.338,-15
14.34,-21.5
14.342,-22.8
14.344,-18.2
14.346,-9.76
14.348,-1.42
14.35,3.17
14.352,4.25
14.354,0.75
14.356,-6.96
14.358,-16.5
14.36,-23.5
14.362,-24.8
14.364,-18.4
14.366,-9.95
14.368,-1.93
14.37,2.85
14.372,3.87
14.374,0.431
14.376,-7.41
14.378,-20.5
14.38,-25.2
14.382,-27.2
14.384,-17.7
14.386,-10.3
14.388,-1.99
14.39,2.47
14.392,3.36
14.394,-1.8
14.396,-7.34
14.398,-17.2
14.4,-23.1
14.402,-24
14.404,-18.4
14.406,-9.95
14.408,-2.63
14.41,2.34
14.412,2.72
14.414,-0.206
14.416,-7.02
14.418,-16.1
14.42,-21.9
14.422,-23.3
14.424,-18.1
14.426,-9.7
14.428,-2.63
14.43,2.09
14.432,2.72
14.434,-0.525
14.436,-6.9
14.438,-15.8
14.44,-21.4
14.442,-22.5
14.444,-17.6
14.446,-9.64
14.448,-2.05
14.45,2.15
14.452,3.17
14.454,-0.27
14.456,-6.77
14.458,-14.9
14.46,-21.9
14.462,-23.8
14.464,-15.9
14.466,-6.19
14.468,-1.99
14.47,2.34
14.472,3.81
14.474,-0.461
14.476,-6
14.478,-14.4
14.48,-20.8
14.482,-21.9
14.484,-17.2
14.486,-9.06
14.488,-1.74
14.49,2.6
14.492,3.49
14.494,0.176
14.496,-6.64
14.498,-16.1
14.5,-22.2
14.502,-24.3
14.504,-18.6
14.506,-10.5
14.508,-2.63
14.51,1.83
14.512,2.98
14.514,-0.27
14.516,-7.53
14.518,-16.9
14.52,-23.7
14.522,-25.9
14.524,-21.5
14.526,-11.9
14.528,-4.22
14.53,1.39
14.532,2.6
14.534,-1.16
14.536,-7.66
14.538,-17.7
14.54,-23.5
14.542,-24.7
14.544,-18.5
14.546,-8.74
14.548,0.75
14.55,6.42
14.552,9.03
14.554,6.17
14.556,0.813
14.558,-7.28
14.56,-12.9
14.562,-12.4
14.564,-4.09
14.566,7.57
14.568,19
14.57,26.3
14.572,31.1
14.574,31.1
14.576,27.4
14.578,22
14.58,18.8
14.582,21.6
14.584,32
14.586,45.1
14.588,57.7
14.59,65.8
14.592,69.6
14.594,71.1
14.596,65
14.598,57.4
14.6,51
14.602,49
14.604,56.5
14.606,60.5
14.608,66.1
14.61,67.5
14.612,63.7
14.614,54.9
14.616,41.3
14.618,25.9
14.62,13.3
14.622,5.21
14.624,4.19
14.626,7.57
14.628,11.3
14.63,12.3
14.632,10.7
14.634,5.91
14.636,-2.05
14.638,-11.4
14.64,-16.1
14.642,-15
14.644,-5.3
14.646,9.8
14.648,24.7
14.65,36.6
14.652,44.5
14.654,47.8
14.656,46.9
14.658,43.5
14.66,41.9
14.662,45.5
14.664,54.7
14.666,66.9
14.668,77.3
14.67,82.9
14.672,84.3
14.674,80.6
14.676,73.1
14.678,63.4
14.68,55
14.682,52.9
14.684,57.2
14.686,64.7
14.688,71.4
14.69,75.4
14.692,75.4
14.694,71.3
14.696,63.2
14.698,53.1
14.7,45
14.702,42
14.704,45.4
14.706,52
14.708,57.8
14.71,60.7
14.712,59.9
14.714,55
14.716,46.4
14.718,35.8
14.72,27.8
14.722,23.7
14.724,26.5
14.726,31.9
14.728,36.5
14.73,37.9
14.732,36.4
14.734,30.9
14.736,22.4
14.738,11.3
14.74,2.41
14.742,-1.54
14.744,0.622
14.746,5.4
14.748,9.29
14.75,11.8
14.752,11.3
14.754,6.99
14.756,0.75
14.758,-6.58
14.76,-11.5
14.762,-11.3
14.764,-5.18
14.766,4.89
14.768,15
14.77,23
14.772,29.6
14.774,32.1
14.776,32.7
14.778,31.3
14.78,31.8
14.782,36.9
14.784,47.1
14.786,59.1
14.788,70.5
14.79,77.1
14.792,80.5
14.794,79.1
14.796,72.5
14.798,63.8
14.8,55
14.802,49.6
14.804,48.1
14.806,48.5
14.808,48
14.81,44.7
14.812,38.7
14.814,29.3
14.816,16.7
14.818,3.3
14.82,-7.34
14.822,-12.8
14.824,-11.4
14.826,-5.62
14.828,3.3
14.83,8.71
14.832,9.16
14.834,8.01
14.836,4.13
14.838,-2.18
14.84,-5.94
14.842,-5.49
14.844,1
14.846,9.86
14.848,18.7
14.85,24.6
14.852,27.2
14.854,26.7
14.856,22.9
14.858,17
14.86,12.6
14.862,12.8
14.864,18.8
14.866,27.4
14.868,35.3
14.87,41
14.872,43.1
14.874,41
14.876,36.6
14.878,29.7
14.88,24.5
14.882,23.7
14.884,29.1
14.886,37.3
14.888,44.7
14.89,49.5
14.892,51.8
14.894,49.4
14.896,44.3
14.898,36.7
14.9,30.8
14.902,29.6
14.904,34.3
14.906,42.9
14.908,50.6
14.91,55.2
14.912,57.1
14.914,54.7
14.916,48.3
14.918,38.7
14.92,33.8
14.922,32.6
14.924,38.2
14.926,46.5
14.928,54.6
14.93,59
14.932,61.1
14.934,58
14.936,51.4
14.938,42.7
14.94,36
14.942,34.5
14.944,40.4
14.946,48.9
14.948,57.3
14.95,62.4
14.952,63.5
14.954,60.7
14.956,54
14.958,44.6
14.96,37.8
14.962,35.9
14.964,41
14.966,50.7
14.968,59.4
14.97,65.3
14.972,66.8
14.974,64.5
14.976,57.3
14.978,47.5
14.98,40.4
14.982,38.3
14.984,44.2
14.986,54.7
14.988,63.6
14.99,69.7
14.992,71.5
14.994,68.5
14.996,60.8
14.998,50.4
15,42.4
15.002,40.1
15.004,45.3
15.006,56.7
15.008,66.7
15.01,72.8
15.012,75.2
15.014,71.2
15.016,63.6
15.018,52.7
15.02,45
15.022,43
15.024,48.1
15.026,59.4
15.028,69.1
15.03,74.5
15.032,76.2
15.034,73
15.036,65.3
15.038,55.2
15.04,47
15.042,45.3
15.044,50.6
15.046,60.7
15.048,70.4
15.05,75.6
15.052,77.5
15.054,74.3
15.056,66.3
15.058,56.1
15.06,47.9
15.062,45.9
15.064,51.7
15.066,60.6
15.068,70
15.07,75.2
15.072,76.4
15.074,72.6
15.076,64.5
15.078,53.9
15.08,45.7
15.082,43.4
15.084,49.2
15.086,58.4
15.088,67.5
15.09,73.2
15.092,74.7
15.094,72
15.096,65.2
15.098,56.5
15.1,49.7
15.102,47.8
15.104,53.2
15.106,61.2
15.108,68.7
15.11,73.4
15.112,74.4
15.114,71.2
15.116,64.3
15.118,55
15.12,48
15.122,46.2
15.124,50.5
15.126,59.6
15.128,67.5
15.13,72.8
15.132,74.2
15.134,71.7
15.136,65.4
15.138,56.9
15.14,50.3
15.142,49.2
15.144,54.1
15.146,62.6
15.148,70.1
15.15,74.8
15.152,76.4
15.154,73.6
15.156,67.3
15.158,59.4
15.16,52.9
15.162,51.2
15.164,55.5
15.166,63.2
15.168,70.9
15.17,75.1
15.172,76.4
15.174,73.5
15.176,67
15.178,58.6
15.18,51.8
15.182,50.1
15.184,54.4
15.186,61.6
15.188,68.8
15.19,72.7
15.192,73.4
15.194,71
15.196,64.2
15.198,55.9
15.2,48.7
15.202,46.6
15.204,50.5
15.206,57.8
15.208,64.8
15.21,68.7
15.212,69.3
15.214,66.8
15.216,60.3
15.218,51.9
15.22,46
15.222,43.9
15.224,49.5
15.226,55.5
15.228,62.7
15.23,66.8
15.232,68
15.234,66
15.236,60
15.238,52.1
15.24,46.3
15.242,44.6
15.244,48.9
15.246,56.6
15.248,63.7
15.25,68
15.252,69.3
15.254,66.8
15.256,61.2
15.258,53.4
15.26,48
15.262,46.6
15.264,50.8
15.266,58.5
15.268,64.8
15.27,69.3
15.272,70.9
15.274,68.8
15.276,63.6
15.278,56.6
15.28,50.9
15.282,49.8
15.284,54.1
15.286,61.3
15.288,68.5
15.29,72.6
15.292,74.2
15.294,71.9
15.296,66.3
15.298,59.6
15.3,53.8
15.302,52.4
15.304,56.5
15.306,63.4
15.308,70.5
15.31,74.5
15.312,75.5
15.314,73.7
15.316,67.8
15.318,60.1
15.32,54.3
15.322,52.7
15.324,56.5
15.326,63.3
15.328,69.7
15.33,73.9
15.332,74.6
15.334,72.4
15.336,66.4
15.338,59
15.34,53.2
15.342,51.7
15.344,55.7
15.346,62.2
15.348,68
15.35,72.4
15.352,73.6
15.354,71.2
15.356,65.9
15.358,58.1
15.36,52.4
15.362,51
15.364,54.3
15.366,61.4
15.368,67.7
15.37,71.6
15.372,73.2
15.374,70.8
15.376,65.7
15.378,58.7
15.38,52.9
15.382,51.9
15.384,55.2
15.386,62
15.388,67.7
15.39,71.9
15.392,73.3
15.394,71.2
15.396,66
15.398,58.9
15.4,53.1
15.402,51.5
15.404,55
15.406,61.7
15.408,68.3
15.41,71.9
15.412,73.3
15.414,70.9
15.416,65.5
15.418,58.3
15.42,52.7
15.422,51.1
15.424,55.2
15.426,61.8
15.428,68.1
15.43,73.7
15.432,73.1
15.434,70.7
15.436,63.5
15.438,57.1
15.44,52.1
15.442,50.4
15.444,54.2
15.446,61.1
15.448,67.1
15.45,71.9
15.452,73.2
15.454,69.8
15.456,64.1
15.458,57.1
15.46,51.1
15.462,49.5
15.464,52.7
15.466,59.4
15.468,65.5
15.47,69.4
15.472,69.9
15.474,67.8
15.476,61.7
15.478,53.9
15.48,47.6
15.482,45.4
15.484,48.6
15.486,55.2
15.488,61
15.49,64.3
15.492,64.7
15.494,61.6
15.496,55.3
15.498,46.8
15.5,40.3
15.502,37.7
15.504,40.2
15.506,46.3
15.508,51.3
15.51,54.8
15.512,55.2
15.514,51.5
15.516,44.7
15.518,35.5
15.52,27.1
15.522,24.5
15.524,26.4
15.526,33.2
15.528,39.3
15.53,42.2
15.532,41.6
15.534,37.4
15.536,29.9
15.538,20.2
15.54,11.5
15.542,8.27
15.544,10.9
15.546,16.4
15.548,22.5
15.55,25.5
15.552,25.4
15.554,21.6
15.556,13.7
15.558,4.57
15.56,-4.03
15.562,-7.09
15.564,-3.65
15.566,3.23
15.568,9.73
15.57,13.3
15.572,14.1
15.574,10.9
15.576,4.38
15.578,-4.03
15.58,-11.2
15.582,-13.5
15.584,-9.7
15.586,-2.24
15.588,5.34
15.59,10.3
15.592,11.6
15.594,9.73
15.596,3.62
15.598,-3.9
15.6,-9.89
15.602,-11.1
15.604,-6.32
15.606,2.6
15.608,10.8
15.61,16.9
15.612,19.4
15.614,18.2
15.616,13.2
15.618,6.1
15.62,0.686
15.622,0.559
15.624,6.67
15.626,17.3
15.628,27.6
15.63,35.3
15.632,40.1
15.634,40.9
15.636,38.1
15.638,32.9
15.64,29.6
15.642,31.7
15.644,38.7
15.646,49.9
15.648,60.4
15.65,67.8
15.652,71.2
15.654,70.1
15.656,64.8
15.658,56.9
15.66,49.1
15.662,46
15.664,48
15.666,53.3
15.668,57.9
15.67,60
15.672,58.9
15.674,52.2
15.676,36.3
15.678,20.8
15.68,6.23
15.682,-3.01
15.684,-4.54
15.686,-1.03
15.688,3.62
15.69,5.53
15.692,3.3
15.694,-2.31
15.696,-11.7
15.698,-22.6
15.7,-30.6
15.702,-31
15.704,-22.8
15.706,-9.38
15.708,4.25
15.71,16.4
15.712,24.8
15.714,30
15.716,30.6
15.718,29.2
15.72,28.7
15.722,32.8
15.724,41.8
15.726,54.6
15.728,65.2
15.73,71.9
15.732,73.8
15.734,70.9
15.736,64.3
15.738,54.6
15.74,45.7
15.742,42.7
15.744,45.7
15.746,53.3
15.748,60.6
15.75,64.3
15.752,65.1
15.754,61.7
15.756,54.5
15.758,44.5
15.76,36.2
15.762,33.4
15.764,36
15.766,43.1
15.768,49.9
15.77,53.4
15.772,53.5
15.774,49.8
15.776,42.2
15.778,32.9
15.78,24.2
15.782,20.6
15.784,22.5
15.786,28
15.788,34.1
15.79,36.9
15.792,36.9
15.794,32.4
15.796,24.1
15.798,13.3
15.8,4
15.802,-0.652
15.804,0.877
15.806,5.72
15.808,10.6
15.81,13
15.812,12
15.814,7.18
15.816,-1.16
15.818,-11.5
15.82,-20.1
15.822,-24
15.824,-20.8
15.826,-13.5
15.828,-5.24
15.83,0.813
15.832,3.62
15.834,3.68
15.836,0.75
15.838,-3.9
15.84,-6.32
15.842,-3.01
15.844,6.48
15.846,20.2
15.848,33.8
15.85,45
15.852,52.4
15.854,55.7
15.856,54.8
15.858,49.9
15.86,46.2
15.862,45.9
15.864,51.6
15.866,61
15.868,68.6
15.87,73
15.872,72.6
15.874,66.6
15.876,56.7
15.878,42.8
15.88,30
15.882,21.4
15.884,18.4
15.886,20.7
15.888,22.1
15.89,21.4
15.892,17.2
15.894,9.1
15.896,-1.86
15.898,-15
15.9,-26.2
15.902,-29.8
15.904,-25.4
15.906,-14.2
15.908,-3.77
15.91,3.23
15.912,7.06
15.914,6.1
15.916,0.495
15.918,-7.21
15.92,-14.6
15.922,-15.6
15.924,-10.1
15.926,0.24
15.928,10.8
15.93,17.6
15.932,20.7
15.934,18.9
15.936,13.1
15.938,5.08
15.94,-2.82
15.942,-3.71
15.944,1.26
15.946,11.1
15.948,21.5
15.95,28.3
15.952,31.3
15.954,30.2
15.956,24.5
15.958,16.6
15.96,9.99
15.962,8.59
15.964,14.4
15.966,25
15.968,35.4
15.97,42.8
15.972,46.4
15.974,45.6
15.976,40.4
15.978,32.3
15.98,26.2
15.982,25.6
15.984,31.2
15.986,42.1
15.988,52.4
15.99,59.9
15.992,63.4
15.994,62
15.996,57.3
15.998,49
16,42
16.002,40.8
16.004,46.2
16.006,56
16.008,65.7
16.01,72.3
16.012,74.5
16.014,72.4
16.016,66.1
16.018,57.8
16.02,49.7
16.022,47.8
16.024,51.3
16.026,60.1
16.028,68.3
16.03,73.6
16.032,75.2
16.034,72.4
16.036,64.9
16.038,55.4
16.04,46.2
16.042,43.4
16.044,46
16.046,53.4
16.048,61.1
16.05,64.5
16.052,65.5
16.054,61.9
16.056,54.1
16.058,43.9
16.06,34.6
16.062,30.6
16.064,33.2
16.066,40
16.068,47.5
16.07,51.4
16.072,52.2
16.074,48.3
16.076,40.8
16.078,30.9
16.08,22
16.082,18.8
16.084,21.5
16.086,28.7
16.088,36
16.09,40.5
16.092,40.8
16.094,37.4
16.096,29.4
16.098,19.4
16.1,9.67
16.102,5.66
16.104,8.4
16.106,15.4
16.108,22.7
16.11,27.1
16.112,27.1
16.114,23.4
16.116,15
16.118,4.83
16.12,-4.54
16.122,-8.74
16.124,-5.69
16.126,1.51
16.128,8.78
16.13,13.3
16.132,14
16.134,10.4
16.136,3.3
16.138,-6.9
16.14,-15.8
16.142,-19.3
16.144,-15.8
16.146,-7.28
16.148,0.367
16.15,6.17
16.152,7.31
16.154,4.44
16.156,-2.44
16.158,-11.9
16.16,-20.6
16.162,-23.3
16.164,-19.6
16.166,-10.7
16.168,-2.18
16.17,3.3
16.172,5.4
16.174,2.6
16.176,-4.22
16.178,-13.3
16.18,-22.1
16.182,-24
16.184,-19.4
16.186,-11.4
16.188,-3.14
16.19,2.28
16.192,4.64
16.194,2.02
16.196,-4.54
16.198,-14.2
16.2,-22.5
16.202,-24.8
16.204,-21.2
16.206,-12.3
16.208,-3.2
16.21,2.34
16.212,4
16.214,1.39
16.216,-4.98
16.218,-14.3
16.22,-22.7
16.222,-25
16.224,-21.4
16.226,-12.4
16.228,-3.39
16.23,2.28
16.232,4.51
16.234,2.66
16.236,-4.03
16.238,-13.1
16.24,-20.8
16.242,-23
16.244,-18.4
16.246,-9.57
16.248,-0.525
16.25,5.72
16.252,8.01
16.254,6.99
16.256,1.13
16.258,-6.64
16.26,-13.5
16.262,-15.3
16.264,-10.5
16.266,-1.29
16.268,8.4
16.27,14.8
16.272,17.4
16.274,16.6
16.276,11.5
16.278,4
16.28,-2.12
16.282,-3.14
16.284,2.02
16.286,11.2
16.288,20.2
16.29,27.4
16.292,30.2
16.294,29.5
16.296,25.1
16.298,17.9
16.3,12.1
16.302,11.3
16.304,16.2
16.306,25.9
16.308,35.2
16.31,42.1
16.312,44.9
16.314,44.1
16.316,39.9
16.318,33.3
16.32,27.6
16.322,27
16.324,31.7
16.326,40.7
16.328,49.7
16.33,56.3
16.332,59.5
16.334,58.7
16.336,53.9
16.338,47.2
16.34,41
16.342,40
16.344,44.3
16.346,53.1
16.348,61.3
16.35,67
16.352,69.9
16.354,68
16.356,63.3
16.358,56.2
16.36,49.6
16.362,48.3
16.364,52
16.366,59.6
16.368,67.5
16.37,72.7
16.372,74.5
16.374,72.7
16.376,67.5
16.378,60.1
16.38,53.4
16.382,51.3
16.384,54.7
16.386,61.5
16.388,69.1
16.39,73.5
16.392,75.3
16.394,73.5
16.396,67.3
16.398,59.7
16.4,52.6
16.402,50.4
16.404,54
16.406,60.4
16.408,67.3
16.41,71.9
16.412,73.5
16.414,71.8
16.416,65.9
16.418,56.4
16.42,51.1
16.422,49.1
16.424,52.1
16.426,59
16.428,66.3
16.43,70.8
16.432,73
16.434,70.5
16.436,64.7
16.438,57.6
16.44,50.7
16.442,47.6
16.444,51.6
16.446,58.4
16.448,65.7
16.45,70.9
16.452,71.4
16.454,70.4
16.456,64.8
16.458,57
16.46,50.4
16.462,48
16.464,51.3
16.466,58.1
16.468,65
16.47,70.3
16.472,71.5
16.474,69.9
16.476,64.3
16.478,56.6
16.48,49.7
16.482,47.5
16.484,50.6
16.486,57.6
16.488,64.8
16.49,69.2
16.492,69.9
16.494,68.9
16.496,63.6
16.498,56
16.5,48.8
16.502,45.7
16.504,48.9
16.506,56.2
16.508,63.2
16.51,68.3
16.512,69
16.514,66.8
16.516,61.6
16.518,53.5
16.52,46.5
16.522,44.3
16.524,46.7
16.526,53.8
16.528,60.3
16.53,64.5
16.532,65.9
16.534,63.3
16.536,57.6
16.538,49.2
16.54,41.5
16.542,39.2
16.544,41.3
16.546,47.2
16.548,53.2
16.55,56.5
16.552,57.3
16.554,54.2
16.556,46.8
16.558,38
16.56,28.4
16.562,24.6
16.564,25.7
16.566,30.9
16.568,36.4
16.57,39
16.572,38.5
16.574,34.2
16.576,26.1
16.578,15.8
16.58,5.85
16.582,0.686
16.584,1.2
16.586,6.17
16.588,11.8
16.59,14.4
16.592,13.9
16.594,9.73
16.596,1.45
16.598,-8.68
16.6,-18.2
16.602,-22.2
16.604,-20.8
16.606,-14.6
16.608,-8.04
16.61,-3.39
16.612,-1.48
16.614,-2.82
16.616,-8.17
16.618,-15.8
16.62,-23
16.622,-25.1
16.624,-21
16.626,-13.1
16.628,-4.92
16.63,0.559
16.632,2.6
16.634,1.07
16.636,-4.86
16.638,-13.4
16.64,-20.9
16.642,-23.8
16.644,-20.1
16.646,-12.5
16.648,-3.77
16.65,1.58
16.652,3.3
16.654,1.07
16.656,-4.79
16.658,-13.1
16.66,-20.9
16.662,-23.5
16.664,-19.6
16.666,-11.5
16.668,-2.63
16.67,3.43
16.672,5.78
16.674,5.15
16.676,0.113
16.678,-7.15
16.68,-13.3
16.682,-13.9
16.684,-8.3
16.686,3.17
16.688,14.8
16.69,23.8
16.692,29
16.694,31.1
16.696,29.7
16.698,25.9
16.7,21.9
16.702,23.6
16.704,31.7
16.706,44.6
16.708,57.3
16.71,67
16.712,71.9
16.714,72
16.716,66.5
16.718,58.2
16.72,48.3
16.722,43.8
16.724,44.4
16.726,48.7
16.728,52
16.73,52.7
16.732,49
16.734,40.7
16.736,27.6
16.738,11.8
16.74,-3.9
16.742,-12.9
16.744,-15
16.746,-10.5
16.748,-5.3
16.75,-1.03
16.752,0.304
16.754,-2.12
16.756,-7.47
16.758,-14.4
16.76,-20.1
16.762,-18.1
16.764,-9.06
16.766,6.17
16.768,22.7
16.77,35.3
16.772,44.6
16.774,49.2
16.776,48.3
16.778,43.9
16.78,38.6
16.782,39.1
16.784,44.4
16.786,54.3
16.788,64.5
16.79,70.6
16.792,72.5
16.794,69.5
16.796,61.2
16.798,50.3
16.8,39.1
16.802,34.2
16.804,36.5
16.806,43.3
16.808,50.8
16.81,55.9
16.812,55.9
16.814,52
16.816,42.4
16.818,29.1
16.82,16.7
16.822,9.73
16.824,10.6
16.826,18
16.828,25.7
16.83,30.3
16.832,29.2
16.834,24.1
16.836,13.4
16.838,-0.588
16.84,-13.7
16.842,-21.1
16.844,-21
16.846,-14.2
16.848,-6.39
16.85,-1.48
16.852,-1.03
16.854,-3.65
16.856,-11.7
16.858,-22.3
16.86,-30.6
16.862,-32.2
16.864,-26.6
16.866,-14.4
16.868,-1.23
16.87,9.92
16.872,16.9
16.874,20.4
16.876,19.9
16.878,16.5
16.88,12.8
16.882,15.8
16.884,25.6
16.886,41.6
16.888,56.8
16.89,67.7
16.892,73.3
16.894,73
16.896,67.4
16.898,57.5
16.9,45.9
16.902,40.1
16.904,39.1
16.906,43.6
16.908,47.2
16.91,47.7
16.912,43.2
16.914,33.7
16.916,19.4
16.918,3.36
16.92,-12.3
16.922,-20.4
16.924,-20.3
16.926,-13.1
16.928,-3.71
16.93,4.38
16.932,8.52
16.934,8.08
16.936,3.36
16.938,-4.22
16.94,-11.5
16.942,-12.4
16.944,-7.09
16.946,3.87
16.948,15
16.95,23.1
16.952,26.9
16.954,26.5
16.956,21.8
16.958,14.5
16.96,7.12
16.962,6.04
16.964,10.5
16.966,21.1
16.968,31.5
16.97,39.1
16.972,42.7
16.974,42.1
16.976,37.6
16.978,31
16.98,22.9
16.982,21.3
16.984,25.8
16.986,35.1
16.988,44.4
16.99,51.8
16.992,55.1
16.994,54.3
16.996,49.4
16.998,41.7
17,33.9
17.002,32
17.004,36.4
17.006,45.3
17.008,54.1
17.01,61
17.012,63.8
17.014,63
17.016,56.9
17.018,48.8
17.02,40.7
17.022,37.8
17.024,41.3
17.026,49.4
17.028,58.3
17.03,66.2
17.032,69
17.034,67.5
17.036,61.5
17.038,52.6
17.04,43.9
17.042,41
17.044,45.3
17.046,54
17.048,63.6
17.05,71.5
17.052,73.9
17.054,72.6
17.056,66
17.058,56.8
17.06,47.5
17.062,44.6
17.064,48.2
17.066,57.5
17.068,66.8
17.07,73.6
17.072,76.2
17.074,74.5
17.076,67.8
17.078,58.2
17.08,48.9
17.082,45.4
17.084,48.7
17.086,57.8
17.088,67.5
17.09,74
17.092,75.8
17.094,73.4
17.096,66.9
17.098,57.1
17.1,47
17.102,43.1
17.104,46.3
17.106,55.4
17.108,65.2
17.11,71.4
17.112,73.8
17.114,71.4
17.116,64.3
17.118,54
17.12,43.8
17.122,40.1
17.124,42.7
17.126,51.8
17.128,62.8
17.13,69.3
17.132,71.9
17.134,69.4
17.136,62
17.138,52
17.14,40.4
17.142,37.1
17.144,40.4
17.146,50.1
17.148,61.3
17.15,67.5
17.152,70.5
17.154,68.1
17.156,60.6
17.158,49.7
17.16,38.4
17.162,35.1
17.164,38.7
17.166,48.7
17.168,60.2
17.17,67.4
17.172,70.5
17.174,68.1
17.176,60.6
17.178,49.7
17.18,40.1
17.182,36.9
17.184,40.3
17.186,50
17.188,61.1
17.19,67.8
17.192,70.6
17.194,68.3
17.196,61.5
17.198,51.8
17.2,42.4
17.202,39.1
17.204,42.7
17.206,51.9
17.208,61.7
17.21,68.7
17.212,71.5
17.214,69.7
17.216,62.9
17.218,54.1
17.22,44.5
17.222,42
17.224,45.2
17.226,53.8
17.228,63.6
17.23,70.5
17.232,73.1
17.234,71.5
17.236,64.7
17.238,56.1
17.24,47.1
17.242,44.4
17.244,47.9
17.246,56.2
17.248,65.5
17.25,72.1
17.252,74.2
17.254,73.1
17.256,66.5
17.258,58.4
17.26,49.3
17.262,46.3
17.264,50.1
17.266,58.3
17.268,66.9
17.27,73.7
17.272,75.4
17.274,74.1
17.276,68.3
17.278,60.3
17.28,52.1
17.282,48.7
17.284,51.9
17.286,59.7
17.288,68.3
17.29,75.1
17.292,76.4
17.294,75.3
17.296,69.2
17.298,61
17.3,52.9
17.302,49.5
17.304,52.1
17.306,60.2
17.308,68.3
17.31,75.4
17.312,77.7
17.314,76.2
17.316,70
17.318,61.4
17.32,52.7
17.322,49.5
17.324,52
17.326,60.2
17.328,68.5
17.33,75.2
17.332,77.3
17.334,75.5
17.336,69.6
17.338,60.7
17.34,52
17.342,49
17.344,52
17.346,59.7
17.348,67.8
17.35,74.5
17.352,76
17.354,74.3
17.356,68.2
17.358,58.7
17.36,49.3
17.362,45.6
17.364,47.7
17.366,56.1
17.368,63.3
17.37,70.3
17.372,71.5
17.374,69
17.376,62.7
17.378,53.4
17.38,43.3
17.382,39.2
17.384,41.7
17.386,49.3
17.388,57.1
17.39,63.6
17.392,65.3
17.394,63
17.396,56.6
17.398,47
17.4,37.5
17.402,34
17.404,36.2
17.406,43.9
17.408,52
17.41,57.8
17.412,60.1
17.414,57.8
17.416,51.5
17.418,42.5
17.42,33.2
17.422,30.1
17.424,32.2
17.426,40.2
17.428,47.8
17.43,54.8
17.432,57.1
17.434,55
17.436,49
17.438,40.1
17.44,31.1
17.442,28.3
17.444,30.9
17.446,39.3
17.448,48
17.45,54.7
17.452,57.1
17.454,55.7
17.456,49.5
17.458,40.7
17.46,32
17.462,28.8
17.464,31.9
17.466,40.1
17.468,49.5
17.47,55.4
17.472,58
17.474,56.5
17.476,50.6
17.478,41.7
17.48,32.9
17.482,30.1
17.484,32.9
17.486,41.4
17.488,50.8
17.49,56.9
17.492,59
17.494,57.4
17.496,51
17.498,41.7
17.5,32.6
17.502,29.2
17.504,31.1
17.506,39.9
17.508,49.6
17.51,55.9
17.512,57.6
17.514,55.7
17.516,48.7
17.518,39.4
17.52,29.7
17.522,26.2
17.524,29
17.526,36.4
17.528,44.8
17.53,50.2
17.532,51.8
17.534,49.8
17.536,42.4
17.538,33.2
17.54,22.6
17.542,18.3
17.544,20.2
17.546,27.1
17.548,35.1
17.55,39.4
17.552,39.9
17.554,37.4
17.556,29.9
17.558,20.1
17.56,8.9
17.562,4.19
17.564,5.4
17.566,11.6
17.568,18.7
17.57,23.2
17.572,23.2
17.574,20
17.576,12.3
17.578,2.85
17.58,-8.74
17.582,-13.8
17.584,-12.7
17.586,-5.81
17.588,2.09
17.59,7.18
17.592,8.59
17.594,7.63
17.596,1.96
17.598,-6
17.6,-14.2
17.602,-17.8
17.604,-14.6
17.606,-6.83
17.608,2.09
17.61,8.59
17.612,10.3
17.614,8.84
17.616,2.79
17.618,-5.49
17.62,-14.3
17.622,-17.9
17.624,-15.4
17.626,-7.6
17.628,1.13
17.63,7.82
17.632,10.3
17.634,8.59
17.636,2.47
17.638,-6.07
17.64,-14.7
17.642,-17.9
17.644,-15.6
17.646,-7.21
17.648,1.77
17.65,8.46
17.652,10.2
17.654,8.71
17.656,3.04
17.658,-5.81
17.66,-14.8
17.662,-17.6
17.664,-15
17.666,-6.7
17.668,1.96
17.67,7.95
17.672,10.2
17.674,8.71
17.676,3.04
17.678,-5.37
17.68,-14.2
17.682,-17.3
17.684,-14.8
17.686,-6.7
17.688,1.77
17.69,8.01
17.692,10.3
17.694,8.9
17.696,3.36
17.698,-4.73
17.7,-12.7
17.702,-16.4
17.704,-13.7
17.706,-5.24
17.708,4.25
17.71,10.5
17.712,13.1
17.714,12.2
17.716,7.31
17.718,0.0488
17.72,-7.6
17.722,-9.19
17.724,-5.49
17.726,4.38
17.728,15.1
17.73,23.4
17.732,28.7
17.734,30.2
17.736,28.3
17.738,24.1
17.74,19.6
17.742,21
17.744,28.3
17.746,41.4
17.748,55
17.75,65.3
17.752,71.9
17.754,73.2
17.756,70.2
17.758,63.9
17.76,55.1
17.762,51.1
17.764,51.5
17.766,55.6
17.768,59.2
17.77,58.5
17.772,53.2
17.774,43.6
17.776,29.5
17.778,13.4
17.78,-3.58
17.782,-13.8
17.784,-16.9
17.786,-12.3
17.788,-4.35
17.79,2.6
17.792,7.82
17.794,11.5
17.796,12.9
17.798,13.6
17.8,13.8
17.802,20.9
17.804,32.9
17.806,48.5
17.808,63.6
17.81,73.9
17.812,78.2
17.814,76.9
17.816,71
17.818,62.7
17.82,52.2
17.822,47.8
17.824,48.3
17.826,53.9
17.828,60.4
17.83,64.8
17.832,64.7
17.834,61.7
17.836,54.1
17.838,43.9
17.84,33.4
17.842,28.7
17.844,29.3
17.846,35.5
17.848,42.5
17.85,46.8
17.852,47.7
17.854,45
17.856,37.4
17.858,27.6
17.86,17.4
17.862,12
17.864,12.8
17.866,18.9
17.868,25.9
17.87,31.3
17.872,31.9
17.874,29
17.876,21.5
17.878,11.5
17.88,0.813
17.882,-4.28
17.884,-3.52
17.886,2.15
17.888,8.4
17.89,13
17.892,13.7
17.894,10.9
17.896,4.32
17.898,-5.43
17.9,-15.1
17.902,-18.9
17.904,-16.6
17.906,-7.98
17.908,0.559
17.91,7.57
17.912,10.8
17.914,11.5
17.916,8.9
17.918,4.38
17.92,0.559
17.922,3.11
17.924,10.8
17.926,24.6
17.928,38.9
17.93,52
17.932,61
17.934,65.7
17.936,66.1
17.938,62.7
17.94,58.3
17.942,56.9
17.944,58.9
17.946,65.1
17.948,69.6
17.95,71.2
17.952,66.9
17.954,57.7
17.956,44.1
17.958,28.3
17.96,11
17.962,0.75
17.964,-3.65
17.966,-1.29
17.968,2.02
17.97,6.8
17.972,9.35
17.974,9.8
17.976,7.12
17.978,1.32
17.98,-5.11
17.982,-5.37
17.984,-0.716
17.986,9.29
17.988,19.6
17.99,28.1
17.992,33.1
17.994,34.4
17.996,31.8
17.998,26.8
18,20.2
18.002,19.3
18.004,23.9
18.006,34.5
18.008,46.2
18.01,54.5
18.012,59.3
18.014,59.9
18.016,55.9
18.018,50.4
18.02,43.1
18.022,41.7
18.024,45.9
18.026,54.8
18.028,65.4
18.03,71.7
18.032,75.2
18.034,75.2
18.036,70.6
18.038,64
18.04,54.8
18.042,52.6
18.044,55
18.046,63.1
18.048,72.5
18.05,78.7
18.052,81.5
18.054,80.7
18.056,75.2
18.058,68.5
18.06,58.7
18.062,54.2
18.064,56.2
18.066,64.3
18.068,74.5
18.07,79.9
18.072,82.6
18.074,81.5
18.076,74.8
18.078,66.2
18.08,55.4
18.082,52
18.084,54.2
18.086,62.2
18.088,72.2
18.09,78.4
18.092,80.5
18.094,78.9
18.096,72.3
18.098,63.8
18.1,54
18.102,49.7
18.104,51.2
18.106,58.3
18.108,66.6
18.11,71.7
18.112,72.9
18.114,70.3
18.116,63.6
18.118,55
18.12,44.6
18.122,40.1
18.124,40.9
18.126,47.2
18.128,54.1
18.13,58.8
18.132,58.9
18.134,56.1
18.136,48.7
18.138,39.8
18.14,29
18.142,23.5
18.144,23.7
18.146,29
18.148,35.4
18.15,39
18.152,39
18.154,36.2
18.156,28.7
18.158,20.1
18.16,9.86
18.162,5.53
18.164,6.04
18.166,11.3
18.168,17.6
18.17,22.2
18.172,23.6
18.174,22.5
18.176,17.6
18.178,9.99
18.18,0.304
18.182,-4.54
18.184,-2.5
18.186,4.06
18.188,11.6
18.19,17.8
18.192,19.5
18.194,18.6
18.196,13.7
18.198,7.25
18.2,-0.588
18.202,-3.84
18.204,-1.86
18.206,5.21
18.208,13.2
18.21,18.8
18.212,21
18.214,20.5
18.216,16.4
18.218,9.67
18.22,1.58
18.222,-0.716
18.224,1.77
18.226,9.48
18.228,17.4
18.23,23.3
18.232,26.5
18.234,26.7
18.236,23
18.238,17.1
18.24,9.61
18.242,7.82
18.244,10.8
18.246,18.8
18.248,27.3
18.25,33.9
18.252,36.4
18.254,36.5
18.256,33.4
18.258,26.9
18.26,20.6
18.262,18.8
18.264,21.6
18.266,29.3
18.268,37.7
18.27,44
18.272,46.6
18.274,46.4
18.276,42.6
18.278,36.5
18.28,29.8
18.282,27.8
18.284,29.5
18.286,36.3
18.288,43.9
18.29,49.1
18.292,51.3
18.294,50.4
18.296,45.1
18.298,37.5
18.3,29.7
18.302,27.3
18.304,28.8
18.306,35.8
18.308,43.3
18.31,48.7
18.312,50.8
18.314,49.4
18.316,44.7
18.318,37.3
18.32,29.6
18.322,26.9
18.324,28.8
18.326,36.1
18.328,43.9
18.33,49
18.332,52
18.334,50.9
18.336,46.7
18.338,40.1
18.34,32.2
18.342,30.1
18.344,32.2
18.346,39.5
18.348,47.3
18.35,52.7
18.352,55.3
18.354,54.7
18.356,50.3
18.358,44.5
18.36,36.5
18.362,33.9
18.364,35.7
18.366,42.7
18.368,50.8
18.37,56
18.372,58.2
18.374,57.3
18.376,52.3
18.378,46.5
18.38,38.5
18.382,36.4
18.384,38.3
18.386,44.6
18.388,52.5
18.39,57.8
18.392,59.7
18.394,58.8
18.396,54.1
18.398,47.6
18.4,40.3
18.402,37.5
18.404,39.4
18.406,45.5
18.408,53.4
18.41,58.3
18.412,60.4
18.414,59.7
18.416,54.7
18.418,48.7
18.42,39.8
18.422,37.6
18.424,39
18.426,45.2
18.428,52.7
18.43,57.7
18.432,59.6
18.434,58.7
18.436,53.6
18.438,46.9
18.44,38.7
18.442,35.3
18.444,37.3
18.446,43.8
18.448,51.1
18.45,55.9
18.452,57.3
18.454,56.1
18.456,50.4
18.458,43.3
18.46,33.9
18.462,29.6
18.464,30.1
18.466,35.7
18.468,43
18.47,48.2
18.472,48.8
18.474,46.8
18.476,39.4
18.478,30.4
18.48,18.8
18.482,13.8
18.484,14
18.486,19.8
18.488,26.8
18.49,30.8
18.492,31.1
18.494,28.3
18.496,20.6
18.498,11.3
18.5,-0.206
18.502,-5.81
18.504,-5.11
18.506,0.941
18.508,8.46
18.51,13.6
18.512,14.5
18.514,12.5
18.516,5.4
18.518,-2.82
18.52,-14
18.522,-18.2
18.524,-16.5
18.526,-9
18.528,-0.0786
18.53,6.23
18.532,8.65
18.534,7.69
18.536,1.96
18.538,-5.75
18.54,-14.9
18.542,-17.8
18.544,-15.5
18.546,-7.53
18.548,1.32
18.55,8.4
18.552,11.4
18.554,10.9
18.556,5.91
18.558,-1.29
18.56,-9.44
18.562,-11.9
18.564,-8.62
18.566,-0.461
18.568,8.78
18.57,15.7
18.572,18.5
18.574,18.7
18.576,13.9
18.578,6.67
18.58,-1.1
18.582,-3.58
18.584,-1.61
18.586,5.72
18.588,13.6
18.59,19.9
18.592,22.5
18.594,21.8
18.596,17.8
18.598,10.9
18.6,3.62
18.602,0.813
18.604,3.62
18.606,11.5
18.608,19.6
18.61,25.6
18.612,28.2
18.614,28
18.616,24
18.618,17.4
18.62,9.86
18.622,6.67
18.624,9.03
18.626,17.4
18.628,26.4
18.63,33.4
18.632,36.2
18.634,35.9
18.636,31.7
18.638,25
18.64,16.6
18.642,14.1
18.644,16.6
18.646,25.5
18.648,35.4
18.65,42.8
18.652,46.2
18.654,46.4
18.656,42
18.658,35.7
18.66,27.8
18.662,25.5
18.664,28.3
18.666,37.6
18.668,47.9
18.67,56.4
18.672,60.7
18.674,59.4
18.676,52.3
18.678,41.1
18.68,40.3
18.682,35.1
18.684,38.5
18.686,50.6
18.688,64.5
18.69,74.9
18.692,75.4
18.694,74.1
18.696,66.7
18.698,54.9
18.7,47.5
18.702,42.2
18.704,45
18.706,57.4
18.708,71.3
18.71,81.8
18.712,85.9
18.714,84.4
18.716,76
18.718,63.6
18.72,48.4
18.722,42.6
18.724,45.5
18.726,57.5
18.728,71.6
18.73,81.4
18.732,85.7
18.734,83.3
18.736,74.7
18.738,61.8
18.74,46.2
18.742,44.2
18.744,46.8
18.746,58.7
18.748,67.5
18.75,71.8
18.752,73.1
18.754,69.9
18.756,62.7
18.758,52.2
18.76,40.3
18.762,35.1
18.764,36.7
18.766,44.4
18.768,58
18.77,61
18.772,62.3
18.774,58.8
18.776,49.7
18.778,39.7
18.78,25.7
18.782,23.9
18.784,25.2
18.786,33.6
18.788,43.7
18.79,51
18.792,53.8
18.794,51.8
18.796,44.6
18.798,35
18.8,23.4
18.802,19.3
18.804,21.3
18.806,30.8
18.808,41.7
18.81,49.6
18.812,52.8
18.814,51.6
18.816,45.7
18.818,37.4
18.82,27.2
18.822,24.1
18.824,27.1
18.826,36.5
18.828,47.8
18.83,56.1
18.832,60.4
18.834,60.1
18.836,55
18.838,46.9
18.84,37.1
18.842,34.1
18.844,37.6
18.846,48.1
18.848,60.3
18.85,68.6
18.852,73.3
18.854,73.3
18.856,68.3
18.858,60.2
18.86,50
18.862,46.4
18.864,49.2
18.866,58.7
18.868,69.8
18.87,76.9
18.872,80.1
18.874,78.5
18.876,72.2
18.878,62.6
18.88,50.5
18.882,44.9
18.884,44.6
18.886,51.5
18.888,58.7
18.89,62.5
18.892,61.5
18.894,56.1
18.896,45.9
18.898,33.4
18.9,18
18.902,9.54
18.904,6.36
18.906,9.8
18.908,14.9
18.91,17.3
18.912,17.2
18.914,13.2
18.916,6.04
18.918,-2.31
18.92,-12.2
18.922,-14.4
18.924,-10.8
18.926,0.622
18.928,14
18.93,26.3
18.932,34.9
18.934,40.8
18.936,42.3
18.938,42.2
18.94,39.7
18.942,42.7
18.944,49.8
18.946,61.7
18.948,74.1
18.95,82.9
18.952,86.6
18.954,85.7
18.956,80.6
18.958,73.1
18.96,63.2
18.962,58.7
18.964,58.5
18.966,63.8
18.968,71.1
18.97,75.9
18.972,76.9
18.974,74
18.976,67.5
18.978,58.1
18.98,47.2
18.982,41.8
18.984,41.5
18.986,46.4
18.988,53.1
18.99,57.1
18.992,56.9
18.994,52.6
18.996,44.5
18.998,33.8
19,21.2
19.002,13.9
19.004,11.8
19.006,15.8
19.008,21.2
19.01,23.9
19.012,23.4
19.014,19.9
19.016,12.1
19.018,2.72
19.02,-8.04
19.022,-12
19.024,-10.4
19.026,-1.93
19.028,8.4
19.03,17.1
19.032,23.6
19.034,27.8
19.036,28
19.038,27.3
19.04,25
19.042,28.5
19.044,37.4
19.046,51.5
19.048,66.4
19.05,78
19.052,83.9
19.054,86.9
19.056,83.1
19.058,75.9
19.06,65.2
19.062,58.8
19.064,55.7
19.066,57.2
19.068,59.2
19.07,57.6
19.072,52.5
19.074,43.8
19.076,31.1
19.078,17.1
19.08,1.96
19.082,-5.49
19.084,-7.09
19.086,-1.23
19.088,8.08
19.09,15.5
19.092,19.9
19.094,20.9
19.096,17.8
19.098,12.9
19.1,6.1
19.102,5.27
19.104,9.48
19.106,19.1
19.108,30.1
19.11,38.7
19.112,43.9
19.114,46.2
19.116,43.6
19.118,38.8
19.12,32.7
19.122,32.1
19.124,36.9
19.126,46.2
19.128,57.3
19.13,66
19.132,71.4
19.134,72.9
19.136,70.1
19.138,64.9
19.14,58.2
19.142,56.2
19.144,59.6
19.146,68
19.148,78
19.15,84.7
19.152,88.9
19.154,89.1
19.156,84.9
19.158,78.4
19.16,70.1
19.162,67.1
19.164,69.6
19.166,76.8
19.168,86
19.17,91.5
19.172,94
19.174,92.9
19.176,87.3
19.178,79.9
19.18,70.6
19.182,66.7
19.184,67.8
19.186,74
19.188,81.5
19.19,86.4
19.192,87.6
19.194,86.1
19.196,79.8
19.198,71.4
19.2,60.8
19.202,56.1
19.204,56.4
19.206,61.7
19.208,68.3
19.21,72.4
19.212,72.7
19.214,70.5
19.216,63.5
19.218,54.5
19.22,43.1
19.222,38
19.224,37.6
19.226,42.6
19.228,49.2
19.23,52.9
19.232,53.1
19.234,50.5
19.236,42.9
19.238,34.5
19.24,23.1
19.242,17.1
19.244,17.2
19.246,22.5
19.248,29.1
19.25,33.6
19.252,34.1
19.254,31.7
19.256,24.9
19.258,16
19.26,5.97
19.262,0.877
19.264,1.26
19.266,7.12
19.268,14.4
19.27,19.2
19.272,20.6
19.274,18.9
19.276,13.2
19.278,5.02
19.28,-4.28
19.282,-8.62
19.284,-7.09
19.286,0.0488
19.288,8.84
19.29,15.2
19.292,17.8
19.294,17.6
19.296,12.6
19.298,6.1
19.3,-2.18
19.302,-4.92
19.304,-2.18
19.306,6.29
19.308,16.2
19.31,24.1
19.312,27.8
19.314,28.9
19.316,25.3
19.318,20.1
19.32,12.7
19.322,10.8
19.324,14.5
19.326,23.6
19.328,34.5
19.33,43.2
19.332,47.1
19.334,47.8
19.336,44.3
19.338,38.5
19.34,32.4
19.342,30.8
19.344,34.5
19.346,43.4
19.348,54.6
19.35,62.9
19.352,67.3
19.354,68.4
19.356,65
19.358,59.9
19.36,53.2
19.362,50.8
19.364,54.1
19.366,62.9
19.368,73.3
19.37,81.2
19.372,84.3
19.374,84.7
19.376,80.1
19.378,73.7
19.38,65.3
19.382,61.7
19.384,64.5
19.386,71.9
19.388,81.2
19.39,88.1
19.392,90.2
19.394,89.3
19.396,83.6
19.398,75.5
19.4,65.7
19.402,61.5
19.404,63
19.406,70.4
19.408,79.2
19.41,86.3
19.412,89
19.414,88.1
19.416,81.7
19.418,72.7
19.42,62.1
19.422,56.6
19.424,58
19.426,67.4
19.428,77.7
19.43,85.9
19.432,88.6
19.434,87.5
19.436,80.9
19.438,71.4
19.44,60.5
19.442,56.6
19.444,58.7
19.446,67.3
19.448,77.4
19.45,84.9
19.452,87.5
19.454,86.7
19.456,80.4
19.458,71.2
19.46,59.3
19.462,54.4
19.464,56.3
19.466,65.1
19.468,75.5
19.47,83.3
19.472,86.2
19.474,85.3
19.476,78.7
19.478,69.6
19.48,58.3
19.482,53.6
19.484,56.1
19.486,65.3
19.488,75.4
19.49,82.8
19.492,86.1
19.494,85.2
19.496,79.2
19.498,70.5
19.5,60.1
19.502,55.9
19.504,58.3
19.506,66.8
19.508,76.8
19.51,84.5
19.512,87.2
19.514,86.5
19.516,80.9
19.518,72.6
19.52,62.7
19.522,58.2
19.524,60.4
19.526,68.5
19.528,78.2
19.53,85.1
19.532,87.9
19.534,87.1
19.536,81.3
19.538,73.1
19.54,62.7
19.542,58.5
19.544,59.4
19.546,67.3
19.548,76
19.55,82.7
19.552,84.6
19.554,82.9
19.556,76.6
19.558,67.6
19.56,56.8
19.562,51.5
19.564,51.8
19.566,59.1
19.568,67.4
19.57,73
19.572,74.1
19.574,71.6
19.576,64.6
19.578,54.5
19.58,43.2
19.582,37.4
19.584,37.1
19.586,43.7
19.588,50.9
19.59,55.7
19.592,56.4
19.594,53.2
19.596,45.9
19.598,36.4
19.6,24.6
19.602,19.2
19.604,18.8
19.606,24.7
19.608,31.1
19.61,35.7
19.612,35.7
19.614,32.2
19.616,25.3
19.618,15.8
19.62,5.34
19.622,-0.27
19.624,-0.652
19.626,5.34
19.628,12.2
19.63,17.2
19.632,18.1
19.634,16.2
19.636,10.5
19.638,2.02
19.64,-7.47
19.642,-12.2
19.644,-11.2
19.646,-4.41
19.648,3.81
19.65,10.2
19.652,12.5
19.654,11.3
19.656,6.36
19.658,-1.23
19.66,-10.1
19.662,-13.6
19.664,-11.5
19.666,-3.97
19.668,5.34
19.67,11.9
19.672,14.6
19.674,14.3
19.676,10.1
19.678,2.6
19.68,-5.88
19.682,-8.68
19.684,-6.7
19.686,1.07
19.688,9.8
19.69,16
19.692,19.8
19.694,19.4
19.696,15.1
19.698,8.71
19.7,0.622
19.702,-2.18
19.704,0.24
19.706,8.59
19.708,17.9
19.71,25.3
19.712,29
19.714,29.1
19.716,25.3
19.718,18.8
19.72,11.1
19.722,8.08
19.724,11.1
19.726,19.9
19.728,29.9
19.73,37.5
19.732,41.4
19.734,41.7
19.736,38.1
19.738,32.1
19.74,24.3
19.742,22.5
19.744,25.2
19.746,34.6
19.748,45
19.75,53.2
19.752,57.6
19.754,58.5
19.756,55.5
19.758,49.6
19.76,42.2
19.762,40.1
19.764,43.6
19.766,52.6
19.768,63
19.77,71.2
19.772,75.4
19.774,75.4
19.776,71.9
19.778,65.2
19.78,57.1
19.782,54.5
19.784,56.4
19.786,64.8
19.788,74
19.79,80.4
19.792,83.3
19.794,82.3
19.796,76.8
19.798,68.8
19.8,58.8
19.802,54.1
19.804,54.3
19.806,60.4
19.808,67.3
19.81,71.6
19.812,72.1
19.814,68.5
19.816,60.2
19.818,49.2
19.82,36.4
19.822,29
19.824,26.3
19.826,30.2
19.828,35
19.83,38.7
19.832,38.5
19.834,33.8
19.836,24.2
19.838,12.4
19.84,-1.23
19.842,-8.23
19.844,-9.32
19.846,-3.97
19.848,2.6
19.85,7.38
19.852,9.41
19.854,8.33
19.856,4.25
19.858,-2.75
19.86,-12
19.862,-15.5
19.864,-13.8
19.866,-4.86
19.868,4.95
19.87,11.9
19.872,15.7
19.874,15.4
19.876,9.92
19.878,1.83
19.88,-8.36
19.882,-12.4
19.884,-10.9
19.886,-2.24
19.888,7.82
19.89,15.7
19.892,19.7
19.894,19.2
19.896,13.8
19.898,5.59
19.9,-4.54
19.902,-8.62
19.904,-7.02
19.906,2.41
19.908,13.6
19.91,22.2
19.912,26.4
19.914,26.4
19.916,22
19.918,14.3
19.92,5.27
19.922,2.72
19.924,6.17
19.926,17.8
19.928,30.8
19.93,41.5
19.932,48.2
19.934,50.4
19.936,48
19.938,42.9
19.94,36.2
19.942,36
19.944,41.5
19.946,54.3
19.948,67.5
19.95,78.2
19.952,84.2
19.954,85
19.956,80.1
19.958,71.2
19.96,59.7
19.962,53.8
19.964,52.7
19.966,58.1
19.968,64.1
19.97,66.4
19.972,64
19.974,56.6
19.976,44
19.978,28.3
19.98,10.8
19.982,0.0488
19.984,-4.03
19.986,0.495
19.988,7.5
19.99,13
19.992,15
19.994,14
19.996,9.29
19.998,3.11
20,-4.22
20.002,-3.65
20.004,3.62
20.006,19.2
20.008,36.2
20.01,50.6
20.012,60.2
20.014,62.4
20.016,64.1
20.018,60.7
20.02,51.3
20.022,53.6
20.024,56.8
20.026,65.8
20.028,75.4
20.03,81.7
20.032,84.2
20.034,82.5
20.036,75.4
20.038,65.7
20.04,54.1
20.042,48.5
20.044,48.7
20.046,55.9
20.048,63.9
20.05,69.6
20.052,71.3
20.054,69.3
20.056,62.4
20.058,52.7
20.06,40.8
20.062,35.4
20.064,34.7
20.066,41.3
20.068,48.8
20.07,53.8
20.072,55.1
20.074,52
20.076,44.1
20.078,33
20.08,20
20.082,12.8
20.084,11.5
20.086,16.7
20.088,23.1
20.09,27.1
20.092,27.4
20.094,24
20.096,15.7
20.098,4.76
20.1,-8.17
20.102,-13.5
20.104,-13.3
20.106,-5.75
20.108,3.87
20.11,10.9
20.112,15.1
20.114,16.1
20.116,12.5
20.118,7.18
20.12,1.13
20.122,1.77
20.124,8.71
20.126,22.4
20.128,37.4
20.13,50.1
20.132,59.4
20.134,65
20.136,65.7
20.138,62.9
20.14,57.4
20.142,56.8
20.144,60.4
20.146,69.1
20.148,77.6
20.15,83
20.152,83.9
20.154,79.4
20.156,71
20.158,58.2
20.16,43.1
20.162,34.1
20.164,29.7
20.166,31.8
20.168,35
20.17,36.2
20.172,34.5
20.174,29.2
20.176,19.8
20.178,8.78
20.18,-4.09
20.182,-9.83
20.184,-10
20.186,-3.33
20.188,6.1
20.19,13.6
20.192,17.5
20.194,18
20.196,13.9
20.198,7.12
20.2,-0.779
20.202,-2.75
20.204,-0.461
20.206,8.27
20.208,18.1
20.21,25.4
20.212,29.5
20.214,29.7
20.216,25.9
20.218,19.7
20.22,11.4
20.222,8.84
20.224,10.9
20.226,19
20.228,27.8
20.23,34.4
20.232,38.7
20.234,38.3
20.236,33.6
20.238,26.9
20.24,18
20.242,15.1
20.244,16.6
20.246,24.5
20.248,32.9
20.25,39
20.252,42.7
20.254,41.7
20.256,37
20.258,29.6
20.26,20
20.262,16.1
20.264,18
20.266,25.5
20.268,34.8
20.27,41.2
20.272,44.6
20.274,44.1
20.276,39.5
20.278,32.2
20.28,22.8
20.282,19
20.284,21.1
20.286,29.1
20.288,37.8
20.29,43.4
20.292,46.6
20.294,45.9
20.296,41.8
20.298,34.8
20.3,25.5
20.302,21.8
20.304,23.7
20.306,30.8
20.308,39.9
20.31,46.2
20.312,48.7
20.314,47.6
20.316,42.7
20.318,35.5
20.32,26.2
20.322,22.3
20.324,23.8
20.326,30.8
20.328,39.4
20.33,45.3
20.332,48.1
20.334,47.5
20.336,42.7
20.338,35.3
20.34,26.2
20.342,22.5
20.344,23.6
20.346,30.4
20.348,38.9
20.35,45
20.352,47.8
20.354,46.9
20.356,41.5
20.358,34.1
20.36,24.3
20.362,20.3
20.364,21.5
20.366,28.3
20.368,36.4
20.37,42.2
20.372,44.8
20.374,43.8
20.376,38.1
20.378,30.8
20.38,20.6
20.382,16.4
20.384,17.5
20.386,24.5
20.388,33.1
20.39,38.8
20.392,41.8
20.394,40.7
20.396,35.5
20.398,28.2
20.4,18.3
20.402,14.3
20.404,15.5
20.406,23.3
20.408,32.4
20.41,39.3
20.412,42.3
20.414,41.7
20.416,37.3
20.418,29.5
20.42,20.9
20.422,18
20.424,20.1
20.426,28.5
20.428,38
20.43,45.5
20.432,49.3
20.434,50.1
20.436,45.8
20.438,40.1
20.44,32
20.442,30.6
20.444,32.6
20.446,41.4
20.448,51
20.45,57.8
20.452,62
20.454,62
20.456,58.2
20.458,52
20.46,44.4
20.462,41.7
20.464,44.1
20.466,53.2
20.468,63.3
20.47,70.6
20.472,75
20.474,75.4
20.476,71.4
20.478,65.4
20.48,56.8
20.482,53.8
20.484,55.7
20.486,64.3
20.488,74
20.49,80.8
20.492,84
20.494,83
20.496,78
20.498,70.4
20.5,60.3
20.502,55.8
20.504,57
20.506,64.3
20.508,73.1
20.51,78.5
20.512,80.1
20.514,78
20.516,71.7
20.518,62.3
20.52,50.4
20.522,44.5
20.524,43.8
20.526,49.4
20.528,56.2
20.53,60.4
20.532,61
20.534,58
20.536,50.4
20.538,40.6
20.54,28.8
20.542,22.7
20.544,21.8
20.546,27.3
20.548,34.1
20.55,37.8
20.552,38.5
20.554,35.7
20.556,28.3
20.558,19
20.56,7.89
20.562,1.96
20.564,2.02
20.566,7.69
20.568,15.1
20.57,19.9
20.572,21.2
20.574,19.2
20.576,13.2
20.578,5.53
20.58,-4.86
20.582,-9.32
20.584,-8.23
20.586,-1.48
20.588,6.67
20.59,12.2
20.592,14.9
20.594,14.2
20.596,9.16
20.598,2.41
20.6,-6.26
20.602,-8.74
20.604,-7.41
20.606,0.431
20.608,9.73
20.61,16.8
20.612,20.6
20.614,20.4
20.616,16.9
20.618,11.3
20.62,3.74
20.622,1.9
20.624,4.13
20.626,12.3
20.628,22
20.63,29.4
20.632,33.1
20.634,33.6
20.636,29.6
20.638,23.6
20.64,15.7
20.642,12.8
20.644,14.8
20.646,22.1
20.648,31.1
20.65,37.2
20.652,40.3
20.654,39.5
20.656,34.3
20.658,27.2
20.66,18.2
20.662,14.8
20.664,16.3
20.666,22.7
20.668,31.3
20.67,36.7
20.672,39.3
20.674,38.5
20.676,33
20.678,26
20.68,17.2
20.682,13.4
20.684,14.6
20.686,21.4
20.688,29.7
20.69,34.8
20.692,37.8
20.694,37.4
20.696,32.2
20.698,25.9
20.7,16.2
20.702,12.6
20.704,15.8
20.706,23
20.708,31.4
20.71,37.5
20.712,40.5
20.714,40.1
20.716,35.2
20.718,28.8
20.72,20.4
20.722,17.5
20.724,19.4
20.726,26.3
20.728,34.9
20.73,40.8
20.732,43.3
20.734,43.2
20.736,39
20.738,32.5
20.74,24.1
20.742,20.9
20.744,22.3
20.746,29
20.748,36.7
20.75,42.4
20.752,44.8
20.754,43.9
20.756,38.7
20.758,31.5
20.76,22.4
20.762,18.8
20.764,20
20.766,26.2
20.768,34.1
20.77,39.3
20.772,40.9
20.774,39.9
20.776,33.9
20.778,25.9
20.78,16
20.782,12.2
20.784,13.1
20.786,18.9
20.788,26.3
20.79,31.2
20.792,33.2
20.794,32.4
20.796,26.2
20.798,18.5
20.8,8.71
20.802,4
20.804,4.83
20.806,10.9
20.808,18.7
20.81,23.8
20.812,25.9
20.814,24.8
20.816,18.1
20.818,9.73
20.82,-1.23
20.822,-5.88
20.824,-5.3
20.826,1.39
20.828,9.99
20.83,16.1
20.832,18.5
20.834,16.9
20.836,10.6
20.838,2.41
20.84,-8.11
20.842,-12.7
20.844,-11.7
20.846,-4.67
20.848,3.81
20.85,9.92
20.852,12.5
20.854,11.8
20.856,6.17
20.858,-0.652
20.86,-9.83
20.862,-12.7
20.864,-10.7
20.866,-2.44
20.868,7.57
20.87,14.8
20.872,19.6
20.874,20.8
20.876,17.6
20.878,13
20.88,6.61
20.882,5.85
20.884,10.5
20.886,20.7
20.888,32.2
20.89,41.6
20.892,47.8
20.894,50.6
20.896,48.7
20.898,45
20.9,39.7
20.902,39.5
20.904,44.1
20.906,53.7
20.908,64.5
20.91,73
20.912,77.9
20.914,79.1
20.916,75.2
20.918,69.9
20.92,61.9
20.922,59
20.924,60.8
20.926,67.3
20.928,74.8
20.93,80.1
20.932,81.7
20.934,79.6
20.936,73.1
20.938,64
20.94,53.2
20.942,47.5
20.944,46.4
20.946,50.1
20.948,55.1
20.95,57.9
20.952,57.5
20.954,53.6
20.956,45.7
20.958,36.4
20.96,24.8
20.962,18.9
20.964,17.8
20.966,22.2
20.968,28.1
20.97,31.5
20.972,32.4
20.974,30.1
20.976,23
20.978,14.6
20.98,4
20.982,-0.461
20.984,-0.333
20.986,6.04
20.988,14.5
20.99,20.4
20.992,23.4
20.994,22.9
20.996,17.1
20.998,9.73
21,0.495
21.002,-2.37
21.004,-0.0786
21.006,8.59
21.008,19.5
21.01,28
21.012,33
21.014,34.3
21.016,31.3
21.018,26.9
21.02,20.7
21.022,20.2
21.024,25.8
21.026,37
21.028,49.4
21.03,59.5
21.032,66.3
21.034,69.2
21.036,67.6
21.038,63.4
21.04,57.1
21.042,55.8
21.044,58.5
21.046,66.3
21.048,74.8
21.05,79.8
21.052,82
21.054,79.5
21.056,72.2
21.058,62.7
21.06,49.5
21.062,41.8
21.064,38.8
21.066,40.4
21.068,42.7
21.07,42.6
21.072,39
21.074,32.5
21.076,21.3
21.078,9.35
21.08,-4.16
21.082,-11
21.084,-12.1
21.086,-5.69
21.088,2.98
21.09,10.4
21.092,15.3
21.094,18.5
21.096,17.9
21.098,16.4
21.1,13.2
21.102,16.2
21.104,24.1
21.106,37.4
21.108,52.2
21.11,64
21.112,71.7
21.114,75.5
21.116,74.1
21.118,69.3
21.12,62
21.122,59.3
21.124,61.5
21.126,68.9
21.128,77.3
21.13,83.4
21.132,85.2
21.134,83.7
21.136,76.8
21.138,68.4
21.14,57.8
21.142,52.9
21.144,53.8
21.146,59.7
21.148,67.6
21.15,72.3
21.152,73.8
21.154,71.4
21.156,64.4
21.158,55.2
21.16,43.6
21.162,37.6
21.164,37.2
21.166,41.9
21.168,48.2
21.17,52
21.172,51.9
21.174,48.2
21.176,39.7
21.178,29
21.18,16.4
21.182,9.86
21.184,8.71
21.186,12.7
21.188,18.4
21.19,21.5
21.192,21.6
21.194,18.9
21.196,11.7
21.198,3.3
21.2,-6.64
21.202,-10.7
21.204,-9.64
21.206,-2.12
21.208,7.18
21.21,14.1
21.212,19
21.214,21.1
21.216,19.8
21.218,17
21.22,13.2
21.222,15.1
21.224,22.2
21.226,33.8
21.228,47.3
21.23,57.6
21.232,65.5
21.234,69.5
21.236,68.9
21.238,66.4
21.24,61.3
21.242,60.8
21.244,64.1
21.246,72.1
21.248,81
21.25,87.3
21.252,89.5
21.254,88.4
21.256,83.5
21.258,76.6
21.26,67.2
21.262,62.9
21.264,62.9
21.266,67.6
21.268,74
21.27,77.8
21.272,78
21.274,75.2
21.276,68.4
21.278,59.9
21.28,49.3
21.282,43.9
21.284,42.5
21.286,46.4
21.288,51.8
21.29,54.3
21.292,54.3
21.294,50.9
21.296,43.9
21.298,35.2
21.3,24.5
21.302,19.1
21.304,17.8
21.306,21.9
21.308,27.6
21.31,31.4
21.312,31.7
21.314,29.2
21.316,23.1
21.318,14.7
21.32,4.76
21.322,0.431
21.324,0.495
21.326,5.91
21.328,13.7
21.33,18.7
21.332,21.8
21.334,21.3
21.336,16.6
21.338,10.2
21.34,1.39
21.342,-2.24
21.344,-1.48
21.346,5.15
21.348,13
21.35,18.7
21.352,21.4
21.354,19.9
21.356,15
21.358,7.44
21.36,-2.12
21.362,-5.56
21.364,-3.65
21.366,4
21.368,12.7
21.37,19.6
21.372,22.5
21.374,22.2
21.376,17.6
21.378,10.5
21.38,1.45
21.382,-2.24
21.384,-1.1
21.386,6.04
21.388,14.3
21.39,19.7
21.392,21.9
21.394,20.7
21.396,15.4
21.398,7.95
21.4,-0.333
21.402,-3.71
21.404,-2.56
21.406,4.83
21.408,12.5
21.41,18.7
21.412,21.4
21.414,20.2
21.416,15.9
21.418,8.71
21.42,-0.0149
21.422,-3.01
21.424,-1.74
21.426,5.91
21.428,14.1
21.43,20.1
21.432,22.9
21.434,22.3
21.436,17.9
21.438,10.6
21.44,2.53
21.442,-0.525
21.444,1.13
21.446,8.59
21.448,17
21.45,23
21.452,26.2
21.454,25.6
21.456,21.4
21.458,14.6
21.46,7.12
21.462,3.87
21.464,5.59
21.466,13.5
21.468,21.6
21.47,28.1
21.472,31.1
21.474,30.5
21.476,27
21.478,20.8
21.48,13.1
21.482,10.7
21.484,12.9
21.486,20.7
21.488,29.4
21.49,35.5
21.492,39
21.494,39.2
21.496,35.8
21.498,29.7
21.5,22.2
21.502,20.2
21.504,22.6
21.506,30.6
21.508,39.7
21.51,45.9
21.512,49.4
21.514,49.4
21.516,46
21.518,40.4
21.52,32.9
21.522,31
21.524,33.8
21.526,41.8
21.528,51.1
21.53,58.2
21.532,61.7
21.534,61.7
21.536,58
21.538,52
21.54,45.1
21.542,42.3
21.544,45
21.546,53.6
21.548,62.7
21.55,69.8
21.552,73.1
21.554,73.4
21.556,69.9
21.558,63.5
21.56,56.4
21.562,53.6
21.564,56
21.566,64.1
21.568,72.9
21.57,79.7
21.572,82.4
21.574,82.4
21.576,78.2
21.578,71.7
21.58,63.7
21.582,60.8
21.584,62.9
21.586,70.1
21.588,78.4
21.59,84.5
21.592,86.6
21.594,85.8
21.596,80.8
21.598,74
21.6,65.5
21.602,61.8
21.604,63.7
21.606,70.8
21.608,78
21.61,84.1
21.612,86.1
21.614,85.3
21.616,80.3
21.618,73.6
21.62,65
21.622,61.2
21.624,63.1
21.626,70.1
21.628,77.4
21.63,83.6
21.632,85.6
21.634,84.6
21.636,79.9
21.638,72.6
21.64,64.5
21.642,61.2
21.644,63
21.646,69.6
21.648,76.8
21.65,82.7
21.652,85
21.654,84.1
21.656,79.4
21.658,72.4
21.66,63.7
21.662,60.6
21.664,62.5
21.666,69
21.668,76.7
21.67,82.3
21.672,84.2
21.674,84
21.676,79.1
21.678,71.8
21.68,63.5
21.682,60.4
21.684,62.5
21.686,68.6
21.688,76.6
21.69,82.6
21.692,84.3
21.694,84
21.696,78.9
21.698,72
21.7,63.8
21.702,60
21.704,62
21.706,68.3
21.708,76.2
21.71,81.9
21.712,83.7
21.714,83.3
21.716,77.8
21.718,70.4
21.72,61.8
21.722,57.5
21.724,58.6
21.726,64.8
21.728,71.5
21.73,76.4
21.732,77.2
21.734,74.9
21.736,68.7
21.738,60.3
21.74,49.6
21.742,44.4
21.744,44.2
21.746,49
21.748,54.6
21.75,57.8
21.752,57.5
21.754,54.6
21.756,46.6
21.758,37.1
21.76,25.5
21.762,19.5
21.764,18.7
21.766,22.5
21.768,28.1
21.77,31.9
21.772,31.9
21.774,28.8
21.776,21.2
21.778,11.6
21.78,0.495
21.782,-5.18
21.784,-4.79
21.786,0.813
21.788,8.08
21.79,13
21.792,14.3
21.794,13
21.796,6.1
21.798,-0.397
21.8,-8.36
21.802,-10.8
21.804,-8.68
21.806,-1.48
21.808,7.18
21.81,13.5
21.812,16.3
21.814,15.6
21.816,10.9
21.818,4.38
21.82,-3.52
21.822,-6.96
21.824,-4.98
21.826,1.64
21.828,9.41
21.83,15.3
21.832,17.8
21.834,16.4
21.836,12.2
21.838,5.91
21.84,-2.82
21.842,-5.3
21.844,-3.84
21.846,3.43
21.848,11.3
21.85,16.7
21.852,19.2
21.854,19
21.856,14.4
21.858,8.08
21.86,-0.461
21.862,-2.69
21.864,-0.843
21.866,6.23
21.868,13.9
21.87,19.2
21.872,21.8
21.874,21.2
21.876,17.3
21.878,10.8
21.88,2.09
21.882,-0.27
21.884,1.26
21.886,8.33
21.888,15.9
21.89,21.3
21.892,23.7
21.894,22.9
21.896,18.6
21.898,11.9
21.9,3.81
21.902,0.75
21.904,2.02
21.906,8.97
21.908,16.6
21.91,22
21.912,24.5
21.914,23.9
21.916,19.2
21.918,12.5
21.92,4
21.922,1.39
21.924,2.85
21.926,9.29
21.928,17
21.93,22.7
21.932,24.8
21.934,23.7
21.936,19.4
21.938,12.6
21.94,4.64
21.942,1.39
21.944,1.83
21.946,7.57
21.948,14.3
21.95,18.5
21.952,20.2
21.954,17.8
21.956,12.8
21.958,4.76
21.96,-4.41
21.962,-8.11
21.964,-7.41
21.966,-1.23
21.968,6.29
21.97,11.8
21.972,14.7
21.974,13.5
21.976,8.84
21.978,1.71
21.98,-6.39
21.982,-9.64
21.984,-8.49
21.986,-2.12
21.988,5.27
21.99,10.6
21.992,12.5
21.994,11.5
21.996,6.87
21.998,-0.142
22,-8.55
22.002,-12.1
22.004,-10.7
22.006,-3.71
22.008,3.87
22.01,9.16
22.012,11.2
22.014,10.2
22.016,5.34
22.018,-1.99
22.02,-10.4
22.022,-14.2
22.024,-12.7
22.026,-5.81
22.028,1.77
22.03,6.99
22.032,9.1
22.034,7.69
22.036,2.41
22.038,-6.13
22.04,-15.7
22.042,-18.3
22.044,-17.3
22.046,-9
22.048,-0.588
22.05,5.97
22.052,8.46
22.054,7.69
22.056,2.72
22.058,-5.18
22.06,-14.8
22.062,-18.7
22.064,-17.3
22.066,-8.81
22.068,1
22.07,7.76
22.072,10.7
22.074,9.92
22.076,4.32
22.078,-3.84
22.08,-13.7
22.082,-17.7
22.084,-15.8
22.086,-7.6
22.088,1.58
22.09,8.14
22.092,11
22.094,10.6
22.096,5.72
22.098,-1.99
22.1,-10.5
22.102,-12.6
22.104,-8.36
22.106,2.34
22.108,14.1
22.11,24.4
22.112,30.7
22.114,34.6
22.116,34.1
22.118,31.8
22.12,28.7
22.122,31.7
22.124,39.9
22.126,53.2
22.128,66.4
22.13,76.9
22.132,81.9
22.134,82
22.136,75.7
22.138,65.9
22.14,52.5
22.142,42.7
22.144,38
22.146,37.8
22.148,38.4
22.15,36.9
22.152,30.9
22.154,23.1
22.156,12.1
22.158,1.13
22.16,-8.81
22.162,-11
22.164,-5.24
22.166,8.14
22.168,25.4
22.17,41.2
22.172,53.5
22.174,63
22.176,66.9
22.178,67.3
22.18,64.7
22.182,65
22.184,69
22.186,75.9
22.188,84.5
22.19,89.6
22.192,90.8
22.194,88.5
22.196,81.9
22.198,73.2
22.2,62.1
22.202,57.1
22.204,57.6
22.206,62.9
22.208,69.8
22.21,73.6
22.212,74.7
22.214,72.6
22.216,65.5
22.218,57.1
22.22,46.6
22.222,41.3
22.224,41.5
22.226,46
22.228,52
22.23,55.1
22.232,55.2
22.234,51.8
22.236,43.8
22.238,34.1
22.24,22.4
22.242,16.5
22.244,15.7
22.246,19.7
22.248,25.7
22.25,28.8
22.252,29
22.254,25.7
22.256,18
22.258,9.1
22.26,-1.42
22.262,-6.13
22.264,-4.98
22.266,3.11
22.268,13.4
22.27,21.9
22.272,27.4
22.274,29.6
22.276,28
22.278,25.3
22.28,21.5
22.282,23.7
22.284,31.3
22.286,44.7
22.288,59.6
22.29,70.9
22.292,77.8
22.294,80.7
22.296,78.6
22.298,73.1
22.3,64.1
22.302,60.7
22.304,60.7
22.306,65.9
22.308,70.9
22.31,71.8
22.312,68.5
22.314,60.9
22.316,49.2
22.318,35.2
22.32,19.8
22.322,10.6
22.324,7.44
22.326,11
22.328,17.2
22.33,22.7
22.332,25.2
22.334,24.4
22.336,18.7
22.338,11.6
22.34,2.85
22.342,1.83
22.344,6.67
22.346,15.8
22.348,26.1
22.35,34.2
22.352,38.2
22.354,38.8
22.356,35.1
22.358,29.9
22.36,22.4
22.362,21.1
22.364,24.3
22.366,33.2
22.368,42.9
22.37,50.4
22.372,54.7
22.374,54.7
22.376,51.3
22.378,45.9
22.38,39
22.382,36.2
22.384,39.4
22.386,47.3
22.388,56.1
22.39,63
22.392,65.6
22.394,65.3
22.396,61.1
22.398,54.1
22.4,46.6
22.402,44.3
22.404,46.6
22.406,54.3
22.408,62.2
22.41,68.5
22.412,70.6
22.414,69.9
22.416,65.3
22.418,59.1
22.42,51.1
22.422,48.1
22.424,50.2
22.426,57.3
22.428,65.8
22.43,72
22.432,75
22.434,74.2
22.436,69.6
22.438,62.1
22.44,54
22.442,50.4
22.444,52
22.446,58.9
22.448,66.8
22.45,72.7
22.452,74.1
22.454,73
22.456,67.3
22.458,59.7
22.46,49.5
22.462,47.1
22.464,49.2
22.466,56.6
22.468,65.2
22.47,71.3
22.472,73.6
22.474,72.6
22.476,67.1
22.478,59.6
22.48,50.6
22.482,47.5
22.484,49.7
22.486,57.1
22.488,65.8
22.49,72.4
22.492,74.4
22.494,73.5
22.496,68.3
22.498,60.9
22.5,52.3
22.502,49.3
22.504,51.7
22.506,59.1
22.508,67.9
22.51,73.8
22.512,76.1
22.514,75.4
22.516,70.3
22.518,63.5
22.52,55.2
22.522,52.2
22.524,54.8
22.526,62.2
22.528,71.1
22.53,77.1
22.532,79.3
22.534,79.3
22.536,74.2
22.538,67.3
22.54,59.7
22.542,57.1
22.544,59.3
22.546,66.9
22.548,75.7
22.55,81.7
22.552,84.3
22.554,83.9
22.556,79.4
22.558,72.9
22.56,65.9
22.562,62.9
22.564,65.5
22.566,72.4
22.568,80.7
22.57,86.1
22.572,87.8
22.574,86.7
22.576,81.6
22.578,74.7
22.58,66.3
22.582,63.4
22.584,65.5
22.586,72
22.588,79.7
22.59,85
22.592,86.4
22.594,85.5
22.596,79.9
22.598,72.7
22.6,63.8
22.602,60.9
22.604,62.9
22.606,69
22.608,77.1
22.61,82
22.612,83.8
22.614,82.4
22.616,77
22.618,69.9
22.62,61.3
22.622,58.5
22.624,60.4
22.626,67.9
22.628,77.9
22.63,82.2
22.632,83.5
22.634,81.5
22.636,76
22.638,68.6
22.64,59.9
22.642,56.6
22.644,57.3
22.646,63.8
22.648,71.8
22.65,76.1
22.652,77.5
22.654,75.5
22.656,69
22.658,60.8
22.66,51.1
22.662,46.8
22.664,47.8
22.666,53.8
22.668,61.1
22.67,65.5
22.672,66.5
22.674,64
22.676,57.4
22.678,48.6
22.68,38.3
22.682,34.3
22.684,34.3
22.686,40.4
22.688,47.8
22.69,51.2
22.692,52
22.694,49.4
22.696,42.7
22.698,33.6
22.7,24.3
22.702,20
22.704,20.8
22.706,26.7
22.708,34.4
22.71,38.6
22.712,39.9
22.714,38.1
22.716,32.5
22.718,24.2
22.72,14.5
22.722,10.5
22.724,11.6
22.726,18.1
22.728,26.3
22.73,31.3
22.732,32.9
22.734,30.7
22.736,24.9
22.738,16.4
22.74,7.82
22.742,3.68
22.744,5.02
22.746,12.2
22.748,20.8
22.75,26
22.752,27.8
22.754,25.2
22.756,19.2
22.758,10.4
22.76,1.26
22.762,-2.5
22.764,-1.1
22.766,5.66
22.768,13.9
22.77,19
22.772,20.6
22.774,18.8
22.776,13.1
22.778,4.89
22.78,-3.46
22.782,-7.02
22.784,-4.92
22.786,2.98
22.788,11
22.79,17.2
22.792,19.3
22.794,17.8
22.796,12.2
22.798,4.13
22.8,-4.22
22.802,-7.72
22.804,-5.49
22.806,2.34
22.808,9.73
22.81,15.8
22.812,17.4
22.814,15.8
22.816,11
22.818,2.28
22.82,-5.56
22.822,-8.68
22.824,-6.19
22.826,0.813
22.828,8.65
22.83,14.8
22.832,16.9
22.834,15.8
22.836,10.4
22.838,2.6
22.84,-6.07
22.842,-8.81
22.844,-6.26
22.846,1.07
22.848,9.1
22.85,15.3
22.852,17.6
22.854,16.6
22.856,11.4
22.858,4.06
22.86,-4.03
22.862,-7.09
22.864,-4.28
22.866,3.49
22.868,11.8
22.87,17.6
22.872,20.2
22.874,18.8
22.876,13.3
22.878,5.97
22.88,-3.14
22.882,-6
22.884,-3.97
22.886,3.04
22.888,11.3
22.89,17.1
22.892,19.2
22.894,18.2
22.896,12.6
22.898,5.66
22.9,-2.5
22.902,-5.11
22.904,-2.63
22.906,4.51
22.908,12.9
22.91,19.1
22.912,21
22.914,19.9
22.916,14.9
22.918,8.4
22.92,0.622
22.922,-1.54
22.924,1.39
22.926,8.33
22.928,15.8
22.93,22.2
22.932,24.8
22.934,23.9
22.936,19.9
22.938,13.7
22.94,6.93
22.942,4.83
22.944,8.33
22.946,16.2
22.948,24.5
22.95,30.7
22.952,32.7
22.954,32
22.956,28
22.958,22
22.96,14.8
22.962,13
22.964,16.1
22.966,22.9
22.968,30.4
22.97,37.1
22.972,39.2
22.974,38.5
22.976,34.2
22.978,28.8
22.98,21.6
22.982,19.2
22.984,22.2
22.986,29.6
22.988,37.4
22.99,43.1
22.992,45
22.994,44.4
22.996,40.1
22.998,34.1
23,26.2
23.002,23.7
23.004,26.6
23.006,33.2
23.008,40.6
23.01,46
23.012,47.2
23.014,45.9
23.016,40.9
23.018,33.7
23.02,25.5
23.022,22.5
23.024,24.3
23.026,30.1
23.028,36.2
23.03,41.1
23.032,41.8
23.034,39.7
23.036,33.6
23.038,25.9
23.04,16.2
23.042,12.4
23.044,13.2
23.046,18.7
23.048,23.9
23.05,28
23.052,28.4
23.054,26
23.056,19.5
23.058,11.3
23.06,3.04
23.062,0.0488
23.064,1.64
23.066,7.57
23.068,15.8
23.07,21.7
23.072,24.4
23.074,23.2
23.076,17.8
23.078,10.6
23.08,2.34
23.082,-0.588
23.084,1.39
23.086,8.27
23.088,15.5
23.09,21.5
23.092,23.3
23.094,21.5
23.096,15.5
23.098,7.12
23.1,-1.67
23.102,-4.35
23.104,-2.37
23.106,5.53
23.108,12.8
23.11,17.3
23.112,17.9
23.114,14.4
23.116,8.33
23.118,1.07
23.12,-9.19
23.122,-12.5
23.124,-10.3
23.126,-1.8
23.128,8.71
23.13,15.7
23.132,18.1
23.134,16.3
23.136,9.99
23.138,1.2
23.14,-8.87
23.142,-12
23.144,-9.57
23.146,-1.1
23.148,7.82
23.15,14.1
23.152,16.7
23.154,14.7
23.156,7.69
23.158,-2.69
23.16,-14.2
23.162,-18.4
23.164,-16.2
23.166,-6.32
23.168,5.34
23.17,13
23.172,16.2
23.174,14.8
23.176,8.2
23.178,-1.67
23.18,-9.64
23.182,-11.7
23.184,-8.3
23.186,1.51
23.188,11.8
23.19,19.5
23.192,22.6
23.194,21.8
23.196,16.4
23.198,8.52
23.2,0.941
23.202,-0.27
23.204,5.46
23.206,17.5
23.208,30.6
23.21,41.2
23.212,47.3
23.214,50.3
23.216,48.2
23.218,43.1
23.22,38.5
23.222,39.9
23.224,47
23.226,60.3
23.228,73.4
23.23,82.7
23.232,86.8
23.234,86.9
23.236,80.7
23.238,70.8
23.24,60.3
23.242,54.1
23.244,53.1
23.246,56.1
23.248,59.4
23.25,59.1
23.252,54.7
23.254,46.5
23.256,33.8
23.258,19.5
23.26,5.85
23.262,-1.61
23.264,-0.971
23.266,5.66
23.268,15
23.27,22.2
23.272,26.2
23.274,27.8
23.276,26.7
23.278,24
23.28,22.2
23.282,26
23.284,36.1
23.286,50.7
23.288,66.9
23.29,78.1
23.292,85.7
23.294,89.1
23.296,87
23.298,81.5
23.3,75.1
23.302,72
23.304,75.2
23.306,81.9
23.308,89.5
23.31,94.7
23.312,95.6
23.314,93.1
23.316,86.8
23.318,77.5
23.32,68.7
23.322,65
23.324,67.1
23.326,72.7
23.328,79.1
23.33,83.6
23.332,84.2
23.334,81.5
23.336,74.2
23.338,65
23.34,55.1
23.342,50.9
23.344,51.2
23.346,56.1
23.348,61.2
23.35,64.7
23.352,64.3
23.354,60.2
23.356,51.7
23.358,41.1
23.36,30.6
23.362,25.7
23.364,25.2
23.366,30
23.368,34.7
23.37,38.3
23.372,38.1
23.374,35.2
23.376,28
23.378,19.4
23.38,10.4
23.382,7.38
23.384,9.92
23.386,17.7
23.388,27.3
23.39,34.1
23.392,38.7
23.394,40.4
23.396,38.8
23.398,35.2
23.4,32
23.402,34.7
23.404,41.8
23.406,54.8
23.408,68.2
23.41,77.8
23.412,83.8
23.414,85.4
23.416,82.2
23.418,76.4
23.42,68.8
23.422,65.2
23.424,66.1
23.426,70.8
23.428,75.2
23.43,76.4
23.432,73.6
23.434,66.8
23.436,55.9
23.438,42.7
23.44,29.1
23.442,22.2
23.444,20.7
23.446,24.6
23.448,30.6
23.45,35.2
23.452,37.2
23.454,35.1
23.456,29.2
23.458,21.2
23.46,13
23.462,9.8
23.464,12.3
23.466,19.8
23.468,27.5
23.47,33.4
23.472,36.4
23.474,36
23.476,31.8
23.478,25.1
23.48,19.1
23.482,17.9
23.484,21.7
23.486,30.6
23.488,39.4
23.49,45.9
23.492,49.1
23.494,48.2
23.496,43.3
23.498,35.8
23.5,28.8
23.502,26.9
23.504,30.1
23.506,38.3
23.508,47.6
23.51,52.8
23.512,55.2
23.514,53.9
23.516,49
23.518,41.3
23.52,33.6
23.522,30.9
23.524,33.5
23.526,41.7
23.528,50.8
23.53,55.9
23.532,57.8
23.534,55.7
23.536,50.1
23.538,41.9
23.54,34.5
23.542,31.1
23.544,33.4
23.546,41.3
23.548,49
23.55,55
23.552,56.2
23.554,54.3
23.556,48.6
23.558,39.9
23.56,31.8
23.562,28.7
23.564,31.1
23.566,38.9
23.568,46.9
23.57,52.2
23.572,54.1
23.574,52.1
23.576,46
23.578,36.9
23.58,29
23.582,25.7
23.584,28.2
23.586,35.6
23.588,42.6
23.59,48.5
23.592,49.7
23.594,47.5
23.596,40.5
23.598,31.9
23.6,22.7
23.602,19.4
23.604,22.2
23.606,29.2
23.608,36.3
23.61,41.7
23.612,42.9
23.614,40.8
23.616,34.4
23.618,26
23.62,17.4
23.622,14
23.624,16.5
23.626,23.7
23.628,30.9
23.63,36.9
23.632,38.4
23.634,36.2
23.636,30.5
23.638,21.8
23.64,14
23.642,11
23.644,14.3
23.646,21.5
23.648,30.2
23.65,35.6
23.652,37.7
23.654,35.9
23.656,30.1
23.658,22.7
23.66,14.4
23.662,12.4
23.664,15.8
23.666,23.9
23.668,33.6
23.67,38.7
23.672,41
23.674,40.5
23.676,34.9
23.678,28.3
23.68,20.3
23.682,18.8
23.684,23.2
23.686,31.7
23.688,41.1
23.69,47.3
23.692,50.4
23.694,49.6
23.696,44.6
23.698,37.9
23.7,31.1
23.702,30
23.704,34
23.706,42.7
23.708,52.2
23.71,58.7
23.712,61.5
23.714,60.7
23.716,56.1
23.718,48.8
23.72,42.7
23.722,41
23.724,44.4
23.726,52.4
23.728,60.3
23.73,64.9
23.732,67.3
23.734,65.4
23.736,59.8
23.738,51.6
23.74,44.9
23.742,43.1
23.744,46.2
23.746,54
23.748,62.1
23.75,67.5
23.752,69.7
23.754,68.2
23.756,63.2
23.758,55.4
23.76,48.6
23.762,47.3
23.764,50.6
23.766,58.5
23.768,66.4
23.77,71.9
23.772,74.3
23.774,72.9
23.776,67.9
23.778,59.2
23.78,52.7
23.782,50.6
23.784,53.4
23.786,60.6
23.788,67.3
23.79,72.4
23.792,74.3
23.794,72.6
23.796,67.1
23.798,58.7
23.8,52
23.802,49.7
23.804,52.3
23.806,59.6
23.808,66.9
23.81,71.5
23.812,73
23.814,71.1
23.816,65.4
23.818,57.1
23.82,50.1
23.822,47.5
23.824,50.1
23.826,56.9
23.828,64.5
23.83,69.1
23.832,70.1
23.834,67.3
23.836,61.7
23.838,53.4
23.84,46
23.842,43.2
23.844,45.8
23.846,52.5
23.848,58.6
23.85,63.6
23.852,64.3
23.854,62.1
23.856,55.9
23.858,47.4
23.86,39.4
23.862,36
23.864,38.7
23.866,44.8
23.868,51.3
23.87,55.1
23.872,55.4
23.874,52.8
23.876,46
23.878,36.8
23.88,28.4
23.882,24.6
23.884,26.2
23.886,32.2
23.888,37.9
23.89,41.7
23.892,41.9
23.894,38.3
23.896,30.7
23.898,21.5
23.9,12.8
23.902,8.59
23.904,10.5
23.906,16.2
23.908,22.4
23.91,26
23.912,26.4
23.914,23
23.916,16.5
23.918,7.63
23.92,-0.652
23.922,-3.97
23.924,-1.48
23.926,5.4
23.928,12.9
23.93,17.9
23.932,19.4
23.934,18.1
23.936,13.5
23.938,7.25
23.94,0.495
23.942,-0.716
23.944,4.19
23.946,12.9
23.948,22.1
23.95,28.3
23.952,30.9
23.954,30.8
23.956,26
23.958,20.1
23.96,13.9
23.962,13
23.964,17.6
23.966,25.9
23.968,34.6
23.97,40.3
23.972,42.9
23.974,41.9
23.976,36.7
23.978,29.6
23.98,23
23.982,21.5
23.984,24.6
23.986,31.7
23.988,39
23.99,43.6
23.992,45
23.994,42.4
23.996,36.5
23.998,28.3
24,21.2
24.002,18.1
24.004,20.8
24.006,26.6
24.008,33
24.01,36.7
24.012,37.8
24.014,34.1
24.016,27.9
24.018,19.7
24.02,11.5
24.022,8.4
24.024,10.6
24.026,16.1
24.028,22.7
24.03,25.9
24.032,26.4
24.034,22.9
24.036,16.5
24.038,8.33
24.04,0.495
24.042,-2.31
24.044,-0.525
24.046,6.55
24.048,13.1
24.05,16.8
24.052,17.9
24.054,15
24.056,9.16
24.058,1.32
24.06,-5.49
24.062,-6.83
24.064,-3.58
24.066,3.87
24.068,10.6
24.07,15.7
24.072,17.1
24.074,15
24.076,9.73
24.078,1.83
24.08,-4.92
24.082,-6.7
24.084,-4.03
24.086,3.04
24.088,9.86
24.09,14.4
24.092,15.8
24.094,13.2
24.096,8.14
24.098,0.495
24.1,-6
24.102,-7.72
24.104,-4.73
24.106,2.47
24.108,9.61
24.11,14.2
24.112,16
24.114,11.8
24.116,4
24.118,-0.142
24.12,-7.28
24.122,-10.4
24.124,-4.98
24.126,4.32
24.128,10.7
24.13,14.5
24.132,15.8
24.134,13.5
24.136,8.27
24.138,0.559
24.14,-6.32
24.142,-8.23
24.144,-4.54
24.146,2.79
24.148,9.92
24.15,15
24.152,16.6
24.154,14.3
24.156,8.97
24.158,0.559
24.16,-6.7
24.162,-9.19
24.164,-5.75
24.166,2.79
24.168,10.5
24.17,16.6
24.172,17.6
24.174,15.2
24.176,8.65
24.178,-0.397
24.18,-7.66
24.182,-9.89
24.184,-6
24.186,2.41
24.188,11
24.19,16.6
24.192,18
24.194,15.9
24.196,8.46
24.198,-0.588
24.2,-9.06
24.202,-11.6
24.204,-7.79
24.206,0.686
24.208,9.35
24.21,14.8
24.212,16.6
24.214,13.9
24.216,6.61
24.218,-2.56
24.22,-11.3
24.222,-13.9
24.224,-9.44
24.226,-0.588
24.228,8.08
24.23,13.2
24.232,15.1
24.234,12.7
24.236,5.66
24.238,-3.58
24.24,-11.9
24.242,-13.8
24.244,-9.89
24.246,-1.23
24.248,7.69
24.25,13.2
24.252,15
24.254,12.5
24.256,5.59
24.258,-2.88
24.26,-11.3
24.262,-13.9
24.264,-9.64
24.266,-0.779
24.268,8.27
24.27,13.6
24.272,15.3
24.274,13.2
24.276,6.42
24.278,-2.63
24.28,-10.9
24.282,-12.8
24.284,-9.19
24.286,0.431
24.288,9.22
24.29,14.8
24.292,17.1
24.294,14.8
24.296,8.59
24.298,-0.333
24.3,-7.85
24.302,-9.19
24.304,-4.79
24.306,4.89
24.308,14.6
24.31,21.1
24.312,24.6
24.314,22.9
24.316,18.5
24.318,10.9
24.32,5.46
24.322,5.53
24.324,12.4
24.326,24.3
24.328,36.3
24.33,45.2
24.332,50.6
24.334,51.6
24.336,49.6
24.338,44.5
24.34,40.7
24.342,42.5
24.344,51
24.346,64
24.348,75.5
24.35,84.1
24.352,87.9
24.354,87.7
24.356,81.7
24.358,72.6
24.36,64.5
24.362,61.2
24.364,64.1
24.366,70.1
24.368,75.2
24.37,77.1
24.372,74.4
24.374,66.4
24.376,53.8
24.378,38.5
24.38,25
24.382,16.4
24.384,15.2
24.386,18.8
24.388,22.3
24.39,24.5
24.392,22.5
24.394,18
24.396,8.9
24.398,-0.716
24.4,-8.62
24.402,-10.2
24.404,-3.84
24.406,8.08
24.408,20.1
24.41,29.7
24.412,36
24.414,38.7
24.416,37.2
24.418,33.5
24.42,30.6
24.422,33.4
24.424,43.4
24.426,56.7
24.428,69
24.43,78
24.432,83.2
24.434,83.7
24.436,79.5
24.438,72.3
24.44,65.7
24.442,64.2
24.444,68.5
24.446,76.1
24.448,83.9
24.45,88.5
24.452,89.4
24.454,85.7
24.456,77.9
24.458,68.2
24.46,59
24.462,55.2
24.464,57.4
24.466,63.8
24.468,70.2
24.47,72.6
24.472,71.5
24.474,65.7
24.476,56
24.478,43.7
24.48,32.5
24.482,26.4
24.484,26.8
24.486,31.3
24.488,35.6
24.49,36
24.492,33.6
24.494,27.3
24.496,17.1
24.498,4.95
24.5,-5.05
24.502,-9
24.504,-6.13
24.506,1.71
24.508,10.2
24.51,16.3
24.512,20.7
24.514,20.3
24.516,18
24.518,13.4
24.52,12.5
24.522,16.4
24.524,26.6
24.526,42.2
24.528,56.2
24.53,68.2
24.532,75.4
24.534,77.5
24.536,75.4
24.538,69.6
24.54,64.5
24.542,63.1
24.544,67
24.546,74.3
24.548,79.4
24.55,80.6
24.552,77.6
24.554,69.2
24.556,57.1
24.558,41.8
24.56,28.1
24.562,19.7
24.564,17.8
24.566,20.8
24.568,23.7
24.57,24.6
24.572,22.7
24.574,17.8
24.576,9.92
24.578,1.58
24.58,-3.97
24.582,-4.79
24.584,1.2
24.586,10.9
24.588,20.2
24.59,27.1
24.592,29.9
24.594,29.4
24.596,23.8
24.598,16.7
24.6,11.1
24.602,10.1
24.604,16.2
24.606,26.2
24.608,36
24.61,42.7
24.612,45.7
24.614,44.8
24.616,39.7
24.618,33.1
24.62,27.1
24.622,26.3
24.624,32.7
24.626,43.4
24.628,53.9
24.63,60.4
24.632,63.3
24.634,62.9
24.636,57.3
24.638,50.2
24.64,43.4
24.642,43.1
24.644,49.7
24.646,60.2
24.648,70.8
24.65,77.3
24.652,80.2
24.654,78.5
24.656,71.7
24.658,62.8
24.66,55.7
24.662,54.5
24.664,60.1
24.666,70.6
24.668,79.8
24.67,86.2
24.672,88.7
24.674,86.3
24.676,79.3
24.678,70.7
24.68,62.7
24.682,60.8
24.684,65.2
24.686,74.3
24.688,83.1
24.69,88.4
24.692,89.9
24.694,86
24.696,78.2
24.698,68
24.7,59
24.702,56
24.704,60.4
24.706,69
24.708,76.9
24.71,81.1
24.712,82
24.714,77.8
24.716,69.5
24.718,57.7
24.72,47.6
24.722,44.8
24.724,48
24.726,56.4
24.728,64
24.73,67.6
24.732,67.3
24.734,61.9
24.736,52.4
24.738,40.3
24.74,29.9
24.742,26
24.744,29.1
24.746,36.9
24.748,44.1
24.75,48.5
24.752,48.3
24.754,43.4
24.756,34
24.758,22.2
24.76,12.3
24.762,8.33
24.764,11.8
24.766,20.2
24.768,27.7
24.77,32.4
24.772,32.1
24.774,27.8
24.776,18.8
24.778,6.87
24.78,-2.05
24.782,-5.94
24.784,-1.35
24.786,7.12
24.788,15.2
24.79,20.1
24.792,20.4
24.794,16.7
24.796,8.78
24.798,-2.12
24.8,-10.5
24.802,-13
24.804,-7.92
24.806,1.2
24.808,9.86
24.81,14.9
24.812,16.6
24.814,13.6
24.816,5.91
24.818,-4.22
24.82,-11.5
24.822,-13.9
24.824,-8.36
24.826,0.75
24.828,9.8
24.83,15.6
24.832,17
24.834,13.8
24.836,6.61
24.838,-3.39
24.84,-11
24.842,-12.8
24.844,-6.96
24.846,1.96
24.848,11.2
24.85,16.2
24.852,17.9
24.854,14.6
24.856,7.63
24.858,-1.74
24.86,-9.13
24.862,-11.4
24.864,-5.81
24.866,3.49
24.868,12.3
24.87,17.3
24.872,18.7
24.874,15.6
24.876,8.46
24.878,-0.525
24.88,-7.72
24.882,-9.38
24.884,-4.47
24.886,4.7
24.888,12.7
24.89,17.4
24.892,19.6
24.894,16.4
24.896,8.71
24.898,0.176
24.9,-7.34
24.902,-9
24.904,-3.71
24.906,4.64
24.908,13.4
24.91,18
24.912,19.7
24.914,16.4
24.916,9.16
24.918,0.113
24.92,-7.6
24.922,-9.38
24.924,-4.41
24.926,4.38
24.928,13.2
24.93,17.7
24.932,19.3
24.934,16
24.936,9.03
24.938,-0.206
24.94,-7.6
24.942,-9
24.944,-4.22
24.946,5.21
24.948,13.4
24.95,18.5
24.952,20
24.954,16.7
24.956,9.1
24.958,0.113
24.96,-6.96
24.962,-8.55
24.964,-3.33
24.966,6.04
24.968,14.4
24.97,18.9
24.972,20.9
24.974,17.4
24.976,10.6
24.978,1.26
24.98,-5.69
24.982,-7.02
24.984,-2.12
24.986,7.12
24.988,15.3
24.99,20.2
24.992,22
24.994,18.4
24.996,11.7
24.998,1.83
25,-4.86
25.002,-7.02
25.004,-1.74
25.006,7.31
25.008,15.7
25.01,20.7
25.012,21.5
25.014,18.5
25.016,11.2
25.018,1.13
25.02,-6
25.022,-8.11
25.024,-2.82
25.026,7.06
25.028,15.3
25.03,20.6
25.032,21.8
25.034,18.4
25.036,10.9
25.038,0.941
25.04,-6.26
25.042,-8.42
25.044,-2.75
25.046,6.67
25.048,15.3
25.05,20.9
25.052,22
25.054,18.5
25.056,11.1
25.058,0.941
25.06,-6.32
25.062,-8.36
25.064,-2.56
25.066,6.17
25.068,15.3
25.07,20.9
25.072,21.8
25.074,18.2
25.076,10.4
25.078,0.495
25.08,-6.9
25.082,-8.74
25.084,-3.14
25.086,6.36
25.088,15.1
25.09,20
25.092,21.1
25.094,17.5
25.096,10.2
25.098,0.559
25.1,-7.34
25.102,-9.06
25.104,-3.33
25.106,6.1
25.108,14.8
25.11,19.7
25.112,21.1
25.114,17.3
25.116,9.8
25.118,-0.0149
25.12,-7.6
25.122,-9.44
25.124,-3.65
25.126,5.72
25.128,14.5
25.13,19.1
25.132,20.5
25.134,17
25.136,9.03
25.138,-0.716
25.14,-8.55
25.142,-10.4
25.144,-4.92
25.146,4.83
25.148,13.9
25.15,19.3
25.152,20.6
25.154,16.8
25.156,9.1
25.158,-2.05
25.16,-10
25.162,-11.7
25.164,-5.62
25.166,5.15
25.168,14.5
25.17,20.3
25.172,22
25.174,18.3
25.176,10.4
25.178,-0.0786
25.18,-7.72
25.182,-8.87
25.184,-2.05
25.186,8.71
25.188,18.3
25.19,24.4
25.192,26.4
25.194,22.8
25.196,15.8
25.198,5.27
25.2,-1.61
25.202,-2.12
25.204,5.34
25.206,17.2
25.208,28.2
25.21,35.7
25.212,38.8
25.214,36.2
25.216,29.7
25.218,20.8
25.22,15.6
25.222,16.1
25.224,24.3
25.226,36.7
25.228,47.3
25.23,55
25.232,57.8
25.234,56.1
25.236,51.5
25.238,43.7
25.24,38.8
25.242,39.5
25.244,47.5
25.246,59
25.248,69.4
25.25,76.1
25.252,79.3
25.254,77.3
25.256,71.3
25.258,62.9
25.26,57.1
25.262,57
25.264,64.1
25.266,73.7
25.268,82.1
25.27,87.7
25.272,89
25.274,85.1
25.276,77.7
25.278,67.8
25.28,60.8
25.282,57.9
25.284,62.8
25.286,69.8
25.288,75.9
25.29,78.7
25.292,76.9
25.294,71.2
25.296,61.2
25.298,48.5
25.3,39.1
25.302,34
25.304,36.1
25.306,41
25.308,45.4
25.31,45.9
25.312,43
25.314,36.2
25.316,25.9
25.318,13.6
25.32,4.51
25.322,0.0488
25.324,3.62
25.326,9.73
25.328,15
25.33,17.8
25.332,17.5
25.334,13
25.336,6.36
25.338,-2.18
25.34,-8.04
25.342,-8.49
25.344,-2.44
25.346,7.57
25.348,16.4
25.35,21.1
25.352,23.6
25.354,20.7
25.356,14
25.358,5.4
25.36,-0.461
25.362,-0.0149
25.364,7.76
25.366,18.8
25.368,29.7
25.37,36.6
25.372,40.6
25.374,39.7
25.376,35.1
25.378,28.7
25.38,26.3
25.382,29.3
25.384,39.6
25.386,53
25.388,65.4
25.39,74.3
25.392,79.3
25.394,79.2
25.396,75.2
25.398,68.8
25.4,63.9
25.402,63.6
25.404,69.1
25.406,76.4
25.408,82
25.41,83.4
25.412,81.3
25.414,73.8
25.416,62.4
25.418,47.8
25.42,36.2
25.422,29.2
25.424,28.2
25.426,30.2
25.428,31.8
25.43,30.5
25.432,26.9
25.434,19.8
25.436,10.6
25.438,0.176
25.44,-5.94
25.442,-6.32
25.444,0.559
25.446,12
25.448,23.2
25.45,32.6
25.452,39
25.454,42
25.456,42.5
25.458,40.4
25.46,41.1
25.462,46.3
25.464,57.8
25.466,71
25.468,81.9
25.47,88.7
25.472,90.6
25.474,87.7
25.476,80.8
25.478,71.3
25.48,64.7
25.482,62.2
25.484,66.9
25.486,74.1
25.488,80.7
25.49,83.8
25.492,83.2
25.494,78.5
25.496,70.3
25.498,59.4
25.5,51.8
25.502,49.2
25.504,53.6
25.506,60.4
25.508,66.1
25.51,68.2
25.512,66.8
25.514,60.7
25.516,51.8
25.518,40.3
25.52,31.5
25.522,27.6
25.524,30.9
25.526,36.6
25.528,41.1
25.53,41.8
25.532,39.7
25.534,33
25.536,22.7
25.538,10.4
25.54,1.51
25.542,-1.16
25.544,3.04
25.546,10.4
25.548,17.8
25.55,21.7
25.552,23.4
25.554,20.5
25.556,14.3
25.558,7.76
25.56,4.32
25.562,7.31
25.564,17.9
25.566,31.2
25.568,44.5
25.57,53.2
25.572,60.2
25.574,62.1
25.576,61.2
25.578,56.9
25.58,55.7
25.582,59.4
25.584,69
25.586,80.7
25.588,89.9
25.59,95
25.592,96.1
25.594,90.5
25.596,80.9
25.598,68
25.6,57.3
25.602,51.6
25.604,51.9
25.606,55
25.608,56.2
25.61,54.8
25.612,49.2
25.614,38.9
25.616,26
25.618,10.9
25.62,0.686
25.622,-3.71
25.624,0.24
25.626,8.78
25.628,17.1
25.63,23
25.632,25.4
25.634,22.6
25.636,17
25.638,8.71
25.64,4.19
25.642,4.76
25.644,12.7
25.646,23.6
25.648,32.5
25.65,39
25.652,41.1
25.654,38.4
25.656,32.9
25.658,24.6
25.66,20.2
25.662,20.6
25.664,29
25.666,39.2
25.668,48
25.67,53.9
25.672,55.5
25.674,54.3
25.676,47.8
25.678,39.8
25.68,35.4
25.682,35
25.684,43.9
25.686,53.8
25.688,62.7
25.69,68.4
25.692,70.3
25.694,67.8
25.696,62.2
25.698,54.8
25.7,50.1
25.702,50.8
25.704,58.5
25.706,67.9
25.708,76.6
25.71,81.7
25.712,83.9
25.714,81.3
25.716,75.4
25.718,67.9
25.72,62.9
25.722,63.8
25.724,70.9
25.726,80
25.728,88.5
25.73,93.3
25.732,94.9
25.734,91.5
25.736,85.4
25.738,77.3
25.74,72.3
25.742,72.2
25.744,78.9
25.746,88
25.748,95.8
25.75,100
25.752,101
25.754,97.2
25.756,91
25.758,82.2
25.76,76.4
25.762,76.4
25.764,82.3
25.766,90.8
25.768,97.5
25.77,102
25.772,102
25.774,97.9
25.776,90.8
25.778,81.4
25.78,75.5
25.782,75.2
25.784,80.1
25.786,88.6
25.788,95
25.79,98.9
25.792,98.9
25.794,94.3
25.796,87
25.798,76.9
25.8,70.8
25.802,69.4
25.804,75.4
25.806,83.6
25.808,89.9
25.81,93.8
25.812,93.6
25.814,88.9
25.816,81.6
25.818,71.4
25.82,65.5
25.822,64.4
25.824,70.2
25.826,77.6
25.828,84.3
25.83,87.7
25.832,88
25.834,83
25.836,75.2
25.838,65.5
25.84,59.3
25.842,58.1
25.844,63.6
25.846,71.3
25.848,77.7
25.85,81.3
25.852,80.3
25.854,76.6
25.856,68.7
25.858,59
25.86,52.7
25.862,51.9
25.864,57.6
25.866,65.4
25.868,71.9
25.87,75
25.872,75.4
25.874,70.6
25.876,63.1
25.878,53.8
25.88,47.6
25.882,47
25.884,52.6
25.886,60.9
25.888,67.8
25.89,71.5
25.892,71.5
25.894,67.1
25.896,60.2
25.898,51.1
25.9,45.5
25.902,45.3
25.904,50.8
25.906,59.4
25.908,66.2
25.91,70.2
25.912,70.6
25.914,66.4
25.916,59.7
25.918,50.8
25.92,45.8
25.922,45.8
25.924,51.6
25.926,59.8
25.928,67
25.93,70.6
25.932,70.8
25.934,66.9
25.936,60.6
25.938,51.8
25.94,47.2
25.942,46.8
25.944,53.2
25.946,62.2
25.948,68.9
25.95,72.4
25.952,73.4
25.954,70.2
25.956,63.6
25.958,55.5
25.96,50.4
25.962,50.6
25.964,57.8
25.966,66.2
25.968,73.6
25.97,78.5
25.972,78.8
25.974,75.4
25.976,69
25.978,61.3
25.98,56.3
25.982,56.5
25.984,63.6
25.986,72
25.988,79.4
25.99,83.3
25.992,83.9
25.994,80.8
25.996,74
25.998,66.4
26,61.7
26.002,61.7
26.004,68.9
26.006,76.6
26.008,84.1
26.01,87.9
26.012,88.9
26.014,84.9
26.016,78.4
26.018,70.5
26.02,65.5
26.022,65.5
26.024,72.2
26.026,80.5
26.028,88
26.03,91.7
26.032,92.5
26.034,88.7
26.036,82.2
26.038,73.9
26.04,68.7
26.042,69.7
26.044,75.8
26.046,84.1
26.048,90.3
26.05,94
26.052,94.9
26.054,90.3
26.056,83.8
26.058,74.7
26.06,69.8
26.062,69.4
26.064,74.9
26.066,82.7
26.068,88.4
26.07,91.9
26.072,91.2
26.074,86.1
26.076,78.8
26.078,68.9
26.08,63
26.082,61.7
26.084,66.7
26.086,74
26.088,79.2
26.09,81.6
26.092,79.7
26.094,75
26.096,66.8
26.098,56.2
26.1,49.8
26.102,48.1
26.104,53.2
26.106,59.7
26.108,64.5
26.11,67
26.112,65
26.114,59.4
26.116,51.1
26.118,40.4
26.12,34.4
26.122,32.6
26.124,37.7
26.126,44.1
26.128,49.3
26.13,50.7
26.132,49.8
26.134,44.6
26.136,36.6
26.138,26.6
26.14,20.6
26.142,19.4
26.144,24.5
26.146,31.3
26.148,37.1
26.15,38.7
26.152,38.8
26.154,33.5
26.156,25.5
26.158,16.3
26.16,10.4
26.162,9.92
26.164,15.5
26.166,22.7
26.168,28.7
26.17,31.1
26.172,30.7
26.174,25.7
26.176,18.6
26.178,9.41
26.18,3.87
26.182,4.19
26.184,9.61
26.186,17.4
26.188,23.6
26.19,26.1
26.192,26
26.194,20.9
26.196,14.1
26.198,4.44
26.2,-0.652
26.202,-1.16
26.204,4.83
26.206,12.9
26.208,19.3
26.21,22.2
26.212,22.4
26.214,17.3
26.216,9.54
26.218,-0.525
26.22,-5.69
26.222,-6.26
26.224,1.13
26.226,10.3
26.228,17.6
26.23,21.9
26.232,21.6
26.234,17.1
26.236,10.2
26.238,0.24
26.24,-4.6
26.242,-5.3
26.244,1.9
26.246,10.4
26.248,16.9
26.25,20.4
26.252,20.6
26.254,15.8
26.256,7.76
26.258,-2.31
26.26,-7.21
26.262,-6.96
26.264,0.431
26.266,9.22
26.268,16.4
26.27,20.3
26.272,20.1
26.274,14.9
26.276,7.44
26.278,-2.56
26.28,-8.11
26.282,-7.6
26.284,-0.461
26.286,8.59
26.288,16.6
26.29,20
26.292,19.8
26.294,14.9
26.296,6.74
26.298,-3.07
26.3,-8.81
26.302,-7.98
26.304,-0.397
26.306,8.27
26.308,16.4
26.31,19.5
26.312,19.5
26.314,14.5
26.316,6.36
26.318,-3.14
26.32,-8.3
26.322,-7.98
26.324,-0.588
26.326,8.2
26.328,15.8
26.33,18.7
26.332,19.2
26.334,13.4
26.336,5.15
26.338,-4.54
26.34,-10.7
26.342,-10.6
26.344,-3.26
26.346,5.72
26.348,13.2
26.35,15.8
26.352,15.4
26.354,9.73
26.356,1.77
26.358,-9.19
26.36,-15.3
26.362,-16.5
26.364,-9.32
26.366,0.877
26.368,9.1
26.37,13.3
26.372,12.9
26.374,6.87
26.376,-2.05
26.378,-13.5
26.38,-19.4
26.382,-20.1
26.384,-11.2
26.386,-0.27
26.388,7.76
26.39,12
26.392,11.5
26.394,5.66
26.396,-2.75
26.398,-14.2
26.4,-19.8
26.402,-19.6
26.404,-10.7
26.406,-0.0786
26.408,8.08
26.41,12.2
26.412,11.9
26.414,6.48
26.416,-2.12
26.418,-12.9
26.42,-17.9
26.422,-17.3
26.424,-8.3
26.426,2.15
26.428,11.3
26.43,16.2
26.432,16.6
26.434,12.5
26.436,5.27
26.438,-3.58
26.44,-7.09
26.442,-4.6
26.444,6.04
26.446,19.3
26.448,30.1
26.45,37.3
26.452,40.7
26.454,39.2
26.456,34.5
26.458,28.1
26.46,26.6
26.462,32
26.464,44.7
26.466,59.1
26.468,71.1
26.47,78.4
26.472,81.8
26.474,78.7
26.476,72.5
26.478,63.8
26.48,59.3
26.482,60.4
26.484,67.7
26.486,75.9
26.488,81.3
26.49,81.6
26.492,77
26.494,66.8
26.496,53.1
26.498,37.1
26.5,25.6
26.502,20.5
26.504,22.1
26.506,25.9
26.508,28
26.51,27.1
26.512,23.9
26.514,17.1
26.516,9.29
26.518,0.622
26.52,-1.74
26.522,3.68
26.524,16.4
26.526,31.8
26.528,45.5
26.53,56.4
26.532,63.8
26.534,66.3
26.536,66.2
26.538,62.2
26.54,62.6
26.542,66.4
26.544,75.2
26.546,84.7
26.548,91.1
26.55,94.2
26.552,93.2
26.554,86.8
26.556,77.9
26.558,66.2
26.56,60.1
26.562,59.7
26.564,65.6
26.566,73.1
26.568,78
26.57,79.3
26.572,77.1
26.574,69.8
26.576,59.6
26.578,47.3
26.58,40.4
26.582,38.5
26.584,43.6
26.586,49.7
26.588,53.9
26.59,54.2
26.592,50.1
26.594,42.2
26.596,30.6
26.598,17.5
26.6,9.92
26.602,7.38
26.604,12.2
26.606,19
26.608,23.7
26.61,24.6
26.612,23.4
26.614,17.7
26.616,9.8
26.618,1.45
26.62,-1.1
26.622,3.11
26.624,14.6
26.626,28.5
26.628,41.1
26.63,50.6
26.632,57.4
26.634,59.2
26.636,59.3
26.638,57.2
26.64,58.5
26.642,63.9
26.644,74
26.646,84.1
26.648,90.5
26.65,90.8
26.652,86.1
26.654,75.2
26.656,61
26.658,43.5
26.66,30.6
26.662,23.1
26.664,22.7
26.666,24.2
26.668,25.4
26.67,24.2
26.672,21.5
26.674,16.6
26.676,10.9
26.678,3.3
26.68,1.51
26.682,5.66
26.684,15
26.686,26.4
26.688,35.5
26.69,41.1
26.692,43.6
26.694,41.2
26.696,36.6
26.698,30.1
26.7,28.6
26.702,32.4
26.704,42.4
26.706,54.2
26.708,63.3
26.71,68.6
26.712,69.8
26.714,66.8
26.716,61.2
26.718,53.6
26.72,51.3
26.722,54.5
26.724,63.8
26.726,74.1
26.728,81.7
26.73,86.1
26.732,86.4
26.734,82.3
26.736,75.7
26.738,66.8
26.74,63.9
26.742,65.5
26.744,73.7
26.746,83.2
26.748,90.5
26.75,93.9
26.752,92.9
26.754,88
26.756,80.3
26.758,70.8
26.76,66.6
26.762,67.7
26.764,75.6
26.766,84.3
26.768,91.4
26.77,94.2
26.772,93.1
26.774,87.6
26.776,78.8
26.778,68.7
26.78,63.7
26.782,65.4
26.784,73.2
26.786,81.9
26.788,88.7
26.79,90.8
26.792,89.6
26.794,83.6
26.796,75.5
26.798,64.8
26.8,59.9
26.802,60.8
26.804,67.3
26.806,75.7
26.808,81
26.81,82.6
26.812,81.1
26.814,74.8
26.816,66.1
26.818,55.4
26.82,50.5
26.822,50.8
26.824,56.6
26.826,64.4
26.828,69.5
26.83,71.3
26.832,69.2
26.834,62.6
26.836,53.6
26.838,42.5
26.84,37.3
26.842,37.3
26.844,43.4
26.846,51.1
26.848,55.7
26.85,56.9
26.852,54.1
26.854,46.9
26.856,37.7
26.858,25.9
26.86,20.1
26.862,19.9
26.864,26
26.866,33.2
26.868,37.7
26.87,39.6
26.872,37.1
26.874,30.6
26.876,21.1
26.878,9.92
26.88,4.89
26.882,5.15
26.884,12.3
26.886,20.6
26.888,26.7
26.89,29
26.892,27.2
26.894,21.2
26.896,12.3
26.898,2.02
26.9,-2.63
26.902,-1.42
26.904,6.61
26.906,16
26.908,23.2
26.91,26.2
26.912,25.5
26.914,20.2
26.916,11.8
26.918,1.9
26.92,-1.99
26.922,0.431
26.924,9.73
26.926,20.4
26.928,28.7
26.93,33.3
26.932,33.6
26.934,28.3
26.936,19.8
26.938,9.99
26.94,7.25
26.942,12
26.944,23.2
26.946,36.7
26.948,46.9
26.95,52.5
26.952,53.9
26.954,49.9
26.956,43.1
26.958,34
26.96,33
26.962,37.1
26.964,48.3
26.966,61.5
26.968,71.3
26.97,76.8
26.972,78.7
26.974,74.1
26.976,67.8
26.978,58.5
26.98,56.8
26.982,60.2
26.984,70.6
26.986,82.2
26.988,90.5
26.99,94.5
26.992,94.1
26.994,89
26.996,81.1
26.998,70.5
27,67.1
27.002,69.8
27.004,78.5
27.006,88.1
27.008,94.7
27.01,97.3
27.012,96.1
27.014,90.6
27.016,82
27.018,71.6
27.02,68.6
27.022,70.6
27.024,78.4
27.026,87.5
27.028,94.3
27.03,96.9
27.032,95.7
27.034,90.3
27.036,82
27.038,72.4
27.04,69
27.042,71
27.044,78.5
27.046,87.5
27.048,93.6
27.05,95.2
27.052,94
27.054,88.5
27.056,80.4
27.058,70.7
27.06,66.9
27.062,68.7
27.064,75.2
27.066,82.9
27.068,88.4
27.07,89.6
27.072,87.3
27.074,81.2
27.076,72.9
27.078,62.6
27.08,57.7
27.082,58.2
27.084,64
27.086,70.6
27.088,74.9
27.09,75.1
27.092,72.1
27.094,64.8
27.096,55.5
27.098,44.6
27.1,39.2
27.102,39.4
27.104,44.4
27.106,50.8
27.108,54.3
27.11,54.4
27.112,51.5
27.114,43.7
27.116,34.4
27.118,23.6
27.12,18.4
27.122,18.4
27.124,23.6
27.126,30.1
27.128,32.9
27.13,33.9
27.132,30.8
27.134,24.3
27.136,15.8
27.138,6.04
27.14,2.34
27.142,3.49
27.144,10.1
27.146,17.3
27.148,22.4
27.15,24.8
27.152,23.4
27.154,18.8
27.156,11.9
27.158,4.38
27.16,2.53
27.162,5.34
27.164,14
27.166,23
27.168,29.5
27.17,33.2
27.172,33.2
27.174,30.1
27.176,25
27.178,19.7
27.18,19
27.182,22.8
27.184,32.1
27.186,42
27.188,49.4
27.19,53.4
27.192,54.7
27.194,52.3
27.196,47.3
27.198,42.2
27.2,41.1
27.202,45.8
27.204,54.5
27.206,63.6
27.208,70.8
27.21,74.8
27.212,75.8
27.214,73
27.216,66.9
27.218,61.8
27.22,60.8
27.222,64.5
27.224,72.4
27.226,81
27.228,87.3
27.23,90
27.232,89.9
27.234,85.6
27.236,79.6
27.238,72.6
27.24,70.5
27.242,72.8
27.244,79.6
27.246,86.8
27.248,92.2
27.25,93.8
27.252,93.3
27.254,88.5
27.256,81.3
27.258,73.9
27.26,71.8
27.262,74.1
27.264,80.1
27.266,87.8
27.268,92
27.27,94.5
27.272,93.1
27.274,87.7
27.276,81.2
27.278,73.2
27.28,70.6
27.282,72.4
27.284,78.7
27.286,85.9
27.288,90.3
27.29,92.2
27.292,90.6
27.294,85.6
27.296,78.9
27.298,70.9
27.3,68
27.302,69.7
27.304,75.9
27.306,84.2
27.308,88.2
27.31,89.6
27.312,88.1
27.314,82.9
27.316,75.4
27.318,67.8
27.32,64.8
27.322,66.8
27.324,73.1
27.326,80.3
27.328,84.7
27.33,86.1
27.332,84.1
27.334,78.7
27.336,71.1
27.338,63
27.34,59.6
27.342,61
27.344,67.3
27.346,74.6
27.348,78.7
27.35,79.4
27.352,77
27.354,71
27.356,62.8
27.358,53.6
27.36,49.6
27.362,51
27.364,56.8
27.366,63.5
27.368,67.1
27.37,67.4
27.372,64.8
27.374,58
27.376,47.8
27.378,38.7
27.38,34.2
27.382,35.3
27.384,40.8
27.386,47.8
27.388,51.3
27.39,51.9
27.392,48.5
27.394,40.4
27.396,30.4
27.398,19.4
27.4,13.6
27.402,14.1
27.404,20.1
27.406,28
27.408,32.4
27.41,32.7
27.412,29.3
27.414,20.1
27.416,8.01
27.418,-4.54
27.42,-10
27.422,-8.04
27.424,0.367
27.426,9.67
27.428,15
27.43,17.3
27.432,14.1
27.434,5.53
27.436,-5.37
27.438,-15.9
27.44,-18.9
27.442,-15.4
27.444,-5.18
27.446,6.1
27.448,13.3
27.45,15.9
27.452,13.4
27.454,6.55
27.456,-3.39
27.458,-14.2
27.46,-17.3
27.462,-13.6
27.464,-4.03
27.466,5.85
27.468,12.7
27.47,15
27.472,13.1
27.474,6.04
27.476,-3.77
27.478,-12.6
27.48,-15.7
27.482,-12.1
27.484,-3.39
27.486,6.1
27.488,13.2
27.49,15.5
27.492,13.3
27.494,7.44
27.496,-2.31
27.498,-10.7
27.5,-13.5
27.502,-9.89
27.504,-0.333
27.506,9.22
27.508,16.4
27.51,18.7
27.512,17.4
27.514,12
27.516,3.17
27.518,-4.41
27.52,-6.83
27.522,-2.63
27.524,6.48
27.526,16.4
27.528,23.9
27.53,27.2
27.532,26.4
27.534,22
27.536,14.8
27.538,8.71
27.54,7.63
27.542,13.9
27.544,24.8
27.546,36.6
27.548,45.4
27.55,50.5
27.552,52.5
27.554,50.1
27.556,45.3
27.558,40.8
27.56,41.8
27.562,49.1
27.564,61.5
27.566,73.1
27.568,82.1
27.57,86.8
27.572,86.8
27.574,81.2
27.576,72.6
27.578,63.2
27.58,59.3
27.582,61.5
27.584,67.8
27.586,75
27.588,77.3
27.59,75.8
27.592,68.5
27.594,55.9
27.596,41.4
27.598,26.2
27.6,16.7
27.602,14.5
27.604,18
27.606,22.8
27.608,24.7
27.61,23.5
27.612,18.6
27.614,10.4
27.616,1.83
27.618,-7.28
27.62,-7.79
27.622,-0.971
27.624,12.5
27.626,27.6
27.628,39.7
27.63,49.2
27.632,53.9
27.634,54.4
27.636,52.5
27.638,49.9
27.64,52.6
27.642,60.7
27.644,73.4
27.646,84.7
27.648,91.7
27.65,94
27.652,91.8
27.654,85
27.656,75.5
27.658,65.6
27.66,62
27.662,65
27.664,72.4
27.666,80.1
27.668,84.9
27.67,85.6
27.672,82.2
27.674,73.7
27.676,63.1
27.678,52.8
27.68,48.2
27.682,50
27.684,56.8
27.686,63.8
27.688,67.8
27.69,66.9
27.692,62.2
27.694,52.7
27.696,40.8
27.698,29.4
27.7,23.1
27.702,24.1
27.704,29.5
27.706,35.7
27.708,38.3
27.71,37.3
27.712,32.6
27.714,23.4
27.716,12.2
27.718,2.09
27.72,-1.42
27.722,1.51
27.724,9.61
27.726,19.4
27.728,25.9
27.73,29.5
27.732,29.1
27.734,25.2
27.736,19.5
27.738,14.8
27.74,16.9
27.742,25.8
27.744,39.4
27.746,53.8
27.748,64.7
27.75,72
27.752,74.5
27.754,72.9
27.756,67.6
27.758,62.7
27.76,63.6
27.762,69.7
27.764,80.2
27.766,89.5
27.768,96.3
27.77,97.4
27.772,93.4
27.774,84.9
27.776,72.9
27.778,61.4
27.78,55.1
27.782,55.4
27.784,60.1
27.786,64.4
27.788,65.7
27.79,63.2
27.792,55.9
27.794,44.6
27.796,30.4
27.798,18.2
27.8,11.6
27.802,12.6
27.804,18.7
27.806,25.3
27.808,29
27.81,29.2
27.812,25.8
27.814,19.7
27.816,11.3
27.818,3.04
27.82,1.07
27.822,7.18
27.824,16.7
27.826,27.1
27.828,33.6
27.83,36.3
27.832,34.7
27.834,28.1
27.836,19.5
27.838,11.6
27.84,9.92
27.842,14.3
27.844,23.5
27.846,33.4
27.848,39.6
27.85,41.8
27.852,39.4
27.854,32.9
27.856,23.8
27.858,15.8
27.86,13.7
27.862,18.3
27.864,28.3
27.866,38.8
27.868,45
27.87,48.2
27.872,46.9
27.874,41.9
27.876,33.4
27.878,25.2
27.88,22.5
27.882,26.9
27.884,36.2
27.886,45
27.888,51.4
27.89,53.6
27.892,51.1
27.894,44.8
27.896,35.7
27.898,27.4
27.9,25
27.902,30
27.904,40.3
27.906,49.6
27.908,56.6
27.91,58.9
27.912,57.3
27.914,50.6
27.916,41.4
27.918,34.5
27.92,32.7
27.922,38.5
27.924,48.5
27.926,58.9
27.928,66.2
27.93,69.3
27.932,67.5
27.934,61.5
27.936,52.2
27.938,43.9
27.94,42.4
27.942,49.1
27.944,60.4
27.946,71.7
27.948,79.3
27.95,82.4
27.952,80.1
27.954,73.4
27.956,64.7
27.958,56.1
27.96,54.7
27.962,60.1
27.964,71.5
27.966,82.3
27.968,89.2
27.97,91.9
27.972,89.6
27.974,83
27.976,73.1
27.978,65
27.98,63.1
27.982,68.7
27.984,79.3
27.986,89.1
27.988,95.9
27.99,98.4
27.992,95.2
27.994,88.7
27.996,78.9
27.998,71.4
28,69.6
28.002,74.5
28.004,84.3
28.006,93.4
28.008,100
28.01,102
28.012,98.7
28.014,92
28.016,82
28.018,73.8
28.02,71.3
28.022,76.3
28.024,85.6
28.026,93.9
28.028,99.4
28.03,100
28.032,97.7
28.034,89.4
28.036,79.2
28.038,71.3
28.04,68.5
28.042,73
28.044,81.7
28.046,90.3
28.048,95.4
28.05,96.1
28.052,93.3
28.054,85.6
28.056,75.6
28.058,67.5
28.06,64.5
28.062,69.6
28.064,78.2
28.066,86.9
28.068,92
28.07,93.3
28.072,90.1
28.074,82
28.076,72
28.078,62.9
28.08,60.8
28.082,65.3
28.084,74.8
28.086,83.6
28.088,88.9
28.09,89.9
28.092,86.4
28.094,79
28.096,69.2
28.098,60.8
28.1,58.7
28.102,63.4
28.104,73
28.106,81.2
28.108,86.4
28.11,88.2
28.112,85.2
28.114,78.4
28.116,69.3
28.118,62.1
28.12,60.8
28.122,65.7
28.124,75.2
28.126,83.4
28.128,89.2
28.13,90.6
28.132,87.8
28.134,81.9
28.136,73.5
28.138,66.7
28.14,65.1
28.142,70.7
28.144,79.3
28.146,87.3
28.148,92.6
28.15,94.2
28.152,91.9
28.154,85.6
28.156,77
28.158,71.3
28.16,69.8
28.162,74.1
28.164,82.3
28.166,89.9
28.168,94.4
28.17,95.6
28.172,93
28.174,86.4
28.176,78.4
28.178,72
28.18,70.1
28.182,75
28.184,82.2
28.186,89.2
28.188,93.3
28.19,94.3
28.192,91.5
28.194,84.8
28.196,75.9
28.198,69.3
28.2,67.5
28.202,71.1
28.204,78.2
28.206,85.1
28.208,88.3
28.21,89.1
28.212,85.7
28.214,78.5
28.216,69.6
28.218,62.3
28.22,59.9
28.222,63.4
28.224,70.5
28.226,76.3
28.228,79.3
28.23,79.7
28.232,75.4
28.234,68.2
28.236,58.7
28.238,51.3
28.24,48.1
28.242,50.7
28.244,57.5
28.246,62.7
28.248,65.8
28.25,65.3
28.252,60.3
28.254,53.3
28.256,43
28.258,35.4
28.26,31.7
28.262,34.6
28.264,40.9
28.266,45.8
28.268,48.4
28.27,47.6
28.272,43.2
28.274,35.2
28.276,25.2
28.278,17.6
28.28,14.4
28.282,17.6
28.284,23.9
28.286,29.6
28.288,32.5
28.29,32.1
28.292,28
28.294,20.6
28.296,11.5
28.298,3.94
28.3,1.32
28.302,5.53
28.304,12
28.306,19.2
28.308,23.6
28.31,25.1
28.312,22.5
28.314,16.5
28.316,8.84
28.318,2.53
28.32,1.51
28.322,6.36
28.324,14.3
28.326,21.9
28.328,25.9
28.33,27.3
28.332,24
28.334,18.3
28.336,10.1
28.338,4.32
28.34,3.04
28.342,7.44
28.344,15.9
28.346,23.2
28.348,26.9
28.35,28.5
28.352,25.1
28.354,18
28.356,8.33
28.358,1.2
28.36,-0.27
28.362,4.57
28.364,13
28.366,20.6
28.368,24.9
28.37,25.7
28.372,22
28.374,15.3
28.376,6.36
28.378,0.176
28.38,-1.23
28.382,4.13
28.384,13.2
28.386,21
28.388,26.3
28.39,27.3
28.392,23.9
28.394,17.4
28.396,8.59
28.398,2.47
28.4,0.431
28.402,5.53
28.404,13.7
28.406,21.4
28.408,26
28.41,26.9
28.412,23.8
28.414,16.6
28.416,8.01
28.418,1.13
28.42,-0.461
28.422,5.02
28.424,13.6
28.426,21.8
28.428,26.2
28.43,27.6
28.432,24.7
28.434,17.8
28.436,8.71
28.438,2.15
28.44,0.941
28.442,5.72
28.444,14.7
28.446,23
28.448,26.9
28.45,28.5
28.452,25
28.454,18.3
28.456,8.78
28.458,2.02
28.46,0.813
28.462,5.91
28.464,14.6
28.466,22
28.468,26.2
28.47,27.3
28.472,22.7
28.474,15.7
28.476,5.91
28.478,-1.1
28.48,-2.69
28.482,2.15
28.484,10.6
28.486,18.7
28.488,23.1
28.49,24.6
28.492,20.1
28.494,12.8
28.496,2.98
28.498,-3.52
28.5,-5.18
28.502,0.813
28.504,9.99
28.506,17.4
28.508,22.3
28.51,23
28.512,19.3
28.514,11.6
28.516,2.02
28.518,-4.6
28.52,-5.94
28.522,-0.27
28.524,8.84
28.526,17
28.528,21.8
28.53,22.4
28.532,18.5
28.534,11.3
28.536,1.9
28.538,-5.3
28.54,-6.77
28.542,-0.779
28.544,8.71
28.546,17.3
28.548,21.6
28.55,23
28.552,19.8
28.554,12
28.556,1.83
28.558,-4.6
28.56,-6.39
28.562,-0.716
28.564,8.59
28.566,16.9
28.568,21
28.57,22.2
28.572,17.6
28.574,9.61
28.576,-1.1
28.578,-8.42
28.58,-9.95
28.582,-3.77
28.584,6.48
28.586,15.7
28.588,21.2
28.59,22.6
28.592,18.3
28.594,10.6
28.596,-0.206
28.598,-6.96
28.6,-7.85
28.602,-0.27
28.604,10.9
28.606,21
28.608,27.3
28.61,29.8
28.612,26.9
28.614,20
28.616,10.4
28.618,4.38
28.62,4.13
28.622,13
28.624,25.6
28.626,36.6
28.628,44.6
28.63,48.3
28.632,46.8
28.634,41.4
28.636,33.4
28.638,30
28.64,32.7
28.642,44.5
28.644,60.1
28.646,74
28.648,83.3
28.65,87.7
28.652,85.9
28.654,78.9
28.656,69
28.658,61.3
28.66,58.6
28.662,63.5
28.664,70.3
28.666,75
28.668,73.8
28.67,68.2
28.672,56.9
28.674,41
28.676,22.9
28.678,8.59
28.68,1.58
28.682,4.13
28.684,10.3
28.686,17.4
28.688,21.7
28.69,24
28.692,21.9
28.694,18.3
28.696,13.9
28.698,13.7
28.7,20.7
28.702,35.7
28.704,53.6
28.706,69.9
28.708,81
28.71,88
28.712,87
28.714,81.6
28.716,71.7
28.718,65.1
28.72,63.9
28.722,69.8
28.724,78.7
28.726,85.6
28.728,88.7
28.73,87.7
28.732,81.7
28.734,72.3
28.736,60.4
28.738,51.8
28.74,48.9
28.742,53.8
28.744,61.5
28.746,66.8
28.748,69.7
28.75,67.3
28.752,61.7
28.754,51.2
28.756,38.3
28.758,29.2
28.76,25.7
28.762,29.3
28.764,35.5
28.766,40.7
28.768,42.3
28.77,39.7
28.772,32.7
28.774,22.2
28.776,9.22
28.778,0.431
28.78,-3.26
28.782,2.66
28.784,10.2
28.786,17.4
28.788,21.6
28.79,22.9
28.792,19.5
28.794,13
28.796,5.97
28.798,2.47
28.8,6.42
28.802,17.4
28.804,32.2
28.806,46.4
28.808,56.9
28.81,65
28.812,67.5
28.814,66.1
28.816,61.2
28.818,59.4
28.82,62.7
28.822,72.1
28.824,84.1
28.826,92.8
28.828,97.3
28.83,97.5
28.832,91.5
28.834,81.3
28.836,67.6
28.838,57.3
28.84,50.8
28.842,52
28.844,55.9
28.846,57.9
28.848,56.5
28.85,51.3
28.852,41.3
28.854,28.8
28.856,14.2
28.858,4.13
28.86,0.113
28.862,4.95
28.864,13.2
28.866,21.8
28.868,27.4
28.87,29.2
28.872,26.4
28.874,20.1
28.876,12.1
28.878,7.12
28.88,7.5
28.882,16
28.884,26
28.886,35.5
28.888,41.1
28.89,42.7
28.892,40.3
28.894,33.4
28.896,25
28.898,19.7
28.9,20.5
28.902,27.8
28.904,36.9
28.906,45.5
28.908,51.1
28.91,51.8
28.912,47.9
28.914,40.6
28.916,31.7
28.918,26
28.92,26
28.922,33.1
28.924,43
28.926,51.3
28.928,55.2
28.93,56.6
28.932,52.8
28.934,45.7
28.936,36.3
28.938,30.6
28.94,31.1
28.942,38
28.944,47.5
28.946,55.7
28.948,60.3
28.95,61.4
28.952,57.9
28.954,51.3
28.956,42.4
28.958,37.6
28.96,37.6
28.962,45.3
28.964,55.4
28.966,63.7
28.968,68.8
28.97,69.3
28.972,65.5
28.974,57.9
28.976,48.4
28.978,43
28.98,42.7
28.982,49.9
28.984,59.7
28.986,67.8
28.988,72.6
28.99,73.3
28.992,69.6
28.994,62.2
28.996,52.4
28.998,46.7
29,47.1
29.002,55
29.004,65
29.006,74.3
29.008,79
29.01,80.3
29.012,76.4
29.014,69
29.016,59.6
29.018,54.1
29.02,54.4
29.022,62
29.024,71.7
29.026,80.3
29.028,84.4
29.03,85.7
29.032,80.9
29.034,73.8
29.036,64.1
29.038,58.3
29.04,58.3
29.042,65.7
29.044,75.7
29.046,83.7
29.048,87.5
29.05,88.5
29.052,83.6
29.054,75.6
29.056,65.4
29.058,59.3
29.06,59.4
29.062,66.2
29.064,75.6
29.066,83.5
29.068,87.8
29.07,88.4
29.072,83.8
29.074,76.3
29.076,66.4
29.078,60.9
29.08,60.6
29.082,68.3
29.084,78.2
29.086,85.8
29.088,89.9
29.09,91
29.092,86.6
29.094,78.8
29.096,69.2
29.098,63.7
29.1,63.6
29.102,71.2
29.104,80.5
29.106,89
29.108,93.8
29.11,93.3
29.112,89.1
29.114,81.5
29.116,71.7
29.118,66.5
29.12,66.1
29.122,73.8
29.124,82.9
29.126,91.5
29.128,95.2
29.13,95.6
29.132,91.2
29.134,83.1
29.136,73
29.138,67.9
29.14,67.9
29.142,75.4
29.144,84.2
29.146,92.4
29.148,96.3
29.15,96.6
29.152,91.8
29.154,84.3
29.156,74.8
29.158,68.7
29.16,69.2
29.162,76.2
29.164,85.6
29.166,92.9
29.168,96.4
29.17,96.5
29.172,91.9
29.174,84.6
29.176,74.4
29.178,69.3
29.18,69.9
29.182,76.4
29.184,85.4
29.186,92.8
29.188,96.4
29.19,97.1
29.192,91.7
29.194,84.9
29.196,75.4
29.198,70.5
29.2,70.6
29.202,77.3
29.204,85.8
29.206,92.2
29.208,96.1
29.21,95.6
29.212,91.3
29.214,84
29.216,74.8
29.218,70.3
29.22,70.1
29.222,76.6
29.224,84.6
29.226,90.7
29.228,94.5
29.23,93.4
29.232,89.1
29.234,82
29.236,73.3
29.238,67.9
29.24,67.5
29.242,74.7
29.244,81.7
29.246,88
29.248,90.7
29.25,90.7
29.252,86.2
29.254,78.7
29.256,70.3
29.258,65.5
29.26,65.5
29.262,71.2
29.264,78.9
29.266,84.4
29.268,87.1
29.27,86.7
29.272,81.7
29.274,75.3
29.276,66.4
29.278,61.5
29.28,60.9
29.282,66.6
29.284,73.8
29.286,78.9
29.288,81.3
29.29,80.5
29.292,75.4
29.294,68.5
29.296,59.4
29.298,54.8
29.3,54.5
29.302,59.6
29.304,67.3
29.306,72.4
29.308,74.8
29.31,73.8
29.312,69.4
29.314,62.9
29.316,53.7
29.318,49
29.32,49.2
29.322,55.1
29.324,62
29.326,67.3
29.328,70.3
29.33,69.9
29.332,65.2
29.334,58.2
29.336,50.1
29.338,45.6
29.34,45.7
29.342,51.9
29.344,58.9
29.346,65.2
29.348,68
29.35,67.6
29.352,64
29.354,57.3
29.356,49.4
29.358,45.6
29.36,45.8
29.362,53.2
29.364,60.3
29.366,66.7
29.368,69.8
29.37,69.9
29.372,66.4
29.374,60.4
29.376,52.9
29.378,49.3
29.38,50.7
29.382,56.6
29.384,64.5
29.386,70.8
29.388,73.3
29.39,73.5
29.392,69.8
29.394,63.4
29.396,55.1
29.398,50.9
29.4,51.5
29.402,57.3
29.404,64.6
29.406,70.2
29.408,72.9
29.41,72.6
29.412,68
29.414,61.5
29.416,53.8
29.418,49.4
29.42,49.4
29.422,55.2
29.424,62.6
29.426,67.8
29.428,70.4
29.43,69.4
29.432,65.4
29.434,58.9
29.436,50.3
29.438,46.5
29.44,47
29.442,52
29.444,58.3
29.446,62.9
29.448,65.1
29.45,63.6
29.452,59.4
29.454,52.3
29.456,43.8
29.458,39.2
29.46,38.7
29.462,43.9
29.464,50
29.466,54.8
29.468,56.5
29.47,54.9
29.472,49.7
29.474,42.3
29.476,33.2
29.478,28.7
29.48,28.2
29.482,33.1
29.484,39
29.486,43.1
29.488,44.1
29.49,42.7
29.492,36.7
29.494,29.1
29.496,20.6
29.498,15.5
29.5,15.1
29.502,19.5
29.504,25.9
29.506,30.2
29.508,32
29.51,30.6
29.512,24.9
29.514,17.1
29.516,7.12
29.518,2.09
29.52,2.02
29.522,7.95
29.524,15
29.526,20.5
29.528,22.5
29.53,21.3
29.532,15.7
29.534,8.01
29.536,-1.67
29.538,-6
29.54,-4.41
29.542,2.6
29.544,11.3
29.546,17.4
29.548,20.8
29.55,20.5
29.552,15.4
29.554,7.76
29.556,-2.05
29.558,-6.19
29.56,-5.88
29.562,1.9
29.564,10.6
29.566,17.9
29.568,21
29.57,20.1
29.572,14.9
29.574,6.87
29.576,-3.14
29.578,-7.98
29.58,-7.15
29.582,0.686
29.584,9.8
29.586,17.2
29.588,20.1
29.59,19.6
29.592,13.6
29.594,4.76
29.596,-5.88
29.598,-10.8
29.6,-10.1
29.602,-1.99
29.604,7.76
29.606,15.9
29.608,18.7
29.61,18.4
29.612,12.5
29.614,3.87
29.616,-7.15
29.618,-12.3
29.62,-10.9
29.622,-2.88
29.624,6.8
29.626,14.1
29.628,17.3
29.63,17
29.632,10.5
29.634,1.51
29.636,-9.95
29.638,-15.5
29.64,-13.7
29.642,-4.98
29.644,5.21
29.646,13.1
29.648,16.6
29.65,15.6
29.652,10.1
29.654,2.41
29.656,-8.04
29.658,-11.5
29.66,-9.51
29.662,-1.35
29.664,8.84
29.666,15.7
29.668,19.7
29.67,18.9
29.672,14.2
29.674,6.42
29.676,-3.01
29.678,-6.83
29.68,-4.98
29.682,3.17
29.684,13
29.686,20.8
29.688,24.8
29.69,24.7
29.692,20.1
29.694,13
29.696,4.51
29.698,0.75
29.7,3.04
29.702,13.4
29.704,24.2
29.706,33.2
29.708,38.5
29.71,40.6
29.712,37.5
29.714,32.4
29.716,25.7
29.718,24.5
29.72,29.3
29.722,41.3
29.724,54.3
29.726,65.7
29.728,72.9
29.73,76.4
29.732,74.8
29.734,70.3
29.736,62.6
29.738,60.1
29.74,63.4
29.742,72.3
29.744,82.6
29.746,88.7
29.748,89.6
29.75,85.9
29.752,75.7
29.754,61.8
29.756,45
29.758,33.6
29.76,28.5
29.762,29.5
29.764,33.1
29.766,34.1
29.768,32.5
29.77,27.1
29.772,17.9
29.774,7.63
29.776,-4.22
29.778,-7.79
29.78,-4.22
29.782,8.4
29.784,23.4
29.786,36.9
29.788,46.9
29.79,53.1
29.792,55.4
29.794,54.2
29.796,51
29.798,53.1
29.8,59.5
29.802,72.3
29.804,84.7
29.806,93.5
29.808,96.3
29.81,95.4
29.812,88.9
29.814,79.4
29.816,67.8
29.818,61.6
29.82,62.2
29.822,69
29.824,76.8
29.826,82.2
29.828,83.1
29.83,79.6
29.832,71.4
29.834,60
29.836,46.7
29.838,38.8
29.84,37.6
29.842,42.9
29.844,49.3
29.846,52.5
29.848,52
29.85,47.3
29.852,36.9
29.854,24.3
29.856,9.92
29.858,2.15
29.86,0.559
29.862,6.36
29.864,14.4
29.866,19.9
29.868,22.3
29.87,21.3
29.872,16.6
29.874,9.99
29.876,2.41
29.878,2.41
29.88,9.73
29.882,23.3
29.884,39.5
29.886,53.4
29.888,63.4
29.89,69.6
29.892,70.3
29.894,68
29.896,63
29.898,62.8
29.9,67
29.902,76
29.904,84.7
29.906,88.9
29.908,87.7
29.91,81.4
29.912,69.6
29.914,54.5
29.916,37.7
29.918,26.6
29.92,21.3
29.922,22.4
29.924,25.7
29.926,27.6
29.928,26.2
29.93,23.4
29.932,18.3
29.934,11.7
29.936,4.06
29.938,3.3
29.94,8.14
29.942,18
29.944,29
29.946,37.6
29.948,42.5
29.95,43.9
29.952,40.7
29.954,35.7
29.956,28.7
29.958,27.8
29.96,31.3
29.962,40.4
29.964,51
29.966,59.2
29.968,63.4
29.97,64.2
29.972,60.7
29.974,54.6
29.976,46.5
29.978,44.5
29.98,47.7
29.982,56.4
29.984,66.1
29.986,73.4
29.988,76.9
29.99,76.5
29.992,71.9
29.994,65.5
29.996,56.6
29.998,53.2
30,55.7
30.002,64.2
30.004,74.2
30.006,80.6
30.008,83.2
30.01,82.3
30.012,77.2
30.014,69
30.016,59.7
30.018,56
30.02,58.7
30.022,66.7
30.024,75.9
30.026,83.4
30.028,85.9
30.03,85.4
30.032,80
30.034,72.1
30.036,63.5
30.038,60.8
30.04,63.6
30.042,72.2
30.044,82
30.046,89.2
30.048,94
30.05,93.6
30.052,87.8
30.054,79.6
30.056,70.7
30.058,67.1
30.06,69.2
30.062,77.5
30.064,87.4
30.066,93.6
30.068,96.6
30.07,95.4
30.072,90.1
30.074,82.4
30.076,73
30.078,70.6
30.08,73.1
30.082,81.7
30.084,91.2
30.086,97.8
30.088,101
30.09,99.6
30.092,94.5
30.094,86.4
30.096,77.5
30.098,74.2
30.1,76.6
30.102,85.4
30.104,94.9
30.106,101
30.108,104
30.11,103
30.112,98
30.114,89.8
30.116,80.2
30.118,76.3
30.12,78.3
30.122,86.7
30.124,96.1
30.126,103
30.128,105
30.13,103
30.132,96.1
30.134,87
30.136,75.7
30.138,71
30.14,72.5
30.142,80.7
30.144,90.1
30.146,95.9
30.148,97.7
30.15,95.8
30.152,88.1
30.154,79.1
30.156,67
30.158,62.5
30.16,64
30.162,71.1
30.164,79.9
30.166,85.2
30.168,86.6
30.17,83.5
30.172,75.7
30.174,66.2
30.176,53.7
30.178,49
30.18,49.6
30.182,56.9
30.184,65
30.186,70.6
30.188,72
30.19,69.2
30.192,62
30.194,51.8
30.196,41.3
30.198,37.1
30.2,38.7
30.202,46.4
30.204,55.5
30.206,62.3
30.208,64.1
30.21,62.4
30.212,56.2
30.214,46.6
30.216,36.7
30.218,33.3
30.22,36.4
30.222,45.1
30.224,54.5
30.226,62.9
30.228,65.5
30.23,64.3
30.232,58.2
30.234,49.2
30.236,39.4
30.238,36.3
30.24,39.5
30.242,48.6
30.244,58.1
30.246,65.6
30.248,68.6
30.25,67.1
30.252,60.1
30.254,50.7
30.256,38.8
30.258,34.8
30.26,38.5
30.262,48.6
30.264,59.4
30.266,67.7
30.268,70.8
30.27,69.1
30.272,62.6
30.274,53.5
30.276,43.1
30.278,40.3
30.28,43.9
30.282,53.9
30.284,64.1
30.286,71.9
30.288,75.3
30.29,73.9
30.292,68
30.294,60.4
30.296,51
30.298,48.5
30.3,52.2
30.302,61.7
30.304,71.2
30.306,78.6
30.308,81.1
30.31,79.9
30.312,74.9
30.314,66.8
30.316,58.2
30.318,55.5
30.32,59.2
30.322,67.8
30.324,77.1
30.326,84.1
30.328,86.3
30.33,84.7
30.332,79.2
30.334,71.2
30.336,63.1
30.338,59.8
30.34,63.6
30.342,71.8
30.344,80.5
30.346,87.1
30.348,89.5
30.35,88
30.352,81.9
30.354,74
30.356,65.9
30.358,63.4
30.36,66.1
30.362,74.3
30.364,82.5
30.366,88.2
30.368,90.7
30.37,88.8
30.372,83.4
30.374,74.9
30.376,67.4
30.378,65
30.38,68
30.382,75.4
30.384,83.4
30.386,89.1
30.388,91.5
30.39,89.6
30.392,84.4
30.394,76.1
30.396,68.8
30.398,66
30.4,68.9
30.402,76.3
30.404,84.4
30.406,90.1
30.408,91.3
30.41,90.1
30.412,85.1
30.414,77
30.416,70.3
30.418,67.6
30.42,70.6
30.422,77.8
30.424,86.3
30.426,91.5
30.428,92.9
30.43,92
30.432,86.7
30.434,79.6
30.436,72.4
30.438,70.4
30.44,73.8
30.442,81.2
30.444,89.5
30.446,95.4
30.448,97.7
30.45,96.3
30.452,91.2
30.454,83.6
30.456,76.6
30.458,74.4
30.46,77.1
30.462,84.6
30.464,92
30.466,96.8
30.468,98.2
30.47,96.4
30.472,90.9
30.474,82
30.476,75.6
30.478,73.4
30.48,75.5
30.482,82.6
30.484,89.2
30.486,94.5
30.488,96.1
30.49,93.8
30.492,88.9
30.494,81
30.496,74.1
30.498,71.3
30.5,74.5
30.502,81.5
30.504,88.4
30.506,93.3
30.508,94.7
30.51,93.6
30.512,87.8
30.514,80.6
30.516,74.3
30.518,71.7
30.52,74.8
30.522,81.5
30.524,89.4
30.526,94
30.528,95.5
30.53,94.2
30.532,89.1
30.534,82.1
30.536,75
30.538,72.9
30.54,75.7
30.542,82.7
30.544,90.5
30.546,94.9
30.548,96.7
30.55,95
30.552,89.5
30.554,82.9
30.556,75.7
30.558,73.4
30.56,76.1
30.562,83.3
30.564,90.5
30.566,94.6
30.568,96.1
30.57,94.2
30.572,89
30.574,81.4
30.576,73.9
30.578,71.7
30.58,74
30.582,80.5
30.584,87.9
30.586,91.9
30.588,93.1
30.59,90.3
30.592,84.3
30.594,75
30.596,66.1
30.598,63.1
30.6,66
30.602,72.9
30.604,80.1
30.606,84.1
30.608,84.3
30.61,81
30.612,73.3
30.614,63.8
30.616,54.1
30.618,49.7
30.62,51.8
30.622,57.5
30.624,64
30.626,67.1
30.628,66.8
30.63,63
30.632,54.3
30.634,43.9
30.636,33.6
30.638,29
30.64,31.3
30.642,35.3
30.644,40.5
30.646,43.2
30.648,42.7
30.65,38
30.652,29.5
30.654,18.2
30.656,8.4
30.658,3.74
30.66,4.51
30.662,11.2
30.664,18
30.666,22.7
30.668,23.4
30.67,21.5
30.672,15.6
30.674,6.17
30.676,-2.05
30.678,-5.3
30.68,-0.779
30.682,7.69
30.684,16.4
30.686,22
30.688,23.6
30.69,20.9
30.692,13.3
30.694,3.23
30.696,-6.39
30.698,-9.89
30.7,-6.39
30.702,1.45
30.704,10.1
30.706,16.1
30.708,18.1
30.71,15.8
30.712,8.4
30.714,-1.23
30.716,-10.4
30.718,-12.9
30.72,-8.81
30.722,0.431
30.724,10.5
30.726,16.9
30.728,19.1
30.73,16.7
30.732,10.1
30.734,0.24
30.736,-8.68
30.738,-10.8
30.74,-6.19
30.742,4.13
30.744,13.6
30.746,20.8
30.748,23.2
30.75,21.2
30.752,14.8
30.754,5.97
30.756,-1.67
30.758,-3.52
30.76,1.9
30.762,13.1
30.764,24.2
30.766,32.6
30.768,36.7
30.77,36.4
30.772,31.1
30.774,23
30.776,17.1
30.778,16.9
30.78,25
30.782,38.3
30.784,52.3
30.786,62.4
30.788,68.3
30.79,69.8
30.792,65.5
30.794,58.9
30.796,51.8
30.798,52.2
30.8,59.5
30.802,71.7
30.804,83.6
30.806,91
30.808,93.3
30.81,90.5
30.812,82
30.814,70.3
30.816,58.6
30.818,53.5
30.82,55.4
30.822,62.2
30.824,67.8
30.826,69.8
30.828,67.9
30.83,59.6
30.832,47.3
30.834,31.2
30.836,18
30.838,10.3
30.84,10.8
30.842,16.9
30.844,22.5
30.846,25.3
30.848,25
30.85,20.4
30.852,12.5
30.854,2.28
30.856,-4.98
30.858,-6.07
30.86,1.32
30.862,14.3
30.864,28
30.866,39.7
30.868,47.1
30.87,51.1
30.872,50.9
30.874,48.3
30.876,46.6
30.878,50.3
30.88,60.3
30.882,73.4
30.884,86.1
30.886,94.5
30.888,98.4
30.89,96.5
30.892,90
30.894,80.8
30.896,72.7
30.898,70.4
30.9,74
30.902,82.6
30.904,91.2
30.906,95.9
30.908,97.6
30.91,94.1
30.912,86.4
30.914,76.5
30.916,67.8
30.918,64.7
30.92,68
30.922,75
30.924,81
30.926,84.2
30.928,83.4
30.93,78.5
30.932,69
30.934,56.9
30.936,46.1
30.938,40.6
30.94,41.9
30.942,46.5
30.944,50.8
30.946,53.1
30.948,50.5
30.95,44
30.952,33.8
30.954,21.8
30.956,11
30.958,6.29
30.96,9.16
30.962,15.9
30.964,22.7
30.966,27.8
30.968,29.4
30.97,27.5
30.972,22
30.974,15.4
30.976,9.92
30.978,11.4
30.98,19.2
30.982,32.6
30.984,46.4
30.986,56.7
30.988,64.2
30.99,67.2
30.992,66.2
30.994,62.1
30.996,59.6
30.998,62.2
31,70.3
31.002,81.9
31.004,92.3
31.006,99.4
31.008,102
31.01,98.6
31.012,91.2
31.014,80.8
31.016,71.2
31.018,66.1
31.02,67.6
31.022,72.5
31.024,75.5
31.026,76.1
31.028,72.5
31.03,64
31.032,52.3
31.034,37.7
31.036,25.7
31.038,18.4
31.04,18.4
31.042,23.3
31.044,28.3
31.046,30.8
31.048,30
31.05,25.7
31.052,18.7
31.054,9.92
31.056,3.04
31.058,2.34
31.06,7.69
31.062,17
31.064,26.3
31.066,32.2
31.068,34.7
31.07,32.6
31.072,27.1
31.074,18.9
31.076,12.7
31.078,11.6
31.08,16.6
31.082,25.7
31.084,34.2
31.086,39.9
31.088,42.1
31.09,39.9
31.092,33.9
31.094,25.9
31.096,19.4
31.098,18.1
31.1,23.3
31.102,33.2
31.104,42.4
31.106,48.9
31.108,51.1
31.11,50
31.112,43.8
31.114,35.8
31.116,29.4
31.118,27.8
31.12,33.7
31.122,42.8
31.124,51.9
31.126,57.8
31.128,59.7
31.13,56.9
31.132,50.3
31.134,41
31.136,33.9
31.138,32.5
31.14,38
31.142,48
31.144,58.3
31.146,64.5
31.148,66.8
31.15,64.5
31.152,58.2
31.154,49.5
31.156,43.1
31.158,41.9
31.16,47.8
31.162,57.8
31.164,67.1
31.166,72.7
31.168,75.4
31.17,73.1
31.172,67.1
31.174,58.4
31.176,52
31.178,50.6
31.18,55.7
31.182,66.1
31.184,74.7
31.186,80.6
31.188,82.7
31.19,80.2
31.192,73.6
31.194,64.1
31.196,57
31.198,55.4
31.2,61.4
31.202,70.4
31.204,80
31.206,85
31.208,87
31.21,84.2
31.212,77.1
31.214,67.7
31.216,60.2
31.218,58.7
31.22,63.9
31.222,73.4
31.224,82.6
31.226,87.7
31.228,89.8
31.23,86.6
31.232,79.2
31.234,69.9
31.236,62.1
31.238,60.2
31.24,65.4
31.242,75.2
31.244,84.2
31.246,89
31.248,90.9
31.25,87.7
31.252,80.4
31.254,70.5
31.256,62.6
31.258,60.4
31.26,65.5
31.262,75.2
31.264,83.8
31.266,89.1
31.268,90.5
31.27,87.7
31.272,79.6
31.274,69.6
31.276,62
31.278,59.7
31.28,65.1
31.282,74.6
31.284,83.5
31.286,89.1
31.288,90.3
31.29,86.9
31.292,78.9
31.294,68.6
31.296,61.1
31.298,58.6
31.3,64.2
31.302,74
31.304,82.9
31.306,88
31.308,89.2
31.31,85.8
31.312,78
31.314,68
31.316,60
31.318,58
31.32,63.1
31.322,73.4
31.324,82.2
31.326,87.2
31.328,88.9
31.33,84.8
31.332,77.5
31.334,67.2
31.336,59.7
31.338,57.6
31.34,63.4
31.342,73.4
31.344,82.4
31.346,87.2
31.348,88.6
31.35,84.9
31.352,77
31.354,66.7
31.356,58.9
31.358,56.9
31.36,62.8
31.362,72.4
31.364,81.5
31.366,86.8
31.368,88
31.37,84.2
31.372,76.4
31.374,65.9
31.376,58.2
31.378,56.1
31.38,62.4
31.382,71.9
31.384,81.4
31.386,86.1
31.388,87.7
31.39,84.3
31.392,76.1
31.394,66.2
31.396,58.7
31.398,57.1
31.4,62.6
31.402,73
31.404,81.8
31.406,86.8
31.408,88.5
31.41,84.5
31.412,77
31.414,66.6
31.416,59.5
31.418,57.7
31.42,64.9
31.422,74
31.424,82.2
31.426,87.1
31.428,88.7
31.43,84.3
31.432,77
31.434,66.8
31.436,59
31.438,57.9
31.44,64.1
31.442,74.1
31.444,82
31.446,87.7
31.448,88.2
31.45,82.9
31.452,75.6
31.454,64.7
31.456,57.5
31.458,54.7
31.46,60.3
31.462,69
31.464,76.9
31.466,80.6
31.468,80.9
31.47,75.5
31.472,66.3
31.474,54.6
31.476,45.5
31.478,42
31.48,46.9
31.482,53.6
31.484,60.1
31.486,62.2
31.488,61.3
31.49,54.5
31.492,44.1
31.494,30.6
31.496,20.5
31.498,16.2
31.5,18.3
31.502,25.9
31.504,31.5
31.506,33.9
31.508,32
31.51,25.2
31.512,15.1
31.514,1.2
31.516,-7.92
31.518,-11.7
31.52,-7.28
31.522,1.32
31.524,9.29
31.526,14.4
31.528,16.5
31.53,13.2
31.532,5.27
31.534,-5.3
31.536,-12.2
31.538,-13.5
31.54,-6.64
31.542,3.49
31.544,13
31.546,18.4
31.548,20.2
31.55,15.9
31.552,7.57
31.554,-3.01
31.556,-11
31.558,-12.3
31.56,-5.81
31.562,4.38
31.564,14.1
31.566,19.4
31.568,20.8
31.57,16.4
31.572,8.08
31.574,-3.65
31.576,-11.4
31.578,-12.6
31.58,-6
31.582,4.57
31.584,13.7
31.586,19.2
31.588,20.1
31.59,15.3
31.592,7.06
31.594,-4.35
31.596,-12.4
31.598,-14.5
31.6,-7.53
31.602,2.98
31.604,12
31.606,17.3
31.608,18.5
31.61,14
31.612,4.83
31.614,-7.02
31.616,-15.1
31.618,-17.2
31.62,-10.1
31.622,0.304
31.624,9.92
31.626,14.8
31.628,15.8
31.63,11.4
31.632,2.09
31.634,-10.1
31.636,-18.4
31.638,-20.3
31.64,-13.3
31.642,-2.5
31.644,7.95
31.646,13.3
31.648,14.5
31.65,9.54
31.652,0.431
31.654,-11.9
31.656,-21
31.658,-22.8
31.66,-14.9
31.662,-2.88
31.664,7.63
31.666,13.7
31.668,15.3
31.67,9.92
31.672,0.686
31.674,-11.7
31.676,-19.4
31.678,-20.9
31.68,-12.8
31.682,-1.29
31.684,8.71
31.686,14.3
31.688,15.4
31.69,10.9
31.692,2.02
31.694,-9.89
31.696,-17.5
31.698,-18.7
31.7,-11
31.702,-0.0786
31.704,10.1
31.706,15.3
31.708,16
31.71,11.6
31.712,2.53
31.714,-9.19
31.716,-17.5
31.718,-18.4
31.72,-10.7
31.722,1.07
31.724,11.8
31.726,17.4
31.728,19.2
31.73,14.3
31.732,5.78
31.734,-5.37
31.736,-12.5
31.738,-12.8
31.74,-5.05
31.742,6.1
31.744,15.7
31.746,20.8
31.748,21.7
31.75,16.8
31.752,8.52
31.754,-2.82
31.756,-9.95
31.758,-11.4
31.76,-4.28
31.762,6.48
31.764,15.3
31.766,20.6
31.768,21.5
31.77,16.6
31.772,8.01
31.774,-3.33
31.776,-11
31.778,-12.6
31.78,-5.18
31.782,5.59
31.784,15.1
31.786,20.5
31.788,21.2
31.79,16.6
31.792,7.57
31.794,-4.09
31.796,-12.2
31.798,-13.6
31.8,-5.75
31.802,4.83
31.804,15.1
31.806,20.6
31.808,21.8
31.81,16.2
31.812,7.31
31.814,-4.47
31.816,-12.1
31.818,-13.5
31.82,-5.56
31.822,5.53
31.824,15.2
31.826,20.3
31.828,21.6
31.83,16.4
31.832,7.69
31.834,-3.65
31.836,-10.7
31.838,-11.7
31.84,-3.97
31.842,6.67
31.844,15.7
31.846,20.6
31.848,21.5
31.85,16.8
31.852,8.65
31.854,-2.63
31.856,-9.38
31.858,-10.1
31.86,-2.5
31.862,7.82
31.864,17.1
31.866,22.8
31.868,23.4
31.87,19.2
31.872,11.3
31.874,0.813
31.876,-4.98
31.878,-4.67
31.88,3.11
31.882,13.6
31.884,23.2
31.886,28.3
31.888,30.6
31.89,27.6
31.892,21.5
31.894,13.3
31.896,8.9
31.898,11.1
31.9,20.6
31.902,33.5
31.904,44.9
31.906,53.1
31.908,58
31.91,57.4
31.912,54.4
31.914,48.2
31.916,46.9
31.918,50.5
31.92,61
31.922,73.8
31.924,84.3
31.926,90.8
31.928,93.1
31.93,88.7
31.932,80.1
31.934,67.5
31.936,58.3
31.938,52.9
31.94,54.2
31.942,56.7
31.944,57.8
31.946,54.7
31.948,46.9
31.95,35
31.952,19.7
31.954,4.06
31.956,-6.7
31.958,-9.44
31.96,-2.69
31.962,8.01
31.964,19.4
31.966,29.4
31.968,37.6
31.97,41.3
31.972,42.7
31.974,42.1
31.976,44.5
31.978,52.1
31.98,65.3
31.982,79.2
31.984,89.6
31.986,93.8
31.988,94.8
31.99,89.8
31.992,81.9
31.994,71.2
31.996,64.5
31.998,62.4
32,67.1
32.002,74.6
32.004,79.9
32.006,82.2
32.008,80.3
32.01,74.3
32.012,64.7
32.014,53.3
32.016,45.3
32.018,43.1
32.02,47.6
32.022,53.8
32.024,59.1
32.026,61.7
32.028,59.2
32.03,53.2
32.032,44
32.034,32.5
32.036,24.6
32.038,22.5
32.04,27.4
32.042,34.2
32.044,40.5
32.046,43.1
32.048,43.4
32.05,37.4
32.052,29.9
32.054,20.7
32.056,15.5
32.058,16
32.06,24.1
32.062,34.8
32.064,44.3
32.066,50
32.068,53.6
32.07,51.7
32.072,47.5
32.074,40.3
32.076,36.6
32.078,38.3
32.08,45.6
32.082,55
32.084,62
32.086,64.4
32.088,63.6
32.09,56.7
32.092,46.8
32.094,33.6
32.096,24.6
32.098,20.9
32.1,24.6
32.102,30.6
32.104,36.8
32.106,40.1
32.108,39.9
32.11,37.4
32.112,32.5
32.114,26.1
32.116,23.2
32.118,25.9
32.12,35.7
32.122,46.6
32.124,56.4
32.126,62
32.128,64.7
32.13,61.3
32.132,55
32.134,46.8
32.136,41.1
32.138,41.7
32.14,48.4
32.142,56.9
32.144,63.4
32.146,66.8
32.148,66.8
32.15,60.8
32.152,53
32.154,42.2
32.156,35.8
32.158,34.1
32.16,39.7
32.162,47.8
32.164,53.6
32.166,56.1
32.168,55.1
32.17,50
32.172,42
32.174,31.8
32.176,26.3
32.178,24.4
32.18,31.2
32.182,39.2
32.184,46.6
32.186,50.6
32.188,50.9
32.19,47.5
32.192,40.6
32.194,31.9
32.196,27.1
32.198,27.8
32.2,35.1
32.202,43.7
32.204,51
32.206,55
32.208,55.4
32.21,50.8
32.212,43.9
32.214,34.2
32.216,28.7
32.218,28.5
32.22,34.5
32.222,43.1
32.224,49.7
32.226,53.4
32.228,53.5
32.23,47.9
32.232,40.6
32.234,29.6
32.236,23.2
32.238,22
32.24,28.9
32.242,38.1
32.244,46.2
32.246,49.7
32.248,49.5
32.25,45.1
32.252,36.7
32.254,26.3
32.256,20.8
32.258,20.3
32.26,27.6
32.262,36.9
32.264,44.3
32.266,48
32.268,48
32.27,43
32.272,35
32.274,24.7
32.276,18.4
32.278,18.1
32.28,25
32.282,34.1
32.284,41.2
32.286,44.6
32.288,44.3
32.29,38.8
32.292,30.6
32.294,20
32.296,13.3
32.298,13.6
32.3,20.8
32.302,29.9
32.304,37.8
32.306,41.7
32.308,41.6
32.31,35.9
32.312,27.3
32.314,16.5
32.316,10.6
32.318,10.3
32.32,18
32.322,27.6
32.324,35.6
32.326,39.6
32.328,39.5
32.33,34.4
32.332,25.5
32.334,14.4
32.336,8.59
32.338,8.65
32.34,17.1
32.342,27.7
32.344,36.2
32.346,40.6
32.348,40.6
32.35,36.2
32.352,27.8
32.354,17.4
32.356,11.9
32.358,13.2
32.36,21.5
32.362,32.1
32.364,41.3
32.366,46
32.368,47.3
32.37,42.6
32.372,35.7
32.374,26
32.376,21.5
32.378,23.5
32.38,32.9
32.382,44.8
32.384,54.1
32.386,60.1
32.388,61.5
32.39,57.6
32.392,51.2
32.394,42.4
32.396,38.8
32.398,41.1
32.4,50.6
32.402,62
32.404,71.6
32.406,77.1
32.408,78.7
32.41,75.6
32.412,69.2
32.414,61.1
32.416,57.6
32.418,59.3
32.42,68.5
32.422,79.1
32.424,88.2
32.426,93
32.428,93.8
32.43,89.9
32.432,82
32.434,72.7
32.436,67.8
32.438,68.9
32.44,76.4
32.442,86.2
32.444,94.4
32.446,98.7
32.448,98.9
32.45,94.2
32.452,86.7
32.454,77.6
32.456,72.7
32.458,74.3
32.46,81.7
32.462,91.2
32.464,98.7
32.466,102
32.468,103
32.47,98.2
32.472,91.5
32.474,82.3
32.476,78.5
32.478,79.3
32.48,86.8
32.482,95.4
32.484,102
32.486,106
32.488,106
32.49,101
32.492,94.2
32.494,85.8
32.496,81.7
32.498,82.4
32.5,89.4
32.502,97.1
32.504,103
32.506,106
32.508,105
32.51,100
32.512,93.2
32.514,84.1
32.516,79.4
32.518,80.3
32.52,86.7
32.522,94.8
32.524,101
32.526,104
32.528,104
32.53,98.9
32.532,92.5
32.534,83.8
32.536,79.8
32.538,81
32.54,87
32.542,95.3
32.544,101
32.546,104
32.548,104
32.55,101
32.552,95.4
32.554,87.1
32.556,83.4
32.558,83.8
32.56,89.6
32.562,96.6
32.564,102
32.566,104
32.568,103
32.57,97.1
32.572,89.8
32.574,80.7
32.576,75.4
32.578,75.1
32.58,79.8
32.582,85.5
32.584,89.3
32.586,90.1
32.588,87.7
32.59,81.6
32.592,73.8
32.594,63.9
32.596,57.8
32.598,56.5
32.6,60.1
32.602,65
32.604,68.5
32.606,68.2
32.608,65.8
32.61,59
32.612,50.4
32.614,39.7
32.616,34.5
32.618,32.7
32.62,36.3
32.622,41.5
32.624,44.7
32.626,45.5
32.628,43.9
32.63,38.8
32.632,32
32.634,23.1
32.636,18.9
32.638,19
32.64,24.3
32.642,30.9
32.644,35.9
32.646,38.7
32.648,38.9
32.65,36.3
32.652,31.8
32.654,25.9
32.656,24
32.658,26.2
32.66,33.7
32.662,42.4
32.664,49
32.666,52.5
32.668,53.8
32.67,51.2
32.672,46.2
32.674,40.3
32.676,38.4
32.678,40.4
32.68,47
32.682,55.2
32.684,61.5
32.686,64.1
32.688,64.7
32.69,61
32.692,56.1
32.694,48.4
32.696,45.7
32.698,47
32.7,52.8
32.702,59.9
32.704,64.7
32.706,67.1
32.708,66
32.71,61.8
32.712,55.9
32.714,47.5
32.716,43.9
32.718,44.1
32.72,49.3
32.722,55.2
32.724,59.5
32.726,60.9
32.728,59.2
32.73,54.1
32.732,46.9
32.734,38.4
32.736,34.2
32.738,33.7
32.74,38.6
32.742,43.7
32.744,47.8
32.746,48.7
32.748,47.4
32.75,41.9
32.752,34.6
32.754,26.7
32.756,22.2
32.758,22.2
32.76,26.9
32.762,32.5
32.764,37.2
32.766,38.1
32.768,36.8
32.77,32.2
32.772,26.2
32.774,18.9
32.776,16.4
32.778,17.6
32.78,23
32.782,30
32.784,34.4
32.786,36.2
32.788,35.4
32.79,31.3
32.792,25
32.794,17.7
32.796,14.7
32.798,15.6
32.8,24.4
32.802,32
32.804,34.8
32.806,38.5
32.808,37.1
32.81,30.7
32.812,24
32.814,16.4
32.816,12.9
32.818,13.6
32.82,20
32.822,26.6
32.824,31.7
32.826,33.7
32.828,33.2
32.83,29.1
32.832,22.6
32.834,15.7
32.836,12.4
32.838,13.4
32.84,19.4
32.842,26.4
32.844,31.7
32.846,33.6
32.848,33
32.85,28.6
32.852,22.3
32.854,14.3
32.856,11.2
32.858,12.2
32.86,18.2
32.862,25.6
32.864,30.2
32.866,32.7
32.868,32
32.87,27.2
32.872,20.8
32.874,12.5
32.876,9.29
32.878,10.2
32.88,16.7
32.882,23.8
32.884,29.7
32.886,31.8
32.888,30.6
32.89,26.5
32.892,19.2
32.894,9.67
32.896,6.1
32.898,7.57
32.9,14.6
32.902,22.6
32.904,28.8
32.906,31.3
32.908,30.5
32.91,25.3
32.912,17.7
32.914,8.4
32.916,4.38
32.918,5.66
32.92,13.2
32.922,21.9
32.924,27.6
32.926,29.8
32.928,29.3
32.93,23.4
32.932,14.8
32.934,4
32.936,-0.27
32.938,0.622
32.94,8.2
32.942,18.1
32.944,25
32.946,28.7
32.948,25.5
32.95,18.1
32.952,9.35
32.954,-1.93
32.956,-5.62
32.958,-2.82
32.96,6.61
32.962,17.8
32.964,26.4
32.966,30.1
32.968,28.8
32.97,23
32.972,13.9
32.974,2.47
32.976,-1.93
32.978,0.304
32.98,10.2
32.982,22.3
32.984,32.2
32.986,36.4
32.988,37
32.99,32.3
32.992,24.9
32.994,16.4
32.996,14.8
32.998,19.6
33,31.6
33.002,45.4
33.004,55.8
33.006,61.8
33.008,65
33.01,63.1
33.012,59.2
33.014,53.2
33.016,53.8
33.018,60.3
33.02,72.3
33.022,86.1
33.024,96.3
33.026,101
33.028,103
33.03,98.2
33.032,91
33.034,80.2
33.036,75.7
33.038,75.7
33.04,81.4
33.042,87.8
33.044,90.5
33.046,88.9
33.048,82
33.05,71
33.052,57.5
33.054,42.2
33.056,33
33.058,29.6
33.06,32.9
33.062,38.1
33.064,40.5
33.066,40.2
33.068,36.8
33.07,30.6
33.072,22.7
33.074,14.4
33.076,12.9
33.078,18
33.08,29.4
33.082,42.6
33.084,54
33.086,61
33.088,65.4
33.09,65.5
33.092,63.3
33.094,59.4
33.096,61.2
33.098,68
33.1,79.8
33.102,92.7
33.104,102
33.106,107
33.108,108
33.11,104
33.112,97.6
33.114,88.6
33.116,86.1
33.118,87.7
33.12,95.4
33.122,103
33.124,109
33.126,111
33.128,109
33.13,103
33.132,93.8
33.134,83.9
33.136,79.2
33.138,79.6
33.14,85
33.142,91.3
33.144,94.9
33.146,94.3
33.148,90.4
33.15,81.6
33.152,70.7
33.154,58.2
33.156,51.2
33.158,50
33.16,53.8
33.162,59.2
33.164,61.1
33.166,60.4
33.168,55.7
33.17,46.9
33.172,36.6
33.174,24.9
33.176,19.5
33.178,19.4
33.18,26
33.182,33.8
33.184,38.4
33.186,41
33.188,39.7
33.19,34.6
33.192,27.5
33.194,20
33.196,18.6
33.198,22.7
33.2,33
33.202,44.7
33.204,54.3
33.206,59.9
33.208,62.5
33.21,62
33.212,58
33.214,53.9
33.216,55.2
33.218,62.1
33.22,73.6
33.222,86.1
33.224,96.1
33.226,101
33.228,104
33.23,101
33.232,95.3
33.234,87.5
33.236,85.2
33.238,88
33.24,95.2
33.242,103
33.244,107
33.246,108
33.248,104
33.25,95.2
33.252,84.2
33.254,70.1
33.256,62.3
33.258,59
33.26,62
33.262,65
33.264,65.5
33.266,62.9
33.268,56.6
33.27,45.9
33.272,33.8
33.274,21
33.276,14.6
33.278,14.3
33.28,20.7
33.282,29.1
33.284,36.2
33.286,39.4
33.288,39
33.29,34.8
33.292,27.6
33.294,19.6
33.296,17.5
33.298,20.2
33.3,28.8
33.302,38.5
33.304,45.6
33.306,48
33.308,46.9
33.31,41.7
33.312,33.8
33.314,24.5
33.316,21.5
33.318,24.5
33.32,32
33.322,41.6
33.324,48.4
33.326,52.6
33.328,53.2
33.33,48.7
33.332,40.3
33.334,30.1
33.336,27.1
33.338,30.4
33.34,39.7
33.342,49.9
33.344,56.6
33.346,59.7
33.348,58.7
33.35,53.6
33.352,44.9
33.354,36.6
33.356,33.8
33.358,37.5
33.36,47.9
33.362,58.9
33.364,67.8
33.366,71
33.368,71.2
33.37,65.9
33.372,57.3
33.374,48.9
33.376,45.9
33.378,49.8
33.38,59.8
33.382,71.3
33.384,78.2
33.386,81.3
33.388,80.7
33.39,75.5
33.392,67.7
33.394,58.7
33.396,56.8
33.398,60.6
33.4,70.1
33.402,81.7
33.404,88.4
33.406,91.2
33.408,90.4
33.41,84.9
33.412,77
33.414,68.5
33.416,66.4
33.418,69.8
33.42,78.5
33.422,88.5
33.424,95.2
33.426,97.7
33.428,96.1
33.43,90.3
33.432,81
33.434,72.7
33.436,69.1
33.438,72
33.44,80
33.442,88.7
33.444,95.3
33.446,96.8
33.448,95
33.45,88.3
33.452,78.9
33.454,70.3
33.456,66.1
33.458,69.4
33.46,77.7
33.462,87
33.464,92.2
33.466,94.7
33.468,91.9
33.47,85.4
33.472,75.4
33.474,66.2
33.476,62.5
33.478,64.4
33.48,72.2
33.482,80.1
33.484,85
33.486,86.6
33.488,83.4
33.49,76.6
33.492,66.6
33.494,57.2
33.496,52.5
33.498,53.6
33.5,60.7
33.502,67.2
33.504,71.7
33.506,72.1
33.508,68.5
33.51,60.4
33.512,49.1
33.514,40.2
33.516,35.3
33.518,36.7
33.52,43.1
33.522,50.4
33.524,54.7
33.526,54.8
33.528,52.2
33.53,44.8
33.532,34.8
33.534,26.2
33.536,22.3
33.538,23.7
33.54,30.6
33.542,37.8
33.544,42.2
33.546,43.1
33.548,40.7
33.55,34.2
33.552,24.8
33.554,16.2
33.556,13.7
33.558,15.1
33.56,22
33.562,29.4
33.564,33.8
33.566,34.8
33.568,31.7
33.57,25.5
33.572,17.8
33.574,10.3
33.576,7.44
33.578,12.3
33.58,21
33.582,30.4
33.584,33.8
33.586,36.4
33.588,34.1
33.59,25.6
33.592,14.3
33.594,10.1
33.596,7.06
33.598,11.8
33.6,23.5
33.602,30.9
33.604,38.9
33.606,42.5
33.608,34.8
33.61,27
33.612,22.1
33.614,18.5
33.616,15.6
33.618,20.1
33.62,31.1
33.622,42.4
33.624,41.2
33.626,43.9
33.628,41.1
33.63,32.4
33.632,26.1
33.634,19.4
33.636,17.4
33.638,19.9
33.64,27.2
33.642,34
33.644,37.4
33.646,39
33.648,37.5
33.65,33
33.652,26
33.654,19.9
33.656,17.4
33.658,19.6
33.66,25.5
33.662,31.8
33.664,36
33.666,36.2
33.668,33.6
33.67,27.7
33.672,21.3
33.674,15.2
33.676,13.6
33.678,18.7
33.68,25.6
33.682,32.7
33.684,36.4
33.686,38.9
33.688,38.5
33.69,35.2
33.692,30.6
33.694,25.9
33.696,25.7
33.698,30.6
33.7,39.1
33.702,47.8
33.704,53.9
33.706,58.2
33.708,58.9
33.71,57.3
33.712,52.9
33.714,50.3
33.716,50.3
33.718,56.4
33.72,67.7
33.722,78.3
33.724,86.4
33.726,89.6
33.728,88.1
33.73,81.2
33.732,71.7
33.734,62.4
33.736,59.3
33.738,75.9
33.74,86.1
33.742,97.3
33.744,104
33.746,107
33.748,105
33.75,97.2
33.752,86.4
33.754,76.4
33.756,82.6
33.758,87.1
33.76,96.7
33.762,105
33.764,105
33.766,107
33.768,103
33.77,95.9
33.772,86.8
33.774,83.3
33.776,79.7
33.778,84.7
33.78,93.7
33.782,98
33.784,102
33.786,101
33.788,97.5
33.79,89.1
33.792,81.6
33.794,71.5
33.796,68.6
33.798,72.8
33.8,83.2
33.802,85.6
33.804,88.1
33.806,88.2
33.808,84.9
33.81,75.9
33.812,70.1
33.814,61.9
33.816,58.3
33.818,62.4
33.82,68.8
33.822,71.7
33.824,75.4
33.826,75
33.828,70.5
33.83,61.8
33.832,49.7
33.834,40.8
33.836,39
33.838,42.5
33.84,52
33.842,56.9
33.844,56.9
33.846,57.8
33.848,54.2
33.85,45.7
33.852,33.4
33.854,22.5
33.856,18.7
33.858,23
33.86,32.9
33.862,39.9
33.864,39.2
33.866,40.6
33.868,37
33.87,26.8
33.872,17.9
33.874,11.5
33.876,9.22
33.878,13.9
33.88,19.7
33.882,25.3
33.884,30.8
33.886,31.7
33.888,29.7
33.89,24.5
33.892,17.3
33.894,10.9
33.896,9.61
33.898,13
33.9,20.1
33.902,26.7
33.904,31.1
33.906,32.5
33.908,30.1
33.91,24.8
33.912,17.1
33.914,10.2
33.916,8.78
33.918,12
33.92,18.8
33.922,25.2
33.924,30.3
33.926,30.9
33.928,29
33.93,23
33.932,15.4
33.934,8.71
33.936,6.87
33.938,10.9
33.94,17.8
33.942,24.6
33.944,29.1
33.946,30.4
33.948,28
33.95,22.3
33.952,14.7
33.954,7.82
33.956,5.91
33.958,9.1
33.96,16.2
33.962,23.1
33.964,27.6
33.966,29
33.968,26.6
33.97,20.6
33.972,12.5
33.974,5.78
33.976,3.49
33.978,7.5
33.98,14.5
33.982,21.7
33.984,26.3
33.986,27.6
33.988,24.5
33.99,18.1
33.992,10.2
33.994,3.36
33.996,1.32
33.998,5.91
34,13.1
34.002,20.9
34.004,25.5
34.006,27.3
34.008,25.3
34.01,18.8
34.012,11.6
34.014,4.76
34.016,3.11
34.018,7.57
34.02,15.7
34.022,23
34.024,28
34.026,29.9
34.028,27.9
34.03,22
34.032,14.1
34.034,7.63
34.036,6.17
34.038,10.3
34.04,18.3
34.042,26.4
34.044,31.1
34.046,32.9
34.048,30.9
34.05,25
34.052,17.4
34.054,11.4
34.056,9.92
34.058,14.8
34.06,23
34.062,31.5
34.064,36.6
34.066,38.8
34.068,38
34.07,33.2
34.072,26.7
34.074,22
34.076,22.2
34.078,28.5
34.08,38.5
34.082,48.5
34.084,55.7
34.086,60.6
34.088,61.5
34.09,59.8
34.092,55.9
34.094,54.3
34.096,57.3
34.098,65.1
34.1,77.5
34.102,88
34.104,95.9
34.106,100
34.108,101
34.11,96.4
34.112,88.9
34.114,83.3
34.116,80.7
34.118,83
34.12,88
34.122,91.4
34.124,92
34.126,88.5
34.128,81.3
34.13,70.3
34.132,56.9
34.134,44.8
34.136,37.3
34.138,34.7
34.14,36.2
34.142,38.5
34.144,38.5
34.146,36.2
34.148,31.7
34.15,24.8
34.152,18.7
34.154,15.7
34.156,17.1
34.158,24.5
34.16,36.6
34.162,48.4
34.164,59.2
34.166,66.9
34.168,71.8
34.17,73.7
34.172,73.3
34.174,74.7
34.176,77.8
34.178,85.9
34.18,97.1
34.182,105
34.184,109
34.186,110
34.188,107
34.19,97.6
34.192,92.9
34.194,86.4
34.196,84
34.198,86.4
34.2,90.8
34.202,95
34.204,96.4
34.206,95.6
34.208,90.5
34.21,83.3
34.212,73.6
34.214,65.6
34.216,61.6
34.218,65.3
34.22,68.7
34.222,72.7
34.224,72.9
34.226,69.8
34.228,61.8
34.23,50.7
34.232,38.3
34.234,28
34.236,24.8
34.238,30.1
34.24,31.7
34.242,39
34.244,39.2
34.246,35.9
34.248,33.6
34.25,29
34.252,23.5
34.254,19.4
34.256,22
34.258,30.6
34.26,42.1
34.262,54.7
34.264,64.5
34.266,72.9
34.268,77.3
34.27,79.2
34.272,78.7
34.274,78.7
34.276,82
34.278,88.9
34.28,97.8
34.282,104
34.284,106
34.286,103
34.288,94.4
34.29,82.2
34.292,66.2
34.294,51.9
34.296,41.5
34.298,37.3
34.3,36.7
34.302,37.4
34.304,37
34.306,35.5
34.308,32.7
34.31,28.6
34.312,23
34.314,19.2
34.316,19.9
34.318,26.5
34.32,35.5
34.322,44.3
34.324,50.3
34.326,53.8
34.328,53.1
34.33,50
34.332,44.8
34.334,40.9
34.336,41.5
34.338,47.3
34.34,55.9
34.342,63.7
34.344,69.2
34.346,71.6
34.348,70.1
34.35,65.8
34.352,58.8
34.354,54.1
34.356,53.5
34.358,58.2
34.36,65.8
34.362,72.5
34.364,77.3
34.366,78.7
34.368,76.4
34.37,71.3
34.372,63.8
34.374,58.4
34.376,57.4
34.378,62.2
34.38,69.2
34.382,75.7
34.384,79.6
34.386,80.9
34.388,77.5
34.39,72.2
34.392,65.8
34.394,59.6
34.396,58.5
34.398,62.9
34.4,70.5
34.402,76.7
34.404,80.7
34.406,82.3
34.408,79.4
34.41,74
34.412,66.3
34.414,61.4
34.416,60.1
34.418,64.9
34.42,72.4
34.422,78.9
34.424,83.6
34.426,84.9
34.428,83.2
34.43,77.7
34.432,70.7
34.434,66.6
34.436,66.2
34.438,71.9
34.44,79.7
34.442,87.5
34.444,92.6
34.446,94.9
34.448,93.2
34.45,88
34.452,81.8
34.454,77.3
34.456,77.2
34.458,82.9
34.46,91
34.462,98.5
34.464,103
34.466,105
34.468,104
34.47,98.9
34.472,91.5
34.474,87.1
34.476,86.4
34.478,91.2
34.48,98.9
34.482,105
34.484,109
34.486,110
34.488,107
34.49,102
34.492,94.4
34.494,89.6
34.496,87.7
34.498,92
34.5,98.4
34.502,104
34.504,107
34.506,107
34.508,104
34.51,96.9
34.512,88.4
34.514,82.5
34.516,80
34.518,83.7
34.52,88.9
34.522,94.1
34.524,96.1
34.526,95.7
34.528,91.3
34.53,84.4
34.532,75.4
34.534,68.2
34.536,65.4
34.538,68.4
34.54,73.5
34.542,77.8
34.544,80.1
34.546,79.2
34.548,74.5
34.55,67.1
34.552,57.1
34.554,50.4
34.556,47.8
34.558,50.8
34.56,56.4
34.562,61.1
34.564,63.5
34.566,62.5
34.568,57.8
34.57,50.3
34.572,40.3
34.574,33.1
34.576,30.4
34.578,33.4
34.58,39
34.582,44.4
34.584,46.5
34.586,46.5
34.588,42.7
34.59,35.6
34.592,27.1
34.594,20.8
34.596,19.2
34.598,22.5
34.6,29
34.602,34.3
34.604,37.8
34.606,38.1
34.608,34.5
34.61,29
34.612,20.4
34.614,14.9
34.616,13.7
34.618,18.4
34.62,25.3
34.622,31
34.624,35
34.626,35.4
34.628,32.8
34.63,26.7
34.632,19.2
34.634,14.2
34.636,13.2
34.638,18.7
34.64,25.5
34.642,32
34.644,36
34.646,37.1
34.648,34.5
34.65,28.5
34.652,21.7
34.654,16.9
34.656,16.5
34.658,22
34.66,29.6
34.662,36.4
34.664,40.3
34.666,42
34.668,39
34.67,34.1
34.672,26.8
34.674,22.2
34.676,22.3
34.678,27.1
34.68,35.3
34.682,42.4
34.684,46.6
34.686,47.5
34.688,45
34.69,39.6
34.692,32.4
34.694,27.8
34.696,27.3
34.698,32.5
34.7,39.6
34.702,46.5
34.704,49.9
34.706,51
34.708,48.5
34.71,42.5
34.712,35
34.714,30.1
34.716,29.1
34.718,34.1
34.72,41.1
34.722,47.1
34.724,49.7
34.726,50.3
34.728,46.9
34.73,40.9
34.732,32.2
34.734,26.9
34.736,25.7
34.738,29.5
34.74,36.4
34.742,41.9
34.744,44.4
34.746,44
34.748,40.4
34.75,31.8
34.752,25.1
34.754,19.5
34.756,18
34.758,22.7
34.76,28.6
34.762,34
34.764,37.2
34.766,36.9
34.768,33.1
34.77,26.8
34.772,18.5
34.774,13
34.776,12.2
34.778,17.1
34.78,23.4
34.782,30.1
34.784,33.4
34.786,34.1
34.788,30.3
34.79,24.5
34.792,16.9
34.794,11.8
34.796,11
34.798,16.6
34.8,25.2
34.802,31.5
34.804,35.3
34.806,35.8
34.808,30.6
34.81,25.5
34.812,17.6
34.814,13.2
34.816,12.9
34.818,19
34.82,26
34.822,31.8
34.824,36.2
34.826,36.7
34.828,33.4
34.83,27.5
34.832,20.2
34.834,15.2
34.836,14.4
34.838,20.1
34.84,27.1
34.842,33.7
34.844,37.6
34.846,37.4
34.848,34.2
34.85,28
34.852,20.5
34.854,15.5
34.856,15.3
34.858,20.1
34.86,27.1
34.862,33.4
34.864,36.3
34.866,36.4
34.868,32.7
34.87,26.7
34.872,19
34.874,14.4
34.876,13.4
34.878,18.2
34.88,25.3
34.882,31.1
34.884,34.6
34.886,34.8
34.888,31.6
34.89,25.9
34.892,17.4
34.894,12.8
34.896,12.3
34.898,17.4
34.9,24.6
34.902,30.9
34.904,34.2
34.906,34.5
34.908,31.3
34.91,25.1
34.912,17.3
34.914,12.7
34.916,11.8
34.918,17.1
34.92,24.1
34.922,30.6
34.924,34.1
34.926,34.8
34.928,31
34.93,25
34.932,16.8
34.934,12
34.936,11.8
34.938,16.9
34.94,24.5
34.942,30.7
34.944,34.5
34.946,34.6
34.948,30.9
34.95,25.2
34.952,17.1
34.954,11.8
34.956,11.4
34.958,17.3
34.96,23.9
34.962,30.4
34.964,33.9
34.966,34
34.968,30.9
34.97,24.3
34.972,16.4
34.974,11.3
34.976,11.1
34.978,16.7
34.98,24.2
34.982,31.1
34.984,35
34.986,34.7
34.988,31.3
34.99,24.9
34.992,16.2
34.994,10.9
34.996,11
34.998,17.9
35,26.7
35.002,34.6
35.004,38.3
35.006,40.2
35.008,36.7
35.01,31.2
35.012,23
35.014,19.2
35.016,19.6
35.018,27.4
35.02,38.2
35.022,46.8
35.024,52.5
35.026,55.5
35.028,53.9
35.03,49.4
35.032,42.7
35.034,39.9
35.036,42.1
35.038,51.8
35.04,63.2
35.042,73.2
35.044,80.1
35.046,83.8
35.048,82.2
35.05,77.5
35.052,70.9
35.054,67.5
35.056,69.1
35.058,77.9
35.06,88.2
35.062,97
35.064,102
35.066,102
35.068,98.1
35.07,90.7
35.072,79.7
35.074,72.4
35.076,69.8
35.078,73.3
35.08,79.2
35.082,82.4
35.084,82
35.086,77.9
35.088,68.6
35.09,56.1
35.092,41.4
35.094,31.2
35.096,25.9
35.098,28.8
35.1,33.8
35.102,38.3
35.104,39.3
35.106,36.2
35.108,30.1
35.11,20.9
35.112,9.86
35.114,4.32
35.116,4.95
35.118,12.5
35.12,23.1
35.122,32.5
35.124,38
35.126,40.6
35.128,38.3
35.13,33.4
35.132,26.3
35.134,24.4
35.136,28.7
35.138,41.5
35.14,57.6
35.142,72.4
35.144,83.8
35.146,91.5
35.148,92.9
35.15,90.4
35.152,82.7
35.154,78.3
35.156,76.6
35.158,80.1
35.16,83.4
35.162,83.1
35.164,78.2
35.166,68.3
35.168,54
35.17,37.5
35.172,20.6
35.174,9.73
35.176,8.46
35.178,15.2
35.18,26.9
35.182,39.7
35.184,50
35.186,59.3
35.188,64.3
35.19,66.9
35.192,67
35.194,70.5
35.196,77
35.198,88.3
35.2,99.8
35.202,107
35.204,111
35.206,110
35.208,104
35.21,96.1
35.212,85.6
35.214,79.9
35.216,78.8
35.218,84.1
35.22,90.2
35.222,95.7
35.224,98.3
35.226,97.1
35.228,92.3
35.23,85
35.232,75.9
35.234,70.3
35.236,69.2
35.238,74.3
35.24,79.8
35.242,84.7
35.244,86.1
35.246,85.2
35.248,79.4
35.25,72
35.252,62.7
35.254,56.6
35.256,54.8
35.258,59.4
35.26,65.4
35.262,69.8
35.264,71.2
35.266,69.4
35.268,63.3
35.27,55.3
35.272,44.6
35.274,37.4
35.276,35
35.278,38.8
35.28,43.9
35.282,47.6
35.284,49.4
35.286,47.1
35.288,40.6
35.29,32.2
35.292,22.2
35.294,15.4
35.296,14.6
35.298,19.6
35.3,26
35.302,32.2
35.304,34.3
35.306,34.5
35.308,29.7
35.31,23.6
35.312,14.9
35.314,10.8
35.316,13
35.318,20.3
35.32,30.7
35.322,39.2
35.324,45.6
35.326,48.7
35.328,48.2
35.33,46.2
35.332,42.3
35.334,43.1
35.336,48
35.338,60.1
35.34,73.6
35.342,85
35.344,94.1
35.346,97.7
35.348,97.5
35.35,93.4
35.352,87.1
35.354,83.3
35.356,83.6
35.358,89.2
35.36,94.8
35.362,98.5
35.364,97.3
35.366,91.4
35.368,81.3
35.37,68.2
35.372,53
35.374,42.4
35.376,36
35.378,37.3
35.38,40.5
35.382,42.4
35.384,41.7
35.386,38.8
35.388,31.4
35.39,22.9
35.392,14
35.394,10.3
35.396,11.8
35.398,19.7
35.4,30
35.402,37.3
35.404,42.7
35.406,43.9
35.408,40.7
35.41,34.9
35.412,27.2
35.414,24.1
35.416,25.3
35.418,34.1
35.42,43.9
35.422,52
35.424,56.5
35.426,57.7
35.428,54.3
35.43,47.7
35.432,39.7
35.434,35.4
35.436,36.6
35.438,43.9
35.44,53.1
35.442,60.8
35.444,63.7
35.446,64.3
35.448,59.7
35.45,52.9
35.452,43.6
35.454,39.2
35.456,40.1
35.458,47.1
35.46,55.7
35.462,62.6
35.464,66.4
35.466,66
35.468,61.6
35.47,54.5
35.472,44.6
35.474,40
35.476,40.6
35.478,47.5
35.48,55.7
35.482,62.4
35.484,65.8
35.486,65.2
35.488,60.6
35.49,52.7
35.492,42.8
35.494,37.7
35.496,38.5
35.498,45.3
35.5,53.2
35.502,60.3
35.504,63.8
35.506,62.9
35.508,58.1
35.51,50.5
35.512,41.2
35.514,36.4
35.516,37.4
35.518,44.4
35.52,53.8
35.522,60.7
35.524,64.3
35.526,64.3
35.528,59.4
35.53,52.3
35.532,42.8
35.534,38.7
35.536,39.3
35.538,46.8
35.54,55.4
35.542,62
35.544,65.7
35.546,64.8
35.548,60.3
35.55,52.7
35.552,43.4
35.554,39.1
35.556,39.9
35.558,47.6
35.56,56.1
35.562,63.4
35.564,66.7
35.566,66.4
35.568,61.6
35.57,54.1
35.572,45.4
35.574,41.2
35.576,42.2
35.578,49.3
35.58,58.3
35.582,65
35.584,68.2
35.586,68.5
35.588,63.6
35.59,56.7
35.592,47.9
35.594,43.9
35.596,45.2
35.598,52.6
35.6,61.9
35.602,68.9
35.604,72.3
35.606,72.2
35.608,68.2
35.61,61.1
35.612,52.7
35.614,49.4
35.616,50.6
35.618,58.7
35.62,68
35.622,75.6
35.624,79.1
35.626,79.9
35.628,76.1
35.63,69.6
35.632,61.8
35.634,58.6
35.636,61
35.638,69
35.64,78.9
35.642,86.6
35.644,90.4
35.646,91.9
35.648,87.7
35.65,82.2
35.652,74.3
35.654,72.2
35.656,74
35.658,82.2
35.66,92.2
35.662,99.7
35.664,104
35.666,106
35.668,103
35.67,97
35.672,88.6
35.674,85
35.676,86.8
35.678,94
35.68,103
35.682,109
35.684,111
35.686,110
35.688,104
35.69,96
35.692,86.5
35.694,81
35.696,80.7
35.698,85.2
35.7,91.2
35.702,94.3
35.704,94.1
35.706,91.2
35.708,83.6
35.71,74.3
35.712,63.5
35.714,56.8
35.716,55.1
35.718,58.2
35.72,63.2
35.722,65.2
35.724,64.7
35.726,61.3
35.728,54.1
35.73,45
35.732,35.1
35.734,30
35.736,29
35.738,33.5
35.74,38.7
35.742,42.7
35.744,44.3
35.746,42.8
35.748,38.3
35.75,31.6
35.752,24.5
35.754,21.5
35.756,22.7
35.758,29.3
35.76,37.1
35.762,42.4
35.764,45.8
35.766,46.3
35.768,43.4
35.77,38.8
35.772,32.9
35.774,31.2
35.776,33.9
35.778,40.3
35.78,48.7
35.782,54.8
35.784,58.2
35.786,58.8
35.788,56.2
35.79,51.3
35.792,45.7
35.794,43.8
35.796,45.9
35.798,52
35.8,59.4
35.802,64.8
35.804,67.3
35.806,67.1
35.808,64.1
35.81,58.5
35.812,52.3
35.814,49.4
35.816,50.8
35.818,56.5
35.82,63
35.822,67.9
35.824,69.8
35.826,68.9
35.828,64.9
35.83,59.1
35.832,51.7
35.834,48.7
35.836,49.4
35.838,54.3
35.84,60.7
35.842,64.3
35.844,65.5
35.846,63.7
35.848,58.9
35.85,52.1
35.852,43.6
35.854,39.9
35.856,39.5
35.858,43.6
35.86,48.3
35.862,51.6
35.864,51.8
35.866,49.4
35.868,43.9
35.87,36.4
35.872,28.6
35.874,24
35.876,24.6
35.878,29.5
35.88,34.9
35.882,39
35.884,40.8
35.886,39.9
35.888,36.4
35.89,31.4
35.892,25.2
35.894,23.7
35.896,26.9
35.898,34.1
35.9,42.9
35.902,50.3
35.904,55.2
35.906,57.4
35.908,56.2
35.91,53.9
35.912,49.9
35.914,50.9
35.916,55.7
35.918,64.8
35.92,74.8
35.922,83.1
35.924,88.2
35.926,90.3
35.928,89.4
35.93,85.4
35.932,80.7
35.934,79.9
35.936,83.6
35.938,91.2
35.94,99.4
35.942,106
35.944,108
35.946,108
35.948,105
35.95,99.5
35.952,92.6
35.954,90.2
35.956,91.7
35.958,97.2
35.96,104
35.962,108
35.964,110
35.966,109
35.968,104
35.97,97.1
35.972,88.3
35.974,85.4
35.976,85.7
35.978,91
35.98,97.4
35.982,101
35.984,102
35.986,100
35.988,95.5
35.99,88.2
35.992,79.8
35.994,76.2
35.996,76.6
35.998,81.9
36,88.2
36.002,92.3
36.004,93.3
36.006,91.6
36.008,86.3
36.01,79
36.012,71
36.014,67.3
36.016,68.2
36.018,73.6
36.02,80.1
36.022,84.3
36.024,85.5
36.026,84.4
36.028,78.9
36.03,72.2
36.032,63.8
36.034,60.4
36.036,61.5
36.038,66.9
36.04,73.3
36.042,77.7
36.044,78.9
36.046,76.8
36.048,71.9
36.05,64.6
36.052,55.5
36.054,52.5
36.056,52.8
36.058,58.7
36.06,65
36.062,69.6
36.064,69.9
36.066,67.8
36.068,62.4
36.07,53.2
36.072,44.9
36.074,40.6
36.076,41
36.078,46.1
36.08,52.4
36.082,56
36.084,55.9
36.086,53.3
36.088,46.5
36.09,37.3
36.092,27.8
36.094,23
36.096,23.1
36.098,28.4
36.1,35.3
36.102,38.7
36.104,39.8
36.106,37.1
36.108,31.1
36.11,22.2
36.112,13.6
36.114,10.9
36.116,12.8
36.118,19.7
36.12,29.1
36.122,35.5
36.124,37.3
36.126,36.4
36.128,30.2
36.13,21.5
36.132,12
36.134,8.65
36.136,10.8
36.138,18.5
36.14,27.3
36.142,33.4
36.144,34.9
36.146,33.7
36.148,27.8
36.15,18.7
36.152,9.61
36.154,6.1
36.156,7.82
36.158,16
36.16,25.4
36.162,31.1
36.164,33.5
36.166,31.7
36.168,25.9
36.17,16.5
36.172,7.38
36.174,3.94
36.176,6.04
36.178,14.4
36.18,23
36.182,29.3
36.184,31.3
36.186,30
36.188,24.3
36.19,15.3
36.192,6.48
36.194,3.17
36.196,5.59
36.198,13.7
36.2,23.1
36.202,29
36.204,31.3
36.206,30.3
36.208,24.3
36.21,16.9
36.212,7.44
36.214,4.64
36.216,7.44
36.218,15.2
36.22,24.9
36.222,30.9
36.224,33.4
36.226,32.1
36.228,27
36.23,18.7
36.232,10.2
36.234,7.76
36.236,10.4
36.238,19.2
36.24,28.1
36.242,34.4
36.244,37.3
36.246,36.4
36.248,31.4
36.25,24
36.252,16.5
36.254,14.3
36.256,17.9
36.258,26.5
36.26,36.6
36.262,44.5
36.264,48.4
36.266,49.6
36.268,47.2
36.27,42.5
36.272,37.5
36.274,38.8
36.276,45.2
36.278,56.6
36.28,69.3
36.282,80
36.284,86.6
36.286,89.8
36.288,88.9
36.29,84.7
36.292,80.4
36.294,80.3
36.296,84.3
36.298,93.1
36.3,100
36.302,106
36.304,106
36.306,102
36.308,92.6
36.31,79.7
36.312,66.5
36.314,57.6
36.316,53.1
36.318,53.1
36.32,53.8
36.322,52.5
36.324,48.7
36.326,42.4
36.328,32.9
36.33,23.6
36.332,14.4
36.334,12.2
36.336,16.1
36.338,26
36.34,39.1
36.342,49.8
36.344,59
36.346,65.1
36.348,68.4
36.35,69.3
36.352,69.9
36.354,74.5
36.356,82.5
36.358,93.7
36.36,104
36.362,110
36.364,111
36.366,110
36.368,105
36.37,97
36.372,88.5
36.374,84.1
36.376,85.3
36.378,90.7
36.38,96.4
36.382,101
36.384,101
36.386,98.9
36.388,92.7
36.39,84
36.392,75.6
36.394,72.1
36.396,72.9
36.398,78.5
36.4,84.3
36.402,88
36.404,89
36.406,85.7
36.408,78.8
36.41,69.8
36.412,60.8
36.414,56.6
36.416,57.3
36.418,62.8
36.42,67.8
36.422,71.4
36.424,71.4
36.426,67.8
36.428,60.1
36.43,49.6
36.432,40.1
36.434,34.7
36.436,34.8
36.438,39.6
36.44,44.9
36.442,47.8
36.444,47.5
36.446,43.6
36.448,36
36.45,26.5
36.452,17.3
36.454,14
36.456,16.2
36.458,23.9
36.46,32.2
36.462,38.8
36.464,43.4
36.466,44.7
36.468,43.4
36.47,41
36.472,39.6
36.474,43.8
36.476,53.9
36.478,69.8
36.48,84.7
36.482,97.8
36.484,105
36.486,108
36.488,105
36.49,97.6
36.492,87.3
36.494,80
36.496,76.2
36.498,75.1
36.5,73.4
36.502,68.2
36.504,60.6
36.506,50.3
36.508,37.8
36.51,25.3
36.512,15.9
36.514,14
36.516,18.5
36.518,28.8
36.52,39.2
36.522,47.1
36.524,51.5
36.526,52.1
36.528,49
36.53,43.4
36.532,37.8
36.534,37
36.536,42
36.538,50.9
36.54,59.6
36.542,66.4
36.544,69.6
36.546,69
36.548,64.7
36.55,58.9
36.552,52.1
36.554,51.2
36.556,55.9
36.558,64.1
36.56,73.6
36.562,79.5
36.564,82.7
36.566,81.7
36.568,77.5
36.57,70.7
36.572,62.9
36.574,61
36.576,64.7
36.578,73
36.58,82.2
36.582,88.9
36.584,91.8
36.586,90.9
36.588,86.1
36.59,77.8
36.592,70.7
36.594,68.6
36.596,72.9
36.598,82
36.6,91.7
36.602,98.2
36.604,101
36.606,99.6
36.608,94.6
36.61,86.6
36.612,79.1
36.614,77.4
36.616,81.9
36.618,90.3
36.62,99.6
36.622,105
36.624,107
36.626,106
36.628,99
36.63,90.1
36.632,81.2
36.634,78.2
36.636,80.3
36.638,88
36.64,95.6
36.642,99.9
36.644,100
36.646,97.1
36.648,89.2
36.65,78.2
36.652,68.5
36.654,63.4
36.656,64.7
36.658,69.9
36.66,75.9
36.662,78.1
36.664,76.7
36.666,71.5
36.668,62.3
36.67,50.5
36.672,39.8
36.674,34.6
36.676,35.4
36.678,41
36.68,47.1
36.682,49.2
36.684,48.2
36.686,43.3
36.688,35.2
36.69,23.5
36.692,14.3
36.694,9.67
36.696,11.8
36.698,19.5
36.7,28.3
36.702,37
36.704,39.6
36.706,36.3
36.708,26.3
36.71,13
36.712,1.39
36.714,-1.93
36.716,14.7
36.718,25.6
36.72,37
36.722,45.7
36.724,51.1
36.726,52.5
36.728,50.1
36.73,46
36.732,42.7
36.734,44.1
36.736,51.4
36.738,62.8
36.74,75
36.742,83.8
36.744,89.3
36.746,90.1
36.748,86.8
36.75,81.3
36.752,76.1
36.754,75.6
36.756,80.4
36.758,89.9
36.76,98.7
36.762,104
36.764,105
36.766,103
36.768,96.4
36.77,88.2
36.772,80.8
36.774,78.2
36.776,82.2
36.778,89.2
36.78,97.1
36.782,101
36.784,103
36.786,101
36.788,94.5
36.79,87
36.792,79.4
36.794,76.9
36.796,79.4
36.798,85.9
36.8,91.7
36.802,95.6
36.804,96.3
36.806,92.8
36.808,86.4
36.81,77.8
36.812,69.9
36.814,66.4
36.816,68.3
36.818,74
36.82,78.9
36.822,81.8
36.824,81.7
36.826,78.9
36.828,72.3
36.83,64.3
36.832,56.8
36.834,54.1
36.836,56.8
36.838,62.2
36.84,67.9
36.842,71.2
36.844,71.6
36.846,68.8
36.848,63.8
36.85,57.4
36.852,51
36.854,49.2
36.856,51.9
36.858,58.5
36.86,64.3
36.862,68.5
36.864,70.1
36.866,67.7
36.868,63.4
36.87,56.3
36.872,51.1
36.874,50
36.876,53.1
36.878,59.3
36.88,64.7
36.882,68.9
36.884,69.4
36.886,67.5
36.888,62.2
36.89,55
36.892,48.7
36.894,46.9
36.896,50.2
36.898,55.3
36.9,60.7
36.902,64
36.904,64.7
36.906,61.9
36.908,56.6
36.91,49.7
36.912,43.6
36.914,41.8
36.916,44.1
36.918,49.4
36.92,54.6
36.922,57.4
36.924,57.8
36.926,54.7
36.928,49.8
36.93,42.4
36.932,36.3
36.934,34
36.936,36.6
36.938,41.8
36.94,46.8
36.942,50.3
36.944,50.6
36.946,48.3
36.948,42.8
36.95,35.9
36.952,29.7
36.954,27.8
36.956,30.6
36.958,36.4
36.96,42.4
36.962,45.1
36.964,46.2
36.966,43.3
36.968,38.5
36.97,31.3
36.972,25.8
36.974,23.9
36.976,27.1
36.978,33.3
36.98,39.1
36.982,42.7
36.984,43.2
36.986,41
36.988,36
36.99,29
36.992,23.4
36.994,21.5
36.996,24.6
36.998,30.9
37,37
37.002,40.7
37.004,41.1
37.006,39.2
37.008,33.7
37.01,26.4
37.012,20.1
37.014,18.7
37.016,21.7
37.018,28.1
37.02,34.6
37.022,38.6
37.024,39.5
37.026,37.1
37.028,31.3
37.03,23.2
37.032,16.7
37.034,14.1
37.036,17
37.038,25.8
37.04,33.2
37.042,38.1
37.044,39.2
37.046,36.8
37.048,30.2
37.05,22
37.052,15.5
37.054,13.6
37.056,18.3
37.058,26.6
37.06,34.3
37.062,39
37.064,40.7
37.066,38.1
37.068,31.7
37.07,24.3
37.072,17.6
37.074,16.1
37.076,20.9
37.078,29.2
37.08,36.6
37.082,41.7
37.084,43.4
37.086,40.8
37.088,35.3
37.09,26.9
37.092,21.3
37.094,19.9
37.096,24.6
37.098,33
37.1,40.6
37.102,45.6
37.104,46.9
37.106,44.6
37.108,38.7
37.11,31.4
37.112,25.8
37.114,24.1
37.116,28.7
37.118,36.6
37.12,43.9
37.122,48.2
37.124,49.9
37.126,47.5
37.128,41.5
37.13,34.4
37.132,28.5
37.134,27.2
37.136,31.5
37.138,39.2
37.14,46
37.142,50.6
37.144,52.2
37.146,49.3
37.148,44.1
37.15,36.7
37.152,31.1
37.154,30
37.156,34.5
37.158,42.4
37.16,49.4
37.162,54
37.164,55.5
37.166,53.4
37.168,48
37.17,41
37.172,35.5
37.174,34.7
37.176,39.3
37.178,47.1
37.18,54.1
37.182,59.1
37.184,60.9
37.186,58.7
37.188,53.5
37.19,46.6
37.192,41
37.194,40.1
37.196,45
37.198,53.4
37.2,61
37.202,66.4
37.204,67.8
37.206,65.8
37.208,61.3
37.21,53.6
37.212,47.8
37.214,47.3
37.216,52.2
37.218,60.4
37.22,68.5
37.222,73.5
37.224,74.9
37.226,72.9
37.228,67.1
37.23,59.2
37.232,53.4
37.234,52.5
37.236,58.6
37.238,66.8
37.24,75.6
37.242,81.4
37.244,83
37.246,81.2
37.248,75.5
37.25,68.2
37.252,62.6
37.254,61.4
37.256,66.6
37.258,75.9
37.26,84
37.262,89.3
37.264,91.5
37.266,89.8
37.268,83.5
37.27,75.9
37.272,70.4
37.274,69.2
37.276,75
37.278,84.3
37.28,92.8
37.282,97.4
37.284,98.7
37.286,96.1
37.288,90.1
37.29,81.3
37.292,75.2
37.294,74.5
37.296,79.6
37.298,88.5
37.3,96.6
37.302,101
37.304,103
37.306,99.3
37.308,92.9
37.31,83.3
37.312,76.8
37.314,75.1
37.316,79.9
37.318,88.7
37.32,96.4
37.322,102
37.324,102
37.326,99.1
37.328,91.5
37.33,82.4
37.332,75.1
37.334,73.3
37.336,77.9
37.338,86.1
37.34,93.5
37.342,97.1
37.344,97.1
37.346,92.4
37.348,83.5
37.35,72.1
37.352,62.7
37.354,57.5
37.356,59.6
37.358,63.4
37.36,66.6
37.362,66.7
37.364,62.9
37.366,54.1
37.368,41.1
37.37,26
37.372,14.3
37.374,8.59
37.376,11.2
37.378,18.1
37.38,25.7
37.382,30.6
37.384,32.7
37.386,29.8
37.388,24.6
37.39,17.8
37.392,14.7
37.394,17.8
37.396,29.7
37.398,45.8
37.4,61
37.402,72.6
37.404,80.5
37.406,83.9
37.408,82.9
37.41,77.8
37.412,75.5
37.414,77
37.416,84.5
37.418,93.7
37.42,102
37.422,107
37.424,108
37.426,104
37.428,95.4
37.43,85.2
37.432,77.5
37.434,75.4
37.436,78.9
37.438,87.2
37.44,94.5
37.442,98
37.444,98.4
37.446,93.1
37.448,84
37.45,73.3
37.452,64.5
37.454,61.4
37.456,66.2
37.458,74.7
37.46,81
37.462,83.6
37.464,82.5
37.466,77.4
37.468,67.9
37.47,56.3
37.472,47.3
37.474,43.7
37.476,46.9
37.478,52.8
37.48,58.3
37.482,59.7
37.484,58.2
37.486,50.7
37.488,41.5
37.49,29.1
37.492,19.9
37.494,16.5
37.496,20.4
37.498,27.4
37.5,34.2
37.502,38.7
37.504,39.3
37.506,36.4
37.508,30.6
37.51,22.6
37.512,19.6
37.514,21.6
37.516,31.5
37.518,44.6
37.52,57.5
37.522,66.9
37.524,73.9
37.526,76.6
37.528,75.5
37.53,72.9
37.532,72.2
37.534,75.6
37.536,85
37.538,96.8
37.54,106
37.542,111
37.544,112
37.546,106
37.548,95.7
37.55,82.4
37.552,71.3
37.554,63.8
37.556,63.1
37.558,64
37.56,64.3
37.562,62.3
37.564,57.2
37.566,48.2
37.568,37.3
37.57,24.9
37.572,16.1
37.574,14.6
37.576,20.5
37.578,30.1
37.58,38.9
37.582,44.4
37.584,46.4
37.586,44.9
37.588,39.5
37.59,31.9
37.592,27.1
37.594,28.3
37.596,35.1
37.598,44.6
37.6,52.7
37.602,58.9
37.604,60.3
37.606,57.9
37.608,52.7
37.61,44.3
37.612,40.3
37.614,38.9
37.616,46.9
37.618,55
37.62,63.1
37.622,67.8
37.624,69.4
37.626,66.6
37.628,60.4
37.63,52.3
37.632,46.8
37.634,46.9
37.636,52.6
37.638,61.1
37.64,68.9
37.642,73.1
37.644,74.5
37.646,70.9
37.648,65
37.65,56.6
37.652,50.7
37.654,49.9
37.656,55.4
37.658,63.4
37.66,70.3
37.662,74
37.664,74.7
37.666,71.3
37.668,65
37.67,56.7
37.672,51.3
37.674,50.3
37.676,56.2
37.678,63.3
37.68,69.9
37.682,73.8
37.684,74.5
37.686,70.9
37.688,64.8
37.69,56.9
37.692,51.4
37.694,51.3
37.696,56.8
37.698,64.5
37.7,70.9
37.702,75.5
37.704,75.5
37.706,72.4
37.708,66.9
37.71,58.7
37.712,53.8
37.714,53.5
37.716,58.8
37.718,66.4
37.72,73.2
37.722,76.9
37.724,77.5
37.726,74.6
37.728,68.2
37.73,60.2
37.732,55
37.734,54.9
37.736,60.3
37.738,68.3
37.74,75
37.742,78.5
37.744,79.9
37.746,76.8
37.748,70.9
37.75,63.2
37.752,58.2
37.754,58.1
37.756,64.1
37.758,72.4
37.76,79.1
37.762,83.4
37.764,84.1
37.766,81.4
37.768,75.4
37.77,68
37.772,63.2
37.774,63.3
37.776,69.6
37.778,77.5
37.78,84.7
37.782,88.5
37.784,89.9
37.786,87
37.788,81.1
37.79,74
37.792,69.2
37.794,69.3
37.796,77.5
37.798,83.1
37.8,90.1
37.802,94.3
37.804,95.2
37.806,92.2
37.808,85.2
37.81,78.4
37.812,73.2
37.814,75.4
37.816,83.8
37.818,88.3
37.82,96
37.822,99.7
37.824,101
37.826,97.8
37.828,92.2
37.83,84.9
37.832,79.9
37.834,80.4
37.836,86.2
37.838,94.5
37.84,102
37.842,105
37.844,106
37.846,103
37.848,96.4
37.85,88.4
37.852,83.1
37.854,83.6
37.856,90.2
37.858,98
37.86,104
37.862,108
37.864,109
37.866,106
37.868,99.5
37.87,90.8
37.872,85.9
37.874,86.3
37.876,92.2
37.878,100
37.88,108
37.882,111
37.884,112
37.886,109
37.888,103
37.89,94
37.892,89
37.894,89
37.896,95
37.898,103
37.9,110
37.902,114
37.904,114
37.906,110
37.908,104
37.91,94.8
37.912,89.3
37.914,89
37.916,95.2
37.918,103
37.92,110
37.922,114
37.924,114
37.926,110
37.928,103
37.93,92.5
37.932,85.8
37.934,84.2
37.936,91
37.938,101
37.94,109
37.942,113
37.944,114
37.946,109
37.948,101
37.95,90.8
37.952,85.7
37.954,85.6
37.956,92.6
37.958,102
37.96,109
37.962,113
37.964,113
37.966,109
37.968,102
37.97,93.4
37.972,87.8
37.974,87.8
37.976,94.5
37.978,103
37.98,110
37.982,113
37.984,114
37.986,110
37.988,103
37.99,94.4
37.992,88.5
37.994,88.7
37.996,94.5
37.998,103
38,110
38.002,114
38.004,114
38.006,110
38.008,103
38.01,93
38.012,87.5
38.014,86.9
38.016,93.3
38.018,102
38.02,110
38.022,115
38.024,114
38.026,110
38.028,102
38.03,92.7
38.032,87
38.034,86.7
38.036,93.5
38.038,102
38.04,109
38.042,112
38.044,112
38.046,107
38.048,99.1
38.05,89.4
38.052,83.4
38.054,82.6
38.056,88.3
38.058,95.7
38.06,101
38.062,105
38.064,104
38.066,97.9
38.068,89.5
38.07,79
38.072,72.3
38.074,70.8
38.076,76.2
38.078,83.2
38.08,89.2
38.082,90.8
38.084,89.7
38.086,83.8
38.088,75.4
38.09,65.3
38.092,58
38.094,56.7
38.096,61.9
38.098,68.9
38.1,74.1
38.102,75.9
38.104,75
38.106,69.4
38.108,61.1
38.11,50.4
38.112,43.6
38.114,42.5
38.116,47.8
38.118,54.6
38.12,59.9
38.122,61.3
38.124,60.2
38.126,54.6
38.128,46.6
38.13,36.6
38.132,30
38.134,29.2
38.136,34.1
38.138,40.8
38.14,46.4
38.142,48.5
38.144,47
38.146,41.7
38.148,34.2
38.15,24.1
38.152,18.7
38.154,17.4
38.156,22.9
38.158,30.2
38.16,35.5
38.162,38
38.164,38.1
38.166,34.3
38.168,28.1
38.17,20
38.172,16
38.174,15.9
38.176,22.5
38.178,30.1
38.18,36.5
38.182,39.7
38.184,39.7
38.186,35.7
38.188,29.4
38.19,21.2
38.192,16.6
38.194,16.7
38.196,22.5
38.198,30.6
38.2,36.2
38.202,39.6
38.204,39.6
38.206,34.8
38.208,28.5
38.21,19.9
38.212,15
38.214,15.3
38.216,21.7
38.218,29
38.22,35.8
38.222,39.4
38.224,38.8
38.226,34.6
38.228,27.9
38.23,19.3
38.232,14.6
38.234,14.8
38.236,21.5
38.238,28.9
38.24,35.8
38.242,38.5
38.244,38.3
38.246,34.4
38.248,27.8
38.25,19.4
38.252,14.8
38.254,14.7
38.256,21.3
38.258,29.6
38.26,35.4
38.262,39.2
38.264,38.7
38.266,34.6
38.268,27.6
38.27,19.2
38.272,14.6
38.274,14.8
38.276,21.6
38.278,29.3
38.28,35.7
38.282,38.6
38.284,38.7
38.286,33.8
38.288,27.4
38.29,19
38.292,15
38.294,15.2
38.296,21.3
38.298,29.4
38.3,35.4
38.302,38.5
38.304,38.1
38.306,34
38.308,27.6
38.31,19.2
38.312,14.8
38.314,15.1
38.316,21.5
38.318,29.1
38.32,35.6
38.322,38.3
38.324,37.6
38.326,33.6
38.328,27
38.33,18.5
38.332,14.1
38.334,14.7
38.336,20.6
38.338,28.2
38.34,34.4
38.342,37.2
38.344,36.9
38.346,32.4
38.348,25.5
38.35,16.1
38.352,11.9
38.354,12
38.356,18.3
38.358,26.4
38.36,32.1
38.362,35
38.364,34.6
38.366,29.9
38.368,22.6
38.37,13.2
38.372,8.78
38.374,8.97
38.376,15.5
38.378,23.6
38.38,30.5
38.382,33.6
38.384,33.3
38.386,28.3
38.388,21.3
38.39,12.7
38.392,7.76
38.394,9.1
38.396,16.1
38.398,25.2
38.4,31.7
38.402,35.4
38.404,35.2
38.406,30.7
38.408,23.6
38.41,14.6
38.412,10.4
38.414,11.2
38.416,18.7
38.418,26.9
38.42,34.2
38.422,37.5
38.424,36.9
38.426,32.7
38.428,25.6
38.43,16.8
38.432,12.5
38.434,14.1
38.436,21.3
38.438,30.3
38.44,37.2
38.442,40.7
38.444,41.8
38.446,37.1
38.448,30.8
38.45,22.7
38.452,19.9
38.454,22.1
38.456,30.2
38.458,41.1
38.46,49.7
38.462,56.3
38.464,58.9
38.466,58.5
38.468,55.9
38.47,51.7
38.472,52.9
38.474,59.7
38.476,73.3
38.478,87.8
38.48,100
38.482,107
38.484,109
38.486,104
38.488,95
38.49,81.2
38.492,69.5
38.494,62.1
38.496,59.3
38.498,58.2
38.5,55.1
38.502,50.1
38.504,43.6
38.506,35
38.508,27.2
38.51,19.4
38.512,20.7
38.514,28.8
38.516,45.8
38.518,65
38.52,82.1
38.522,95.2
38.524,103
38.526,103
38.528,98.9
38.53,90.3
38.532,86.1
38.534,87.1
38.536,93.8
38.538,101
38.54,106
38.542,108
38.544,105
38.546,97.1
38.548,87.5
38.55,75.4
38.552,68.1
38.554,66.2
38.556,70.7
38.558,75.7
38.56,79.2
38.562,79.2
38.564,75.3
38.566,67.3
38.568,56.4
38.57,43.8
38.572,36.2
38.574,33.6
38.576,37.1
38.578,42.7
38.58,46.3
38.582,47
38.584,45.3
38.586,38.8
38.588,31.6
38.59,22.9
38.592,20.4
38.594,24
38.596,34.8
38.598,47.7
38.6,59.6
38.602,68.9
38.604,74.3
38.606,76
38.608,74.8
38.61,70.7
38.612,71.3
38.614,76.2
38.616,85.4
38.618,93.8
38.62,98.9
38.622,98.1
38.624,92.1
38.626,80.8
38.628,66.6
38.63,49.9
38.632,38.9
38.634,32.9
38.636,34.8
38.638,40.8
38.64,45
38.642,47.3
38.644,46.7
38.646,40.5
38.648,32.5
38.65,24.7
38.652,23.5
38.654,27.8
38.656,38.1
38.658,49.4
38.66,59.1
38.662,65.3
38.664,68.2
38.666,66.1
38.668,62
38.67,56.1
38.672,54.9
38.674,59.3
38.676,68.9
38.678,79.8
38.68,88.9
38.682,93.9
38.684,95.4
38.686,92.8
38.688,88.7
38.69,81.5
38.692,79.9
38.694,82.2
38.696,90.6
38.698,99.5
38.7,107
38.702,110
38.704,110
38.706,105
38.708,97.1
38.71,87.8
38.712,83
38.714,83.3
38.716,89.3
38.718,96.7
38.72,102
38.722,102
38.724,101
38.726,94
38.728,84.7
38.73,73.5
38.732,67.4
38.734,67.1
38.736,74.2
38.738,80.3
38.74,84.4
38.742,84.5
38.744,81.9
38.746,74.3
38.748,64.1
38.75,52.6
38.752,47
38.754,47
38.756,53.2
38.758,60.7
38.76,66.8
38.762,68
38.764,66.4
38.766,60.2
38.768,51.5
38.77,40.5
38.772,34.9
38.774,35
38.776,40.6
38.778,48.3
38.78,53.8
38.782,56.1
38.784,54.3
38.786,48.5
38.788,39.6
38.79,29.9
38.792,25.5
38.794,25.9
38.796,32.9
38.798,40.8
38.8,47.1
38.802,48.9
38.804,47.7
38.806,42
38.808,34.3
38.81,25.3
38.812,20.8
38.814,22
38.816,29
38.818,37.1
38.82,42.1
38.822,44.6
38.824,43.6
38.826,38.6
38.828,31.9
38.83,23.2
38.832,20.2
38.834,22.5
38.836,29.1
38.838,37.4
38.84,44.8
38.842,46.8
38.844,46.2
38.846,42.5
38.848,36.2
38.85,28.3
38.852,25.9
38.854,29
38.856,36.4
38.858,45.7
38.86,52.4
38.862,55.7
38.864,57
38.866,54
38.868,49.5
38.87,43.2
38.872,42.6
38.874,46.1
38.876,55.6
38.878,66.4
38.88,74
38.882,79.3
38.884,80.7
38.886,78.7
38.888,74.2
38.89,68.3
38.892,67.5
38.894,72.1
38.896,81.3
38.898,91.7
38.9,100
38.902,105
38.904,107
38.906,104
38.908,99.4
38.91,92.3
38.912,90.8
38.914,94
38.916,102
38.918,110
38.92,116
38.922,118
38.924,117
38.926,112
38.928,104
38.93,95.5
38.932,92.7
38.934,93.5
38.936,100
38.938,108
38.94,113
38.942,115
38.944,115
38.946,110
38.948,103
38.95,94.9
38.952,91.5
38.954,93.6
38.956,99.6
38.958,108
38.96,112
38.962,115
38.964,113
38.966,109
38.968,103
38.97,94.1
38.972,91.5
38.974,92.7
38.976,99.4
38.978,107
38.98,112
38.982,114
38.984,113
38.986,108
38.988,102
38.99,94.2
38.992,91.2
38.994,92.8
38.996,99.2
38.998,107
39,112
39.002,114
39.004,113
39.006,108
39.008,102
39.01,94.5
39.012,91.9
39.014,94
39.016,100
39.018,107
39.02,112
39.022,115
39.024,113
39.026,109
39.028,102
39.03,94.7
39.032,91.7
39.034,93.8
39.036,99.7
39.038,107
39.04,112
39.042,113
39.044,113
39.046,108
39.048,101
39.05,94
39.052,91.6
39.054,93.3
39.056,99.3
39.058,107
39.06,111
39.062,113
39.064,112
39.066,108
39.068,101
39.07,94.2
39.072,91.6
39.074,93.1
39.076,99.9
39.078,107
39.08,112
39.082,114
39.084,113
39.086,108
39.088,101
39.09,93.9
39.092,90.8
39.094,93.1
39.096,98.9
39.098,106
39.1,110
39.102,112
39.104,110
39.106,106
39.108,99.2
39.11,91.5
39.112,88
39.114,89.9
39.116,95.7
39.118,103
39.12,106
39.122,108
39.124,106
39.126,101
39.128,93.8
39.13,85.9
39.132,82.6
39.134,83.7
39.136,88.7
39.138,95.4
39.14,99
39.142,100
39.144,97.9
39.146,91.7
39.148,85.2
39.15,76.4
39.152,73.1
39.154,74
39.156,79
39.158,84.4
39.16,88.7
39.162,89.6
39.164,87.1
39.166,81.6
39.168,74.3
39.17,65.8
39.172,62.1
39.174,63.1
39.176,68.4
39.178,74.8
39.18,78.9
39.182,79.6
39.184,78
39.186,72.7
39.188,65.7
39.19,57
39.192,54.3
39.194,55.9
39.196,61.5
39.198,68.2
39.2,72.1
39.202,74
39.204,71.8
39.206,66.8
39.208,59.7
39.21,52.2
39.212,49.1
39.214,50.8
39.216,57.2
39.218,64.1
39.22,68.3
39.222,69.8
39.224,68.6
39.226,63.4
39.228,56.8
39.23,49.7
39.232,47
39.234,49.6
39.236,55.6
39.238,63.3
39.24,67.8
39.242,69.8
39.244,68.3
39.246,64.2
39.248,56.5
39.25,49.7
39.252,47.6
39.254,49.7
39.256,56.2
39.258,63.5
39.26,68.3
39.262,70.3
39.264,69
39.266,64.5
39.268,56.6
39.27,50.5
39.272,47.5
39.274,50
39.276,56.5
39.278,63.7
39.28,68.4
39.282,70.4
39.284,69
39.286,64
39.288,57.7
39.29,49.7
39.292,47.1
39.294,49.2
39.296,55.8
39.298,62.8
39.3,67.8
39.302,69.8
39.304,68
39.306,63
39.308,55.5
39.31,48.2
39.312,45.3
39.314,47
39.316,53.8
39.318,61
39.32,66
39.322,67.3
39.324,65.4
39.326,59.2
39.328,50.1
39.33,41.2
39.332,38
39.334,40.4
39.336,47.2
39.338,54.7
39.34,59
39.342,60.8
39.344,57.8
39.346,51.3
39.348,42.2
39.35,33.5
39.352,29.4
39.354,31.5
39.356,38.3
39.358,43.8
39.36,48.7
39.362,49.4
39.364,46.8
39.366,40.3
39.368,32.7
39.37,22.8
39.372,19.3
39.374,21.3
39.376,27.6
39.378,35.1
39.38,39.1
39.382,40.9
39.384,38.8
39.386,33.6
39.388,26.5
39.39,18.9
39.392,16.8
39.394,19.9
39.396,28.1
39.398,36.7
39.4,43.4
39.402,46.8
39.404,47.8
39.406,44.5
39.408,39.4
39.41,34.5
39.412,34.5
39.414,39.9
39.416,50
39.418,60.5
39.42,69.3
39.422,74.7
39.424,76.2
39.426,74.3
39.428,70.8
39.43,65.4
39.432,65.5
39.434,71
39.436,80
39.438,89.2
39.44,97.2
39.442,100
39.444,100
39.446,95.2
39.448,86.3
39.45,77.2
39.452,72.7
39.454,73.7
39.456,78.4
39.458,83.8
39.46,86.3
39.462,84.1
39.464,77.7
39.466,67.1
39.468,54.9
39.47,42.4
39.472,35.3
39.474,32.7
39.476,36
39.478,39.9
39.48,41.8
39.482,41
39.484,35.9
39.486,27.1
39.488,17
39.49,7.57
39.492,4.06
39.494,7.69
39.496,17.1
39.498,26.2
39.5,34.4
39.502,37.8
39.504,37.6
39.506,33.6
39.508,26.8
39.51,21.7
39.512,22.3
39.514,29.5
39.516,42.4
39.518,55.6
39.52,67
39.522,74.4
39.524,78.5
39.526,78.6
39.528,75.7
39.53,72
39.532,73.6
39.534,79.4
39.536,88.6
39.538,96.4
39.54,98.3
39.542,94.5
39.544,85.1
39.546,69.6
39.548,51.4
39.55,33.2
39.552,21.5
39.554,18.3
39.556,22.4
39.558,30.2
39.56,37.4
39.562,43.8
39.564,49.2
39.566,53.6
39.568,55.8
39.57,59.1
39.572,67.5
39.574,79.1
39.576,92.7
39.578,104
39.58,111
39.582,113
39.584,111
39.586,105
39.588,95.1
39.59,86.7
39.592,83.1
39.594,85
39.596,91.3
39.598,97.6
39.6,101
39.602,102
39.604,98.8
39.606,92.6
39.608,84.5
39.61,76.2
39.612,72.7
39.614,74.5
39.616,79.9
39.618,85.5
39.62,88.7
39.622,88.5
39.624,84.3
39.626,77.5
39.628,68.2
39.63,58.6
39.632,53.6
39.634,54.3
39.636,59.1
39.638,64.3
39.64,66.3
39.642,65.5
39.644,62
39.646,54.4
39.648,45.1
39.65,36.3
39.652,33
39.654,34.9
39.656,40.9
39.658,48.3
39.66,53
39.662,55.5
39.664,55.2
39.666,52
39.668,47.6
39.67,43.9
39.672,45.7
39.674,53.4
39.676,64.8
39.678,76.9
39.68,86.7
39.682,92.8
39.684,94.8
39.686,92.6
39.688,87.9
39.69,82
39.692,79.6
39.694,80.8
39.696,84
39.698,87.2
39.7,85.7
39.702,81.4
39.704,74.3
39.706,64.3
39.708,53.1
39.71,44.2
39.712,41.3
39.714,43.3
39.716,49.9
39.718,56
39.72,60.7
39.722,60.8
39.724,57.9
39.726,51.6
39.728,43.8
39.73,38.7
39.732,38.5
39.734,44.5
39.736,53.8
39.738,63.5
39.74,71.1
39.742,74.9
39.744,74.3
39.746,71.2
39.748,65.1
39.75,59.8
39.752,59.5
39.754,63.6
39.756,72.3
39.758,80.4
39.76,85.7
39.762,87.1
39.764,85.4
39.766,79.4
39.768,71.3
39.77,63.4
39.772,60.2
39.774,62.9
39.776,69
39.778,74.8
39.78,78
39.782,78
39.784,74
39.786,66.2
39.788,56.6
39.79,47.5
39.792,43.5
39.794,44.8
39.796,50.8
39.798,56.4
39.8,60
39.802,60.1
39.804,56.3
39.806,49.9
39.808,40.1
39.81,32.6
39.812,29.7
39.814,32.2
39.816,39
39.818,45.3
39.82,49.8
39.822,50.5
39.824,48.3
39.826,42.1
39.828,33.8
39.83,26.3
39.832,23.6
39.834,26.5
39.836,33.2
39.838,40.6
39.84,45
39.842,46.4
39.844,44.2
39.846,37.8
39.848,28.7
39.85,21.8
39.852,19.9
39.854,23.4
39.856,32
39.858,39.9
39.86,46
39.862,47.4
39.864,45.3
39.866,39.7
39.868,32.2
39.87,25
39.872,23.6
39.874,28.9
39.876,38.4
39.878,48.2
39.88,54.6
39.882,57.8
39.884,56.9
39.886,51.2
39.888,43.7
39.89,37
39.892,36.4
39.894,41.4
39.896,52
39.898,61.7
39.9,68.3
39.902,71.4
39.904,70.7
39.906,64.7
39.908,56
39.91,49.7
39.912,48.9
39.914,54.7
39.916,65.4
39.918,75.5
39.92,82.3
39.922,86.1
39.924,84.2
39.926,78.8
39.928,71.2
39.93,63.8
39.932,62.4
39.934,67.3
39.936,77.3
39.938,85.9
39.94,92
39.942,94.2
39.944,91.1
39.946,85.2
39.948,75.5
39.95,67.6
39.952,65.6
39.954,70.6
39.956,80.1
39.958,89.9
39.96,96.4
39.962,98.3
39.964,96.3
39.966,89.9
39.968,81.5
39.97,74.1
39.972,72.7
39.974,77.8
39.976,87.4
39.978,96.6
39.98,103
39.982,105
39.984,103
39.986,96.8
39.988,88.7
39.99,82.2
39.992,80.6
39.994,86.4
39.996,96.1
39.998,105
40,111
40.002,112
40.004,110
40.006,104
40.008,95.7
40.01,89
40.012,87.7
40.014,92
40.016,101
40.018,109
40.02,114
40.022,115
40.024,113
40.026,107
40.028,99
40.03,92.4
40.032,90.1
40.034,94.9
40.036,103
40.038,111
40.04,116
40.042,117
40.044,115
40.046,109
40.048,101
40.05,94.7
40.052,93.2
40.054,98.1
40.056,105
40.058,113
40.06,118
40.062,120
40.064,117
40.066,112
40.068,104
40.07,97.7
40.072,96.6
40.074,100
40.076,108
40.078,114
40.08,119
40.082,120
40.084,118
40.086,112
